微信,original
QQ,original
MOMO陌陌,original
QQ轻聊版,original
探探,original
有信,original
易信,original
旺信,original
钉钉,original
狼人杀,original
米聊,original
微信电话本,original
小恩爱,original
QQ HD mini,original
开心斗,original
YY约战,original
新浪微博4G版,original
TT语音,original
电话手表,original
点点虫,original
匹诺曹录音,original
TIM,original
Hello语音,original
GO短信,original
两面,original
蜂云电话,original
聊聊,original
SimSimi 小黄鸡,original
易班,original
美聊,original
聊天宝,original
tataUFO,original
碰碰交友,original
陪陪,original
狼人杀,original
剧本杀,original
贝聊家长版,original
和多号,original
吹牛,original
看准,original
秀蛋,original
你画我猜,original
PP语音,original
乐鱼,original
闺蜜圈,original
天天狼人杀,original
和飞信,original
手游语音,original
Tutu,original
Uki,original
Tiki,original
兴趣部落,original
寂寞陌生交友聊天平台,original
寻欢,original
微光,original
嗨起,original
途友,original
优课优信,original
群英会,original
露脸,original
积目,original
小主,original
小我,original
Lync通讯器,original
糖猫,original
电话邦,original
暖暖,original
电话,original
嘟嘟录音,original
Fala电话,original
怼怼,original
谁是卧底,original
咪爪,original
约宝宝,original
后宫社交,original
会玩,original
电话本,original
Summer,original
虚拟来电,original
狼人杀,original
pick语音,original
智能守护3,original
猎游陪玩比心聊天平台,original
移动集团号簿,original
悠信,original
密聊,original
弹豆,original
Peach陪趣,original
有伴,original
祝福短信,original
猎游极速版,original
代你玩,original
绯闻语音,original
HotApp热聊,original
空耳,original
安卓短信群发,original
牛哔的对话,original
蝌蚪窝,original
定位找人,original
秘密倾诉,original
贝语,original
哈哈语音,original
智能语音助理,original
甜甜语音,original
短信群发平台,original
聊呗,original
浪客,original
微信双开,original
陌答,original
一块,original
声声,original
云种养,original
Textra SMS,original
任意发语音,original
微邦,original
Google Voice,original
朗读大师,original
简简单单,original
伴游,original
唔哩星球,original
灵通,original
不就,original
JusTalk,original
嗨聊,original
凡拨,original
Spot,original
Chance,original
海抱小游戏,original
脸脸,original
滔滔对讲,original
随时约,original
夜播,original
有度即时通,original
WorldTalk,original
沃·云总机,original
优彼智能手表,original
通话录音,original
搭友,original
Truecaller,original
吱呀,original
聊吧,original
微6电话,original
久久语音,original
虚拟来电短信,original
联系人加强版,original
拨号宝,original
holoera琥珀,original
视电话,original
语音来电提醒最新版本,original
开心熊宝云电话手表,original
闲时赚钱,original
智能语音呼叫,original
中纪科技,original
密语,original
来电先生,original
QTalk,original
优舍,original
小Q同学,original
爱套路,original
绿芽短信转发微信,original
侨联通,original
麻花Talk,original
双卡双待短信通,original
奇窗,original
云通讯,original
虚拟短信,original
傲狼通信,original
不眨眼,original
M+信息,original
神指拨号,original
虚拟电话,original
HE琥珀,original
即会通云会议,original
高颜值,original
假呼叫,original
腾讯企业通,original
你的拨号器,original
信息+,original
安卓挂机短信,original
开心拨号,original
纯聊,original
沃·云电话,original
沃小号,original
兔兔玩友,original
音书,original
半边鱼,original
通话地球,original
刀锋电竞,original
e视通,original
联系人头像设置,original
啪啪语音,original
呼叫挂机,original
对对,original
快5,original
来电拦截器,original
漫话,original
电话号码,original
小U管家,original
与你,original
快拍,original
小鱼在家,original
信源豆豆,original
陌生圈,original
通话记录日历,original
华信,original
优学派电话手表,original
免费短信服务,original
短信听(国际版),original
语萌,original
恋爱话术,original
QChat,original
咔聊,original
洋葱,original
微赛狼人杀,original
WiPhone,original
财通电话,original
双享号Pro,original
呼优,original
短信自动回复,original
口令电话,original
百度输入法AI探索版,original
脸说,original
一键呼叫,original
ii语音,original
会易通,original
熊猫,original
陌生来电,original
懒人短信转发免费版,original
TT手游语音,original
通话录音 - 通话记录,original
LEDBlinker Pro,original
发信,original
秀话,original
短信通知/短信弹窗,original
瞬时对讲机,original
嘟客,original
云OA,original
一起红,original
智能语音录音,original
隐秘自动通话录音,original
震动提醒,original
Simba+ Pro统一通讯,original
陌生人的约会,original
递讯通,original
随行议,original
搜号导入通,original
LAN烂烂,original
电话短信拦截,original
拨号魔方,original
微客服,original
云拨电话,original
ddgo,original
流量雷锋,original
手机信息,original
小爱链,original
云MAS,original
子弹信息,original
滴答电话,original
恋爱话术,original
辅城,original
Simpler 拨号器,original
短信 王,original
密讯,original
心路雷达,original
北斗心信,original
语音留言,original
短信铃声,original
赫兹,original
摇摇,original
nicer - Call any Phone,original
小冤家咨询师,original
邻音,original
家长短信定位小孩,original
左右手,original
隆基泰和,original
国际通信,original
阿布视频电话,original
密友,original
文字语音分配,original
通知王,original
拨号器,original
脸Q,original
懒人短信转发简版,original
SAMIM,original
容易消声器,original
齐聊,original
黑黑,original
最安全的文本自动回复,original
Face Time Calling,original
集团管家,original
校上行,original
契小约,original
免费来电显示名称说的人,original
YLing,original
趣推理,original
来电闪灯,original
VV社交,original
Picoo短信:Picoo Messenger,original
米和贝壳,original
会见,original
阳光在线,original
盘点软件,original
通话接通录音,original
全信,original
自动电话录音,original
猎梦系统管理,original
聪明的回答,original
定时短信,original
绿色通话录音精简版,original
密讯电话,original
语音云拨号,original
手表消息,original
Excel的短信,original
行车秀秀,original
南山对讲,original
免费呼叫人姓名扬声器,original
哔咚,original
整人短信盒,original
星空聊吧,original
柠檬聊天匿名与自由,original
爱语音,original
际客,original
自动答复AutoReply,original
朵唯爱情云,original
ttkefu在线客服系统,original
中云办公,original
五行派,original
二半,original
业务电话,original
一鍵自動回复,original
手机工具,original
电子邮件信息,original
创世通,original
MO+测试版的通话和文字,original
微读,original
Sallo,original
人脉多多,original
拟人定时短信,original
嘟嘟来电,original
同仁IM,original
驴讯通,original
呀哒短信,original
稚爱,original
Eotu,original
逗帆晓雾,original
咪哆,original
智能短信备份,original
原生塑料圈,original
蜜语语音,original
学霸书包,original
桔聊-聊天约会,original
KK Dialer,original
定时消息,original
hoho,original
双享号Lite,original
Seek,original
护童星,original
大谈小辩,original
快速的联系,original
Labs,original
笨聊,original
TigerText自由私人短信应用,original
传书,original
点点通讯,original
CIB,original
98邻居,original
国搜际客,original
安信通,original
Duimy,original
秘邮,original
邮件服务,original
一度视界,original
伙伴畅聊,original
JusTalk Kids,original
9号米仓,original
小邂逅,original
和心理专家版,original
马甲App,original
甜语音,original
夺心,original
撩机,original
自动讯息,original
电力呼叫,original
歌尚小精灵,original
PlayOTO,original
遇呗,original
外咖,original
其意,original
圈里人,original
脸信,original
饭糖KOL,original
风险投,original
趣卡秀,original
浓兴社以渔社交,original
智音,original
iWaiter,original
CallVU,original
泽米,original
菲花教育,original
贝圈,original
吱吱语音,original
事信,original
晴旭,original
弹我,original
漆联天下,original
Selfie Emoji,original
Hi语音,original
