应用名称,包来源,下载链接
微信,应用宝,http://android-apps.25pp.com//fs08/2019/01/30/3/106_c5788f920a02be9f28a27ec136462d25.apk
QQ,开发者上传,http://android-apps.25pp.com//fs08/2019/01/30/3/106_8de612a0b823ac6a752f60653e76cfad.apk
MOMO陌陌,开发者上传,http://android-apps.25pp.com//fs08/2019/03/05/8/106_d6bb0c1c637fe48c3914fb8b03bbee2c.apk
QQ轻聊版,开发者上传,http://android-apps.25pp.com//fs08/2018/07/27/2/106_c90ea7228b256f6110e8ec0d06c15384.apk
探探,开发者上传,http://android-apps.25pp.com//fs08/2019/03/04/8/110_47f520b8d38b1a0ca264f6bb1e95b5a9.apk
有信,开发者上传,http://android-apps.25pp.com//fs08/2019/02/19/11/2_693206d5d39bf887040eabc3868b6150.apk
易信,开发者上传,http://android-apps.25pp.com//fs08/2019/01/24/11/2_9db96b363c0b5385b3ba97717479e0a9.apk
旺信,开发者上传,http://android-apps.25pp.com//fs08/2018/04/16/8/106_5399830cdf2000aa88c97b4ac91f6aee.apk
钉钉,开发者上传,http://android-apps.25pp.com//fs08/2019/03/05/3/110_1cf5b17b72c636c8b9d473a029f98373.apk
狼人杀,开发者上传,http://android-apps.25pp.com//fs08/2019/01/31/3/110_3b09ecbb94c18b9bf339d6231191a286.apk
米聊,开发者上传,http://android-apps.25pp.com//fs08/2019/02/22/11/106_60b844aa26544306f0b58b8a137f86c8.apk
微信电话本,开发者上传,http://android-apps.25pp.com//fs08/2018/05/10/7/2_594efc4eed6a899cb965ce4b550768a3.apk
小恩爱,开发者上传,http://android-apps.25pp.com//fs08/2019/03/05/10/110_5afcfe6224214a4847544e1f1b5860d8.apk
QQ HD mini,应用宝,http://android-apps.25pp.com//fs08/2018/12/28/2/106_c55eb7910d3780742551203abdace3c6.apk
开心斗,开发者上传,http://android-apps.25pp.com//fs08/2019/01/08/5/106_43f8a7b2a5289937dc6f88c078d5c374.apk
YY约战,开发者上传,http://android-apps.25pp.com//fs08/2019/01/02/6/110_c043f51767d88817469dd9d4a41f911c.apk
新浪微博4G版,应用宝,http://android-apps.25pp.com//fs08/2019/01/09/2/106_e3ca18e3a20eef5ea018b07d89d6fe4a.apk
TT语音,开发者上传,http://android-apps.25pp.com//fs08/2019/02/22/5/106_213def2307bedc485ddd9ad655597bd5.apk
电话手表,开发者上传,http://android-apps.25pp.com//fs08/2019/03/02/2/2_41c4e676f36bd978789723c1cd777ef1.apk
点点虫,开发者上传,http://android-apps.25pp.com//fs08/2018/02/09/5/110_a1f5808c4d088597f3cce359e5019c0c.apk
匹诺曹录音,开发者上传,http://android-apps.25pp.com//fs08/2019/03/07/6/106_d3d43338d30fd9e338c20e5afc2497db.apk
TIM,开发者上传,http://android-apps.25pp.com//fs08/2018/12/03/10/106_f393772e85faa0288c990b4d2158ee9c.apk
Hello语音,开发者上传,http://android-apps.25pp.com//fs08/2019/02/18/4/110_db0cd90bce180c2e3afc0e29016ed0ac.apk
GO短信,开发者上传,http://android-apps.25pp.com//fs08/2018/10/08/11/2_024106db58fe247802fba30394fc341d.apk
两面,开发者上传,http://android-apps.25pp.com//fs08/2018/12/25/11/2_b2899a95344a21d4e0280308694a42ae.apk
蜂云电话,开发者上传,http://android-apps.25pp.com//fs08/2017/07/20/11/106_fdc7498ee62ea141abff17bf8aa1f913.apk
聊聊,开发者上传,http://android-apps.25pp.com//fs08/2018/02/07/9/106_cdc6700352b8eca3d44ee54fe976d8d6.apk
SimSimi 小黄鸡,360,http://android-apps.25pp.com//fs08/2019/01/25/10/2_7d9f678f1e460c7d569bff04a50b54c4.apk
易班,开发者上传,http://android-apps.25pp.com//fs08/2018/12/19/6/2_7ccb83e7d72bc8b3995d82337319239d.apk
美聊,开发者上传,http://android-apps.25pp.com//fs08/2017/04/24/1/2_828799d99d40ef503d29b00f7c1a4b7a.apk
聊天宝,开发者上传,http://android-apps.25pp.com//fs08/2019/03/06/4/110_81ed8da89a7bd8b15f8b1dd9e94fcecb.apk
tataUFO,开发者上传,http://android-apps.25pp.com//fs08/2019/01/24/7/110_01f02fae5d9b7a9d154471de26dce9bd.apk
碰碰交友,开发者上传,http://android-apps.25pp.com//fs08/2018/11/07/3/110_929499955d135f79949c89ea528abdae.apk
陪陪,开发者上传,http://android-apps.25pp.com//fs08/2017/11/28/5/106_c3717e76fe53cdebe7deab89f8377b0e.apk
狼人杀,开发者上传,http://android-apps.25pp.com//fs08/2019/01/29/3/106_495189475ad9372b7a6dc8e21e6be131.apk
剧本杀,开发者上传,http://android-apps.25pp.com//fs08/2019/01/07/0/110_7e6df79512d939313edd3a4060468758.apk
贝聊家长版,开发者上传,http://android-apps.25pp.com//fs08/2019/01/22/4/2_e42e6800588c507c517dbf72d3a1d7e1.apk
和多号,开发者上传,http://android-apps.25pp.com//fs08/2019/02/27/2/2_67e7b3c2817db1ad6cf8ae348cb4325d.apk
吹牛,开发者上传,http://android-apps.25pp.com//fs08/2019/01/30/9/110_d077c7b97025a31bbf868b1aa6a115c6.apk
看准,开发者上传,http://android-apps.25pp.com//fs08/2019/03/06/11/106_9383c1d054548051ecf8582a43b9234c.apk
秀蛋,开发者上传,http://android-apps.25pp.com//fs08/2019/03/01/2/2_eb1aa54985f7d643ee20df1d0bdffb7e.apk
你画我猜,开发者上传,http://android-apps.25pp.com//fs08/2019/01/24/5/110_49cd4e5a14e9ef20d1e6546a9057de53.apk
PP语音,开发者上传,http://android-apps.25pp.com//fs08/2017/02/16/11/102_97e6dee2f5a701fb13657eeb468b1154.apk
乐鱼,开发者上传,http://android-apps.25pp.com//fs08/2019/03/05/4/110_23e864e1b689ea1451b4099fd328c111.apk
闺蜜圈,开发者上传,http://android-apps.25pp.com//fs08/2018/06/05/9/110_480cf6e2105d8aa82a2ca193071fd6a2.apk
天天狼人杀,开发者上传,http://android-apps.25pp.com//fs08/2019/03/06/2/110_29ab5bb8fb202221387c9e7173c4c06c.apk
和飞信,开发者上传,http://android-apps.25pp.com//fs08/2019/01/30/0/106_9903ef32c157980624b91318392b08d6.apk
手游语音,开发者上传,http://android-apps.25pp.com//fs08/2019/01/29/4/2_8777c429205db5baa06bfa39286b779b.apk
Tutu,开发者上传,http://android-apps.25pp.com//fs08/2018/05/03/5/106_25883a8a54a73fb20d43139d569f4004.apk
Uki,开发者上传,http://android-apps.25pp.com//fs08/2019/03/04/6/106_a506ad5486c788c1f7b259236c9e8943.apk
Tiki,开发者上传,http://android-apps.25pp.com//fs08/2019/01/25/5/106_cc5ad824bee142ee1eda2a0eadbbc11b.apk
兴趣部落,开发者上传,http://android-apps.25pp.com//fs08/2019/01/17/10/106_92dfd4aac3d8be96420d89b81f016160.apk
寂寞陌生交友聊天平台,开发者上传,http://android-apps.25pp.com//fs08/2018/06/14/10/110_b7f65aa28ed5a827f178ce8ee9bd69e7.apk
寻欢,开发者上传,http://android-apps.25pp.com//fs08/2019/02/21/7/110_6dd7f554406fed298dffd962d57f2b2f.apk
微光,开发者上传,http://android-apps.25pp.com//fs08/2019/03/06/3/2_d308d73703ebb98aa5cedaa1a750929d.apk
嗨起,开发者上传,http://android-apps.25pp.com//fs08/2017/11/20/10/110_42bdbf0e4159334b5d7036640eb62a69.apk
途友,开发者上传,http://android-apps.25pp.com//fs08/2018/09/24/1/110_53aeab855a6e9c803d6f85589573c77e.apk
优课优信,开发者上传,http://android-apps.25pp.com//fs08/2019/01/23/10/2_a2ea756c583b8711464ed0db9ef3333b.apk
群英会,开发者上传,http://android-apps.25pp.com//fs08/2018/09/03/5/110_6911fc5c7c620a20615435c3885abdf4.apk
露脸,开发者上传,http://android-apps.25pp.com//fs08/2018/01/25/3/106_089d689d5e1838bba4d5dade09f2f48a.apk
积目,开发者上传,http://android-apps.25pp.com//fs08/2019/02/20/9/2_8f6be3abcaca45f37e8b90f4f413ecc5.apk
小主,开发者上传,http://android-apps.25pp.com//fs08/2016/07/14/11/2_3632f38ff16812584fb8a8242f86d9d2.apk
小我,开发者上传,http://android-apps.25pp.com//fs08/2018/12/11/0/110_ac00e472b857e7ccac47b755964f0f49.apk
Lync通讯器,360,http://android-apps.25pp.com//fs08/2018/09/21/11/2_256d7078ac67259bb9bfb0ec8d943045.apk
糖猫,开发者上传,http://android-apps.25pp.com//fs08/2019/03/07/7/2_c919fd9b976cd98c9b732e05e3a45560.apk
电话邦,开发者上传,http://android-apps.25pp.com//fs08/2018/09/14/8/2_7349475ce63e3272930615a2609c44ab.apk
暖暖,开发者上传,http://android-apps.25pp.com//fs08/2019/01/19/9/110_81f77036e710865276a393e2e0a373e0.apk
电话,360,http://android-apps.25pp.com//fs08/2017/05/06/10/2_29e2b5611cc2608b3f042c49152685da.apk
嘟嘟录音,360,http://android-apps.25pp.com//fs08/2016/04/12/1/2_b5c1b9819fad9bc260ddb999d3c79dab.apk
Fala电话,开发者上传,http://android-apps.25pp.com//fs08/2017/10/30/5/2_48d3a83e8954ee33d62d97557a71b189.apk
怼怼,开发者上传,http://android-apps.25pp.com//fs08/2017/09/30/8/110_298606cd5fa8670617963d67a285e216.apk
谁是卧底,开发者上传,http://android-apps.25pp.com//fs08/2019/02/03/11/110_9fd66ee0969b22f8336817182c00ef7e.apk
咪爪,开发者上传,http://android-apps.25pp.com//fs08/2019/03/05/4/2_235a3d9d6092da664580239f84c8ced6.apk
约宝宝,开发者上传,http://android-apps.25pp.com//fs08/2019/02/26/2/2_838fa3a5f58d87c68c46752d8e1f2555.apk
后宫社交,开发者上传,http://android-apps.25pp.com//fs08/2018/11/30/1/116_27c834dc7046754d73a155aaf4360a20.apk
会玩,开发者上传,http://android-apps.25pp.com//fs08/2019/02/01/2/110_1fc565713dd9eff95cd0e8fc3046ec9d.apk
电话本,360,http://android-apps.25pp.com//fs08/2017/02/23/9/2_d6b66b6e05eab29a797360f530eb6282.apk
Summer,开发者上传,http://android-apps.25pp.com//fs08/2019/02/25/5/110_a9e1fb36374169823409c73548c47f68.apk
虚拟来电,开发者上传,http://android-apps.25pp.com//fs08/2019/01/03/0/110_afa808876e1111f145c2ac9413660ce0.apk
狼人杀,开发者上传,http://android-apps.25pp.com//fs08/2017/12/12/9/110_1d3cc8e9ed639d2f5c99482aa17b3257.apk
pick语音,开发者上传,http://android-apps.25pp.com//fs08/2019/02/21/4/110_4a7936b72a5bd7caa4b4a68dc83d5444.apk
智能守护3,开发者上传,http://android-apps.25pp.com//fs08/2018/12/07/9/110_f361647fcfb6798cd2852a8101842d3b.apk
猎游陪玩比心聊天平台,开发者上传,http://android-apps.25pp.com//fs08/2019/03/01/8/116_9a6b296d53008e6242058671a6fd35eb.apk
移动集团号簿,360,http://android-apps.25pp.com//fs08/2018/08/25/2/2_be5ba77dbbee2b3d772ac0b03064bfe0.apk
悠信,360,http://android-apps.25pp.com//fs08/2018/06/06/5/2_6751e70a7d8bca1cb13d5ddd54f03f0a.apk
密聊,开发者上传,http://android-apps.25pp.com//fs08/2018/08/14/6/110_4876531fbe4b04a36ef5c8ed6bde7c1f.apk
弹豆,开发者上传,http://android-apps.25pp.com//fs08/2019/01/29/6/110_88097ad58a0a80868657269923c5133c.apk
Peach陪趣,开发者上传,http://android-apps.25pp.com//fs08/2019/01/30/4/2_50870b9eab9c916d5effa3567b884903.apk
有伴,开发者上传,http://android-apps.25pp.com//fs08/2019/02/01/9/2_196f690ebc3b7c10c0f4cdc00044a12b.apk
祝福短信,开发者上传,http://android-apps.25pp.com//fs08/2019/01/23/2/2_46cfc38710f698d7adacaa88d74022f4.apk
猎游极速版,开发者上传,http://android-apps.25pp.com//fs08/2019/01/31/11/110_a598fe396d0a8083e00597d32379ee29.apk
代你玩,开发者上传,http://android-apps.25pp.com//fs08/2019/01/24/10/110_36030054dca97a5637ec912c65368721.apk
绯闻语音,开发者上传,http://android-apps.25pp.com//fs08/2019/01/27/11/106_e2716c4c8a8d2974d6a5f064f4831934.apk
HotApp热聊,开发者上传,http://android-apps.25pp.com//fs05/2016/01/26/1/2_23eb303b0a813ed46425d1a7f61728fa.apk
空耳,开发者上传,http://android-apps.25pp.com//fs08/2019/03/02/4/2_791ab83fbefc06c467c965e4ea9045b2.apk
安卓短信群发,开发者上传,http://android-apps.25pp.com//fs08/2019/02/22/2/110_698c49b1e0a333096670dec5b7022928.apk
牛哔的对话,开发者上传,http://android-apps.25pp.com//fs08/2018/04/12/1/2_f905c8d6bd8a7566d4cd0452bbdf43c7.apk
蝌蚪窝,开发者上传,http://android-apps.25pp.com//fs08/2018/11/21/7/110_384ee44663b68554af712a9bca816236.apk
定位找人,开发者上传,http://android-apps.25pp.com//fs08/2018/11/05/10/110_0f0a6a1f07639216d8eb93e7c4c7b002.apk
秘密倾诉,开发者上传,http://android-apps.25pp.com//fs08/2019/01/15/3/110_27742ca620ad73259355f70db38f66c7.apk
贝语,开发者上传,http://android-apps.25pp.com//fs08/2019/03/01/4/2_78024c36f3798637bf966899023454ba.apk
哈哈语音,开发者上传,http://android-apps.25pp.com//fs08/2019/03/04/8/110_276896be595edbb65b42ae6f53e62787.apk
智能语音助理,360,http://android-apps.25pp.com//fs08/2018/07/27/2/2_ab03ff2dcb92f0a559277de665912cbc.apk
甜甜语音,开发者上传,http://android-apps.25pp.com//fs08/2019/03/04/8/110_d7e15c015c5d7927f461c288c59bb9d1.apk
短信群发平台,开发者上传,http://android-apps.25pp.com//fs08/2019/02/13/2/110_f6b75d0f95d47aaf3b1227b553c6883f.apk
聊呗,开发者上传,http://android-apps.25pp.com//fs08/2017/09/18/1/110_6754f3a06fa5b42a4b564fa21859b1ef.apk
浪客,开发者上传,http://android-apps.25pp.com//fs08/2018/11/12/2/110_81bcf7ba21aebc26ae7a7aa8a4c0f8c5.apk
微信双开,开发者上传,http://android-apps.25pp.com//fs08/2019/01/30/2/110_7adf4b8f4993f652828b240f062e23a2.apk
陌答,开发者上传,http://android-apps.25pp.com//fs08/2019/01/28/11/110_e3e912ee2aba38777c59ea36f63eb795.apk
一块,开发者上传,http://android-apps.25pp.com//fs08/2019/02/26/0/2_bd9aa1113557de3cd9320c332c3f8316.apk
声声,开发者上传,http://android-apps.25pp.com//fs08/2019/02/19/7/110_cb607c93f75d033e29c6f40467084293.apk
云种养,开发者上传,http://android-apps.25pp.com//fs08/2018/12/12/11/2_de7179e6f26d66d707d02bfa403d59a9.apk
Textra SMS,360,http://android-apps.25pp.com//fs08/2019/02/13/3/2_090e607da82f02651019a74faaf04e6e.apk
任意发语音,豌豆荚,http://android-apps.25pp.com//fs08/2016/09/04/10/102_df3ccf2f25bf382d88dd50eb4aef93c6.apk
微邦,开发者上传,http://android-apps.25pp.com//fs08/2019/02/27/1/110_6adf7f6a6d72477a59784c012dc1e1e2.apk
Google Voice,360,http://android-apps.25pp.com//fs08/2018/12/21/11/2_00864d6abdbcca221c5298b5ca8bfc4c.apk
朗读大师,开发者上传,http://android-apps.25pp.com//fs08/2019/02/25/11/110_bbc764dc9b4d68ca86238c85972cc39b.apk
简简单单,开发者上传,http://android-apps.25pp.com//fs08/2018/12/10/7/2_8c3f248fd86a28c3f8797c680ed83baf.apk
伴游,开发者上传,http://android-apps.25pp.com//fs08/2019/02/18/1/110_df5dcc35c56a94cf241de10d0e06896c.apk
唔哩星球,开发者上传,http://android-apps.25pp.com//fs08/2019/01/29/6/2_9a3f89bf87d215150b6c0bfb07609c96.apk
灵通,开发者上传,http://android-apps.25pp.com//fs08/2018/03/10/6/2_a4c28481735626acaba8821e096de713.apk
不就,开发者上传,http://android-apps.25pp.com//fs08/2019/03/07/4/110_b03f8a6b0366548a647d9697eb78f6a5.apk
JusTalk,开发者上传,http://android-apps.25pp.com//fs08/2019/03/05/5/110_917de0dcd1f7277674e1990e08a5af3e.apk
嗨聊,开发者上传,http://android-apps.25pp.com//fs08/2019/02/16/4/2_79a3bcba8a005d6f34012aa9650d595e.apk
凡拨,开发者上传,http://android-apps.25pp.com//fs08/2018/10/11/8/110_7255f98378dbcf2d012a847f1ce14bee.apk
Spot,开发者上传,http://android-apps.25pp.com//fs08/2019/03/05/8/110_3195d5a939897f1debdf8ac9489e345b.apk
Chance,开发者上传,http://android-apps.25pp.com//fs08/2017/09/15/9/110_8834e9d928569248939610131f7a4c84.apk
海抱小游戏,开发者上传,http://android-apps.25pp.com//fs08/2018/12/18/4/110_c175b5264e71810d76d75e1e611e2457.apk
脸脸,开发者上传,http://android-apps.25pp.com//fs08/2019/02/15/2/2_cd34cd80d13b79628b017f9b842cdb71.apk
滔滔对讲,开发者上传,http://android-apps.25pp.com//fs08/2018/12/07/8/110_8d6dfbd26ff831a5f5aa1f9e1eba2688.apk
随时约,开发者上传,http://android-apps.25pp.com//fs08/2018/12/13/11/110_d8dd64a180dcf68d6f3e64535fcbb76d.apk
夜播,开发者上传,http://android-apps.25pp.com//fs08/2017/08/30/8/110_45dde6ad04517a2fca73ddac7f6af22f.apk
有度即时通,开发者上传,http://android-apps.25pp.com//fs08/2019/01/17/4/2_c72bc4c841714dc7ea46e9fae6dd6b41.apk
WorldTalk,开发者上传,http://android-apps.25pp.com//fs08/2019/02/25/2/110_c53e6462d1105913309f49c159a86d2b.apk
沃·云总机,360,http://android-apps.25pp.com//fs08/2019/01/16/3/2_85adc20c5e2559abb0158ce019b16f54.apk
优彼智能手表,开发者上传,http://android-apps.25pp.com//fs08/2018/12/05/11/110_6335bce7f41fbc59f82158ca3e986ae9.apk
通话录音,360,http://android-apps.25pp.com//fs08/2018/02/25/0/2_160a309ff74a154a4ae33c89cca22d25.apk
搭友,开发者上传,http://android-apps.25pp.com//fs08/2018/10/16/9/110_03fe6791c69fc6ca90a7b451bf412606.apk
Truecaller,360,http://android-apps.25pp.com//fs08/2018/11/30/2/2_7e0d0d8c716bebe6d1f2ec152d50cebf.apk
吱呀,360,http://android-apps.25pp.com//fs08/2019/02/24/1/2_16864244f8ebd4c87b303ed0de177521.apk
聊吧,开发者上传,http://android-apps.25pp.com//fs08/2018/01/25/7/110_3d86bf63fe275fd2012a3b5b8fec2b25.apk
微6电话,开发者上传,http://android-apps.25pp.com//fs08/2016/12/23/9/2_881b7f232805c59ccec7146125768e84.apk
久久语音,开发者上传,http://android-apps.25pp.com//fs08/2019/01/18/4/110_8078c33b3d37ae00f428a90df4460cf4.apk
虚拟来电短信,开发者上传,http://android-apps.25pp.com//fs08/2017/04/19/5/115_6a7f78855814d3b3c8d4c58e6003f714.apk
联系人加强版,360,http://android-apps.25pp.com//fs08/2018/12/02/4/2_ff02a9cc2f24139e1d8b87d3b5fc668d.apk
拨号宝,开发者上传,http://android-apps.25pp.com//fs08/2019/02/25/11/110_976f061537c4fb9a6b3900e5be65bb82.apk
holoera琥珀,开发者上传,http://android-apps.25pp.com//fs08/2018/07/18/4/2_5ff18097758552b2e688847ac18555f0.apk
视电话,开发者上传,http://android-apps.25pp.com//fs08/2018/06/28/0/110_dcb33f2263eed33517095ac88bf3974b.apk
语音来电提醒最新版本,360,http://android-apps.25pp.com//fs08/2016/12/23/6/2_4e940334799cc19c95f70f1a69e56c65.apk
开心熊宝云电话手表,开发者上传,http://android-apps.25pp.com//fs08/2018/12/05/6/110_276cd5c72929b967456e1fdb6ab81bf4.apk
闲时赚钱,开发者上传,http://android-apps.25pp.com//fs08/2019/01/18/2/110_491251ea06acdefa6a9478a0259b484c.apk
智能语音呼叫,360,http://android-apps.25pp.com//fs08/2016/04/25/0/2_46c1120fbf949729228783606c6352d6.apk
中纪科技,开发者上传,http://android-apps.25pp.com//fs08/2018/12/06/5/110_26adab74f615a5a7686e008ecedfc257.apk
密语,开发者上传,http://android-apps.25pp.com//fs08/2018/03/26/4/2_372a9419cfad0518a06984bb70a6d221.apk
来电先生,360,http://android-apps.25pp.com//fs08/2018/08/04/5/2_b5f825194f25dc76ee699fbd7d46b0b2.apk
QTalk,开发者上传,http://android-apps.25pp.com//fs08/2018/12/30/0/2_b8b1a51fdc938f4233e28c9430e0ec60.apk
优舍,开发者上传,http://android-apps.25pp.com//fs08/2018/10/23/2/110_f4bfa93ad2a923b6892c7c5db78d770c.apk
小Q同学,开发者上传,http://android-apps.25pp.com//fs08/2018/09/19/4/110_230f895a7497620561f07375cb1ed430.apk
爱套路,开发者上传,http://android-apps.25pp.com//fs08/2019/02/01/11/110_1ad5795e3d90370651f78dd174d784d9.apk
绿芽短信转发微信,开发者上传,http://android-apps.25pp.com//fs08/2018/05/20/5/2_aa991cfe63fa5ace2ddb53bfb1f08cd3.apk
侨联通,开发者上传,http://android-apps.25pp.com//fs08/2018/11/05/11/2_1442279bd0a92ddab256e2ac3911f8dc.apk
麻花Talk,开发者上传,http://android-apps.25pp.com//fs08/2018/08/16/2/2_b7959567d3823e6f8baf1636179a5c6c.apk
双卡双待短信通,360,http://android-apps.25pp.com//fs08/2018/08/05/11/2_5feef4b7f146d88094e6695d28a72184.apk
奇窗,360,http://android-apps.25pp.com//fs08/2017/04/19/5/2_5d4e04a7fe030f9b8b841653e885a562.apk
云通讯,开发者上传,http://android-apps.25pp.com//fs08/2018/07/03/0/110_1baca4ceacb98ad61b36e6e5fa09dec9.apk
虚拟短信,应用宝,http://android-apps.25pp.com//fs08/2016/05/01/1/106_79d4dd647f96529eafb3656ab52e7484.apk
傲狼通信,360,http://android-apps.25pp.com//fs08/2018/12/29/6/2_a7e584bb5381d96f7b06a6f8000cd26c.apk
不眨眼,开发者上传,http://android-apps.25pp.com//fs08/2019/03/07/5/110_d5cf5a74b77109426b501aa48c756cca.apk
M+信息,360,http://android-apps.25pp.com//fs08/2018/03/12/11/2_00a47540ec7d93332f6fcac33005b7e4.apk
神指拨号,360,http://android-apps.25pp.com//fs08/2019/01/29/11/2_56cb66b343a2228c6cbe03e882b1a074.apk
虚拟电话,开发者上传,http://android-apps.25pp.com//fs08/2018/08/24/0/110_46a9033e3a2e94d6e944e27e62660109.apk
HE琥珀,开发者上传,http://android-apps.25pp.com//fs08/2019/02/01/10/110_a7c0fc54b129c03b420e67165251333c.apk
即会通云会议,开发者上传,http://android-apps.25pp.com//fs08/2018/10/27/9/2_248811c8871fa84228d07c88955af81d.apk
高颜值,开发者上传,http://android-apps.25pp.com//fs08/2019/03/04/6/2_57958a6c046b0f42cad5ade856c4a01b.apk
假呼叫,360,http://android-apps.25pp.com//fs08/2017/10/23/4/2_a00150751da9d008483fc545d3e9d181.apk
腾讯企业通,应用宝,http://android-apps.25pp.com//fs08/2018/11/28/11/106_502788037879f58aae6c3648bc4e095d.apk
你的拨号器,360,http://android-apps.25pp.com//fs08/2018/05/08/7/2_e288104f3a5ce269c7ac891bf17689c2.apk
信息+,豌豆荚,http://android-apps.25pp.com//fs06/2016/01/30/0/102_e51cbbda0f513ceedb7f68a3169caa6a.apk
安卓挂机短信,360,http://android-apps.25pp.com//fs08/2017/03/01/10/2_6c873b816b044ba681702c2e60096300.apk
开心拨号,开发者上传,http://android-apps.25pp.com//fs08/2017/05/24/0/110_bbc944bcf42531a7a6a9ee7e7fd07609.apk
纯聊,开发者上传,http://android-apps.25pp.com//fs08/2018/05/23/9/110_4e1d259290808456bd5767a035be9c56.apk
沃·云电话,360,http://android-apps.25pp.com//fs07/2016/04/07/11/2_b19baf4978d66b13514f9748b27f4b93.apk
沃小号,开发者上传,http://android-apps.25pp.com//fs08/2018/08/22/5/110_58ed23f03ae164be6b74135504d20db8.apk
兔兔玩友,开发者上传,http://android-apps.25pp.com//fs08/2019/02/15/2/110_e528314b4558f6d313dce351eef766da.apk
音书,开发者上传,http://android-apps.25pp.com//fs08/2019/03/06/7/2_bbd7c7425c0ece1c2540dbb3fe28900f.apk
半边鱼,开发者上传,http://android-apps.25pp.com//fs08/2019/02/02/4/110_2d1a7703cae3a02045b1f9519a2d60a5.apk
通话地球,360,http://android-apps.25pp.com//fs08/2016/11/25/0/2_5714c31372ca354055064299b5f0f074.apk
刀锋电竞,开发者上传,http://android-apps.25pp.com//fs08/2019/03/04/0/2_06accf5949f97363fb9c9f88661ada77.apk
e视通,开发者上传,http://android-apps.25pp.com//fs08/2018/10/31/8/2_e018a3bbfd41ac5373a6ee4ff9f15837.apk
联系人头像设置,360,http://android-apps.25pp.com//fs08/2017/03/17/1/2_ed021901d2da119bf0e9c3862f7cd6f7.apk
啪啪语音,开发者上传,http://android-apps.25pp.com//fs08/2019/02/13/8/110_6b179f634ce9859b08ea9d917fe157e9.apk
呼叫挂机,360,http://android-apps.25pp.com//fs08/2018/02/28/4/2_7092ceb83edbb1641afb5a9f3264c4a8.apk
对对,开发者上传,http://android-apps.25pp.com//fs08/2018/12/18/9/110_d6b332c7cbb372ba84c7214af1395efa.apk
快5,豌豆荚,http://android-apps.25pp.com//fs08/2016/09/03/6/102_3cce99515fb3b08c3c3eed2daf33b115.apk
来电拦截器,开发者上传,http://android-apps.25pp.com//fs08/2017/07/26/10/110_d82cb42960c51e13c0a65275237ded12.apk
漫话,开发者上传,http://android-apps.25pp.com//fs08/2018/12/20/11/2_4d019b01f8f01cd80170fc33a7c5dcc0.apk
电话号码,豌豆荚,http://android-apps.25pp.com//fs08/2016/04/26/9/102_8b797618937189e447eaa0bc8846c2da.apk
小U管家,360,http://android-apps.25pp.com//fs08/2018/07/21/4/2_b2d2cfee9684173dc65c104e724ee76a.apk
与你,开发者上传,http://android-apps.25pp.com//fs08/2019/02/28/7/110_e76270ef8adfd2db77c47d68c6d0b78a.apk
快拍,开发者上传,http://android-apps.25pp.com//fs08/2018/06/10/4/110_52a459f17c659a5816337f4da4a8e270.apk
小鱼在家,开发者上传,http://android-apps.25pp.com//fs08/2019/03/06/0/110_a9992e5a2a889ed8b710dc9d36712f2a.apk
信源豆豆,开发者上传,http://android-apps.25pp.com//fs08/2019/01/29/11/110_6871a9ed8404c8b0d17145acadb5d190.apk
陌生圈,开发者上传,http://android-apps.25pp.com//fs08/2018/08/21/8/110_54bc825cf8c3b710b934b196f6c10162.apk
通话记录日历,应用宝,http://android-apps.25pp.com//fs04/2016/03/12/10/106_cfa802bd51d1dc2079cd66a3092a2be7.apk
华信,开发者上传,http://android-apps.25pp.com//fs08/2019/03/01/4/2_ac9fc4a4070886332f540e8a9c9e609d.apk
优学派电话手表,开发者上传,http://android-apps.25pp.com//fs08/2017/09/15/10/110_033d4d703a1ab4e15bd28e12b87cff8a.apk
免费短信服务,360,http://android-apps.25pp.com//fs08/2018/04/19/7/2_ba8ee98cb3f344af7db7fb67dae542f1.apk
短信听(国际版),360,http://android-apps.25pp.com//fs05/2016/03/13/10/2_df159719c94b54ecb724d330c811fa30.apk
语萌,开发者上传,http://android-apps.25pp.com//fs08/2019/02/28/4/110_ad48546e2119a152d8e83c575214b5f8.apk
恋爱话术,开发者上传,http://android-apps.25pp.com//fs08/2019/01/15/9/110_2079446488eada2b8128af4117bc9ba4.apk
QChat,360,http://android-apps.25pp.com//fs08/2018/11/15/3/2_de4441c6aa48465caba57da2940719f9.apk
咔聊,开发者上传,http://android-apps.25pp.com//fs08/2018/11/30/4/110_b236a2c1207af562a91c1ac7f057ec69.apk
洋葱,开发者上传,http://android-apps.25pp.com//fs08/2019/02/01/1/110_f94c96b477746bc12bacd0600d8bc429.apk
微赛狼人杀,开发者上传,http://android-apps.25pp.com//fs08/2018/08/31/0/110_58bd1fa5b95d322a829449d0c2485586.apk
WiPhone,开发者上传,http://android-apps.25pp.com//fs08/2018/08/14/2/2_a3ac2004e640f837030e1d514b628914.apk
财通电话,开发者上传,http://android-apps.25pp.com//fs08/2017/09/20/2/110_39ae20eb7a46e5d8e0d4f1cee08cbb61.apk
双享号Pro,开发者上传,http://android-apps.25pp.com//fs08/2017/11/21/8/110_c9f5655d3cec20dc226e3f58ae6e52a8.apk
呼优,开发者上传,http://android-apps.25pp.com//fs08/2018/04/16/11/2_0c25e17fc49bbc178ef6cc0cf2bb6f58.apk
短信自动回复,开发者上传,http://android-apps.25pp.com//fs08/2019/02/18/3/110_a2c0f3d4ae69cbd5dbb3c329be61d8be.apk
口令电话,开发者上传,http://android-apps.25pp.com//fs08/2019/01/11/4/110_c82b2fae111e79c26ddb149180cca0fb.apk
百度输入法AI探索版,应用宝,http://android-apps.25pp.com//fs08/2019/02/02/10/106_778bf72e0bfacd0b4408a24d8ce6c8a4.apk
脸说,开发者上传,http://android-apps.25pp.com//fs08/2019/02/20/3/110_0246ee795252aaccc44a1e3107932e2f.apk
一键呼叫,360,http://android-apps.25pp.com//fs08/2017/11/21/0/2_70dd3137c03ca8695f27924d6c07572f.apk
ii语音,开发者上传,http://android-apps.25pp.com//fs08/2019/02/28/8/110_d38cbc6201afae61d18d2211a8b91415.apk
会易通,开发者上传,http://android-apps.25pp.com//fs08/2018/12/20/11/2_408a728a335c06b8d14d07b31e836931.apk
熊猫,开发者上传,http://android-apps.25pp.com//fs08/2019/02/28/3/110_253bdba201db4102d365e811ad163614.apk
陌生来电,豌豆荚,http://android-apps.25pp.com//fs08/2016/04/26/10/102_a2abb4bc73994239a38565f2b5e6adfb.apk
懒人短信转发免费版,豌豆荚,http://android-apps.25pp.com//fs08/2016/08/22/5/102_7e22e1222539f07ddef0e2e353704c0d.apk
TT手游语音,开发者上传,http://android-apps.25pp.com//fs08/2019/02/27/6/110_cf97a67fa4d75f240ff7c08b38f8931e.apk
通话录音 - 通话记录,豌豆荚,http://android-apps.25pp.com//fs08/2016/04/27/9/102_e4ff662550f0a994e7ed8d24ad715e2e.apk
LEDBlinker Pro,360,http://android-apps.25pp.com//fs08/2016/04/12/8/2_4b1c86acf05c67d0518ae46b2f655d3c.apk
发信,开发者上传,http://android-apps.25pp.com//fs08/2018/09/30/3/110_7c5dfbb6d02f568e7de0bde3d4181b2c.apk
秀话,豌豆荚,http://android-apps.25pp.com//fs08/2016/12/23/2/102_c623b6448e0c9c6de4e742cfa3583808.apk
短信通知/短信弹窗,豌豆荚,http://android-apps.25pp.com//fs08/2016/04/25/10/102_4225181ceef768d7836a585f231bba55.apk
瞬时对讲机,360,http://android-apps.25pp.com//fs08/2018/09/22/0/2_6fd7d5a155317137ec4c35452a3b5750.apk
嘟客,开发者上传,http://android-apps.25pp.com//fs08/2018/12/14/5/110_e6e45975d3145806732b3354537a95c2.apk
云OA,豌豆荚,http://android-apps.25pp.com//fs08/2016/08/25/10/102_0c4d7d35ec85c0babcadb321b4535060.apk
一起红,开发者上传,http://android-apps.25pp.com//fs08/2019/01/21/9/110_66981e081b6bed615fb04d02d59ebc5f.apk
智能语音录音,360,http://android-apps.25pp.com//fs08/2017/10/22/5/2_74c35b7fd8e83267feae868d758e67df.apk
隐秘自动通话录音,豌豆荚,http://android-apps.25pp.com//fs08/2016/04/26/1/102_a1ca362592e8fc46b8a83d18f2f6f2b5.apk
震动提醒,360,http://android-apps.25pp.com//fs08/2018/01/31/9/2_d3f25e8a84e0eeb0a829e7cad8547ed2.apk
Simba+ Pro统一通讯,开发者上传,http://android-apps.25pp.com//fs08/2018/10/25/1/110_e9ddb18f09bbf345f2d2c03b67dd7378.apk
陌生人的约会,开发者上传,http://android-apps.25pp.com//fs08/2019/02/25/10/110_ea4385ba1fb0ff66d98ac38b66c049f8.apk
递讯通,360,http://android-apps.25pp.com//fs08/2016/12/14/7/2_5013c69a1c11ee34894e02a58c857fe8.apk
随行议,开发者上传,http://android-apps.25pp.com//fs08/2018/09/12/5/110_3f2038b5ebf742bcadf73032ae1da22b.apk
搜号导入通,360,http://android-apps.25pp.com//fs07/2016/03/22/9/2_588db5a1350e91efcb817ccc18df329f.apk
LAN烂烂,开发者上传,http://android-apps.25pp.com//fs08/2019/02/26/4/110_e720cc601f307bf70f01e1feba7cb63f.apk
电话短信拦截,豌豆荚,http://android-apps.25pp.com//fs08/2016/09/05/1/102_680ad4bf693c55735244b1f138f0c752.apk
拨号魔方,豌豆荚,http://android-apps.25pp.com//fs08/2016/08/31/4/102_017e0704c69156ae60d9403412c83970.apk
微客服,豌豆荚,http://android-apps.25pp.com//fs06/2016/01/17/2/102_fa84767d6348d07f6619e31e0a781fd8.apk
云拨电话,开发者上传,http://android-apps.25pp.com//fs08/2018/12/19/5/110_2d2d69e8d30c5ad59f4b6cb793ed8e25.apk
ddgo,开发者上传,http://android-apps.25pp.com//fs08/2018/03/20/10/110_de1774563633b4645e9e15ca13a61724.apk
流量雷锋,开发者上传,http://android-apps.25pp.com//fs08/2018/11/22/7/110_587789c064aae002a0c4e1f99a1620a4.apk
手机信息,开发者上传,http://android-apps.25pp.com//fs08/2017/09/22/7/110_3b92b822fc6903495db741d6f48f5e99.apk
小爱链,开发者上传,http://android-apps.25pp.com//fs08/2018/11/07/1/110_53b407d87051166c72099eed6b432a3f.apk
云MAS,360,http://android-apps.25pp.com//fs08/2018/11/08/9/2_5e42b3d6717a91f270d6c3d463ab6d47.apk
子弹信息,开发者上传,http://android-apps.25pp.com//fs08/2018/10/29/7/2_04dea916609566c183102d95ab663b6a.apk
滴答电话,开发者上传,http://android-apps.25pp.com//fs08/2017/01/19/2/102_646d5d45f7af9ab1427e7c78ecb7ce00.apk
恋爱话术,开发者上传,http://android-apps.25pp.com//fs08/2019/01/31/1/110_e50c27c9b50cde789e1c8f7236065c0f.apk
辅城,开发者上传,http://android-apps.25pp.com//fs08/2019/02/16/4/2_a29518785ea3466ac8bc38d60f97dac5.apk
Simpler 拨号器,360,http://android-apps.25pp.com//fs08/2016/08/23/7/2_d7cafd81668aa277a574394911e09d3e.apk
短信 王,360,http://android-apps.25pp.com//fs08/2016/04/26/3/2_3f4ef14c58bd4816fe8910a4b4602c77.apk
密讯,开发者上传,http://android-apps.25pp.com//fs08/2018/02/06/6/2_0266142dc16935edce1e9ff2d119cc2f.apk
心路雷达,开发者上传,http://android-apps.25pp.com//fs08/2019/03/04/9/2_6980192d16ec8ca2dc9d04f97f7b2417.apk
北斗心信,360,http://android-apps.25pp.com//fs08/2017/03/10/9/2_22b28efcdf75ef58c71cc4cecf23f584.apk
语音留言,360,http://android-apps.25pp.com//fs08/2017/04/18/2/2_f4edd8475b76fafe4889e4fa16b4317c.apk
短信铃声,360,http://android-apps.25pp.com//fs08/2018/02/07/11/2_f9daf54686f730849aed946d0e10b8ba.apk
赫兹,开发者上传,http://android-apps.25pp.com//fs08/2019/02/22/1/110_9d9429072967cc5e8a515dd5a6c2fbf4.apk
摇摇,开发者上传,http://android-apps.25pp.com//fs08/2018/12/12/2/110_55812392b7c2753d094175dcf7309658.apk
nicer - Call any Phone,360,http://android-apps.25pp.com//fs08/2017/10/22/0/2_16da096f44442508ce64ead0b8cd3e7d.apk
小冤家咨询师,开发者上传,http://android-apps.25pp.com//fs08/2018/12/30/3/2_b3fed4a51be2de704a230a5138a01922.apk
邻音,开发者上传,http://android-apps.25pp.com//fs08/2019/01/23/6/110_459087b3b06b8aa8f0c7f8b52b2185f8.apk
家长短信定位小孩,应用宝,http://android-apps.25pp.com//fs08/2016/08/27/0/106_c3ab6b77e4294a8252e808416a5cedef.apk
左右手,开发者上传,http://android-apps.25pp.com//fs08/2019/02/18/2/110_23da51cc026f746ea42fce3a9e176658.apk
隆基泰和,360,http://android-apps.25pp.com//fs08/2018/02/01/7/2_9a5ea460b3a7b3644f21e5afe1b881f5.apk
国际通信,开发者上传,http://android-apps.25pp.com//fs08/2018/12/03/10/110_573cd487d67951d5fa74166dd60eec88.apk
阿布视频电话,360,http://android-apps.25pp.com//fs07/2016/03/28/5/2_bf53e57f2f6aed2411641f6ea06f1ffe.apk
密友,开发者上传,http://android-apps.25pp.com//fs08/2018/04/09/2/110_0b46d8c32efa8d42ccdff42b9fb8df07.apk
文字语音分配,360,http://android-apps.25pp.com//fs07/2016/03/28/11/2_390149012512cd769baa614cf682d676.apk
通知王,开发者上传,http://android-apps.25pp.com//fs08/2019/01/19/4/110_19c8988d6800c1d530b133cf7b7361ad.apk
拨号器,豌豆荚,http://android-apps.25pp.com//fs08/2016/12/20/4/102_1c9a919094994042fe9435bd6073188c.apk
脸Q,开发者上传,http://android-apps.25pp.com//fs08/2018/03/05/3/110_fd101138cd4604790c202df2cdeb7987.apk
懒人短信转发简版,开发者上传,http://android-apps.25pp.com//fs07/2016/04/04/4/2_e0b8c9bb873198ec663c46ddbf374bbf.apk
SAMIM,开发者上传,http://android-apps.25pp.com//fs08/2019/01/17/6/110_b8f1ce3d72c7e5dc5b06c644313d9c8f.apk
容易消声器,360,http://android-apps.25pp.com//fs08/2017/06/01/11/2_a7959dd1a5bbeda6c328ae17a76231a8.apk
齐聊,开发者上传,http://android-apps.25pp.com//fs08/2019/01/24/4/110_f429660624c9cc02240e8a087850490f.apk
黑黑,开发者上传,http://android-apps.25pp.com//fs08/2019/01/31/3/110_7aebc0307dbaf1657aad8e0de4097c94.apk
最安全的文本自动回复,360,http://android-apps.25pp.com//fs08/2018/08/02/10/2_93326b5f5969c6db2883e1a00da879c9.apk
Face Time Calling,豌豆荚,http://android-apps.25pp.com//fs08/2016/12/21/8/102_5492bd224a6431c6c680cfe61d160fa5.apk
集团管家,开发者上传,http://android-apps.25pp.com//fs08/2018/12/07/1/110_03c07dcffd3922c594e37d14dc897426.apk
校上行,开发者上传,http://android-apps.25pp.com//fs08/2018/09/17/2/110_debf6701b305fc2569bfc724ae7cb51d.apk
契小约,开发者上传,http://android-apps.25pp.com//fs08/2018/12/13/11/110_acc4ea222052e3c72638570b300a6ade.apk
免费来电显示名称说的人,豌豆荚,http://android-apps.25pp.com//fs08/2016/04/27/6/102_20137313bb2d5038e7b41b88820d31b8.apk
YLing,360,http://android-apps.25pp.com//fs08/2017/12/27/1/2_03e0b546000cdfe5d9c3c96593aa4b5e.apk
趣推理,开发者上传,http://android-apps.25pp.com//fs08/2018/11/20/7/117_bd425fa24080c032e59a344112e1efea.apk
来电闪灯,开发者上传,http://android-apps.25pp.com//fs08/2018/11/23/10/110_2ca8b158bf3e401f25f75ee1c3de0ebd.apk
VV社交,开发者上传,http://android-apps.25pp.com//fs08/2018/04/12/6/110_f2b0bbf7b319e1a15e0d2b0118ea4e45.apk
Picoo短信:Picoo Messenger,豌豆荚,http://android-apps.25pp.com//fs08/2016/09/04/4/102_0b99538b8c55816001c9d4c2ef4c0e0e.apk
米和贝壳,开发者上传,http://android-apps.25pp.com//fs08/2018/05/16/6/110_ff4318bda9192b04081d674a9ea8fdf1.apk
会见,开发者上传,http://android-apps.25pp.com//fs08/2019/01/25/1/110_09b9a7d6a320acb9995ec24a5b519238.apk
阳光在线,豌豆荚,http://android-apps.25pp.com//fs08/2016/09/05/2/102_dfc8579fb04ba213efcf079e0f063927.apk
盘点软件,开发者上传,http://android-apps.25pp.com//fs08/2017/12/21/9/110_7daf977db7dcbb44877b6ed8c08a3cea.apk
通话接通录音,豌豆荚,http://android-apps.25pp.com//fs08/2016/04/26/10/102_1db08f6b9997b78de4af2e41c8850877.apk
全信,豌豆荚,http://android-apps.25pp.com//fs08/2016/09/01/6/102_b380b2b9eb1a7a7ee8f6b74bddaac2e5.apk
自动电话录音,360,http://android-apps.25pp.com//fs08/2016/07/08/5/2_b89c736de65d6ef4df1d467bad0375a8.apk
猎梦系统管理,开发者上传,http://android-apps.25pp.com//fs08/2017/03/21/4/110_9ea2d394b1f52b43426440c12489c1dc.apk
聪明的回答,360,http://android-apps.25pp.com//fs08/2018/07/13/1/2_ea0bb2b1340c4f1fc7c3becd5fae66f1.apk
定时短信,开发者上传,http://android-apps.25pp.com//fs08/2016/10/08/7/110_2880d19619d0aba8dd1c34b6bf8d8378.apk
绿色通话录音精简版,豌豆荚,http://android-apps.25pp.com//fs08/2016/04/27/5/102_3dcd1522818524cac5d312735b1462a9.apk
密讯电话,开发者上传,http://android-apps.25pp.com//fs08/2016/05/12/0/2_d811ee14109ceac2f58e2765260e662a.apk
语音云拨号,开发者上传,http://android-apps.25pp.com//fs08/2017/07/14/8/110_58f389bddb6d55a48f0930341ded6753.apk
手表消息,360,http://android-apps.25pp.com//fs08/2019/01/09/9/2_d38d72dca552d2ab5bfcfbba71d75488.apk
Excel的短信,360,http://android-apps.25pp.com//fs08/2018/06/11/9/2_5308dae28e6fcbecfe82031c8059e97e.apk
行车秀秀,开发者上传,http://android-apps.25pp.com//fs08/2017/03/07/0/110_abcaf12cb57fbb81c72b5e70de32567e.apk
南山对讲,开发者上传,http://android-apps.25pp.com//fs08/2019/02/13/7/110_60b6cf6d5d0dcea04054a0be75448827.apk
免费呼叫人姓名扬声器,360,http://android-apps.25pp.com//fs08/2016/04/26/10/2_16b7b9ef45b132364189b3f6a24ade1c.apk
哔咚,开发者上传,http://android-apps.25pp.com//fs08/2018/12/20/4/2_f257adcb1ebcde5a3c567dd9d5e5c0c4.apk
整人短信盒,豌豆荚,http://android-apps.25pp.com//fs08/2016/04/25/3/102_74412cb3b2136bfef1615d4bb6a6418f.apk
星空聊吧,开发者上传,http://android-apps.25pp.com//fs08/2018/12/25/6/110_0660629cce4b528746400368cb1041df.apk
柠檬聊天匿名与自由,豌豆荚,http://android-apps.25pp.com//fs08/2016/04/22/4/102_cfcdee7eb55ce3e704f484afa9c9ea10.apk
爱语音,豌豆荚,http://android-apps.25pp.com//fs08/2016/09/04/2/102_174c2021bebdd9415609818e8d5415b7.apk
际客,开发者上传,http://android-apps.25pp.com//fs08/2019/01/30/10/2_3f4a99200f16d8a04a1cff6cfd4ae0ff.apk
自动答复AutoReply,360,http://android-apps.25pp.com//fs06/2016/02/13/1/2_8cc496b1afd1b832fc475e2c02d351a7.apk
朵唯爱情云,豌豆荚,http://android-apps.25pp.com//fs08/2016/04/27/2/102_dc6eb291cf28228a2a8dd446871e1f66.apk
ttkefu在线客服系统,开发者上传,http://android-apps.25pp.com//fs08/2018/12/13/2/2_3db4bfe3c9e3fbf318363d4126e286d4.apk
中云办公,360,http://android-apps.25pp.com//fs08/2018/07/07/9/2_246f0d1222cd0e17ac178053c3072122.apk
五行派,360,http://android-apps.25pp.com//fs08/2017/02/10/6/2_5218f4156964073461da99a12244cd22.apk
二半,开发者上传,http://android-apps.25pp.com//fs08/2019/03/03/7/2_a854ffedf4c759efe5523379e1562b10.apk
业务电话,360,http://android-apps.25pp.com//fs08/2017/11/09/6/2_dc71235c85834480d1171e8b1e5fb764.apk
一鍵自動回复,360,http://android-apps.25pp.com//fs08/2016/04/25/2/2_13bc6f4ef3451002056d6180654665f2.apk
手机工具,360,http://android-apps.25pp.com//fs08/2016/04/26/5/2_7b65d80cd14d83df6d10f8a60608e7a7.apk
电子邮件信息,360,http://android-apps.25pp.com//fs08/2016/04/26/7/2_9c8006a84658385a30df3136989c4921.apk
创世通,豌豆荚,http://android-apps.25pp.com//fs08/2016/08/31/7/102_6dbd40418a43b96e97be16bef87acded.apk
MO+测试版的通话和文字,360,http://android-apps.25pp.com//fs08/2018/11/13/5/2_b45f3f9198f6f3f2a9f45c8d7f01a9d5.apk
微读,360,http://android-apps.25pp.com//fs04/2016/03/12/11/2_6c7923aa70308441cde24b5021da9d69.apk
Sallo,应用宝,http://android-apps.25pp.com//fs08/2018/01/10/1/106_d6d1f833b21b70ba70c88ac8dfe8bfdd.apk
人脉多多,开发者上传,http://android-apps.25pp.com//fs08/2018/10/24/2/110_c05b99903a57b16b8ddf7fb4348af540.apk
拟人定时短信,豌豆荚,http://android-apps.25pp.com//fs08/2016/04/25/11/102_9d9994b85a72fd136876456bcbf8ff59.apk
嘟嘟来电,360,http://android-apps.25pp.com//fs08/2016/07/13/0/2_ffa1d40ed6e9ed5baf1754ea8a2d856a.apk
同仁IM,开发者上传,http://android-apps.25pp.com//fs08/2018/06/14/10/110_29b8d53d4c897785be2410dc54991f87.apk
驴讯通,开发者上传,http://android-apps.25pp.com//fs08/2019/02/18/9/110_474b7a4271ddbbc8c726d4065a496279.apk
呀哒短信,360,http://android-apps.25pp.com//fs08/2017/05/15/2/2_e124d29ccbdd1b30328d5d5189749e2e.apk
稚爱,360,http://android-apps.25pp.com//fs08/2017/03/31/10/2_186b745e58edff49bd88aadda9c6ac19.apk
Eotu,开发者上传,http://android-apps.25pp.com//fs08/2019/01/22/11/2_277d3847b673a3b3e427bebcf67614a4.apk
逗帆晓雾,开发者上传,http://android-apps.25pp.com//fs08/2019/01/29/1/110_25a1f1217fb3b4d08e004b8897cfb641.apk
咪哆,开发者上传,http://android-apps.25pp.com//fs08/2018/08/20/6/110_e2c546e7a75b4853a032e48dc5cad134.apk
智能短信备份,360,http://android-apps.25pp.com//fs07/2016/04/03/9/2_71b685f0b9c4a84905f380f39f093d5d.apk
原生塑料圈,开发者上传,http://android-apps.25pp.com//fs08/2018/02/24/6/2_c230566c4b155cd10df7b7176c577751.apk
蜜语语音,开发者上传,http://android-apps.25pp.com//fs08/2018/12/14/8/110_bc1f2a5211fcb1de421c38e4a4a5702b.apk
学霸书包,开发者上传,http://android-apps.25pp.com//fs08/2017/11/23/2/110_0579b9bd0b161923872ad3aca70794fd.apk
桔聊-聊天约会,开发者上传,http://android-apps.25pp.com//fs08/2018/12/06/2/110_776319e5fae39fc3442b22ec7077f35f.apk
KK Dialer,360,http://android-apps.25pp.com//fs07/2016/04/06/10/2_79c6a29ef10d6bd95a7f65221a04817c.apk
定时消息,豌豆荚,http://android-apps.25pp.com//fs08/2016/04/23/7/102_666f53152cda7e1c7b252910c25c02a0.apk
hoho,开发者上传,http://android-apps.25pp.com//fs08/2018/04/03/3/110_1fa4a15b9fad34db20ed327464398277.apk
双享号Lite,开发者上传,http://android-apps.25pp.com//fs08/2017/09/07/6/110_da4ee49ac84ad791af15bf16a24acafe.apk
Seek,开发者上传,http://android-apps.25pp.com//fs08/2018/11/20/7/110_ad5596740cb066f3fcbae871c5a3d247.apk
护童星,豌豆荚,http://android-apps.25pp.com//fs08/2016/08/25/11/102_a5679b5752f4b674bbd0900b8d3fda61.apk
大谈小辩,开发者上传,http://android-apps.25pp.com//fs08/2018/10/30/8/110_a3ab247331d0e18c311a9d923e5f1fbb.apk
快速的联系,360,http://android-apps.25pp.com//fs08/2016/04/26/10/2_42cbf019ebcf099497335c889099db0f.apk
Labs,开发者上传,http://android-apps.25pp.com//fs08/2019/02/19/2/110_ab267b8906521e08ee4ce40ddbd75cf0.apk
笨聊,开发者上传,http://android-apps.25pp.com//fs08/2018/12/28/6/110_d41e92672bb81e787b0255eaf04d0ba2.apk
TigerText自由私人短信应用,360,http://android-apps.25pp.com//fs08/2017/10/21/4/2_0e07e07863e9eff8b42d1ef8bb118906.apk
传书,360,http://android-apps.25pp.com//fs08/2017/07/17/4/2_2cb4e566e16d1c226a7e6233f43cb47f.apk
点点通讯,应用宝,http://android-apps.25pp.com//fs08/2017/07/04/11/106_dedf5ccd17e6c58f8b5e820e47e8b73b.apk
CIB,360,http://android-apps.25pp.com//fs08/2016/05/11/10/2_0a270fdf49e34a13138f3dde5e5848dc.apk
98邻居,开发者上传,http://android-apps.25pp.com//fs08/2017/08/17/3/2_f79889bf58781786f03cda843e54a7a0.apk
国搜际客,开发者上传,http://android-apps.25pp.com//fs08/2019/01/30/4/2_0f79aeae1600c8ca2a0cc956d1db628d.apk
安信通,开发者上传,http://android-apps.25pp.com//fs08/2019/02/22/10/110_71dc6822b1b4e4e96c346068aa47d3f4.apk
Duimy,开发者上传,http://android-apps.25pp.com//fs08/2018/06/25/4/110_9350b0ebea1f43a7b0d3435c916be485.apk
秘邮,开发者上传,http://android-apps.25pp.com//fs08/2019/01/09/8/110_9ddbdb7382721e48480da7f2efd4ba0e.apk
邮件服务,360,http://android-apps.25pp.com//fs08/2016/04/13/4/2_a1e5be06ce8716ae679f1175007ec74b.apk
一度视界,开发者上传,http://android-apps.25pp.com//fs08/2018/07/31/5/110_91d6a9cb926b2d54959356bc9e50de72.apk
伙伴畅聊,开发者上传,http://android-apps.25pp.com//fs08/2018/12/04/8/110_559f5f0c5044a50bb2987555d4256cd6.apk
JusTalk Kids,开发者上传,http://android-apps.25pp.com//fs08/2019/02/26/3/110_8080a202915316099c36516a0d1b25d9.apk
9号米仓,开发者上传,http://android-apps.25pp.com//fs08/2019/01/17/1/110_93cbed5d0678f7b41cc5e28fb5e73281.apk
小邂逅,开发者上传,http://android-apps.25pp.com//fs08/2019/03/07/1/2_8b9506dc8c8b8c48c32c842a0ccae2d9.apk
和心理专家版,开发者上传,http://android-apps.25pp.com//fs08/2018/11/21/11/2_bc1a99a80d557e75dacd1c1e3cabe709.apk
马甲App,开发者上传,http://android-apps.25pp.com//fs08/2018/09/30/8/110_dc0dd127375b788689f2b670e3b2e75d.apk
甜语音,开发者上传,http://android-apps.25pp.com//fs08/2018/11/26/0/110_271f9ea13b00e5a98a2a98dbde7cd8a8.apk
夺心,开发者上传,http://android-apps.25pp.com//fs08/2019/01/09/0/110_fdfbfc3dd02c3fe0b6881672317f3901.apk
撩机,开发者上传,http://android-apps.25pp.com//fs08/2019/01/23/3/110_d4f099b9a20351dfb925f1c335dfd9f8.apk
自动讯息,360,http://android-apps.25pp.com//fs08/2018/02/03/1/2_658fae19273b5ff0d2fd7c5ecf31ab07.apk
电力呼叫,360,http://android-apps.25pp.com//fs08/2018/07/27/2/2_597b88293ec2fb27f27f55283d270b1a.apk
歌尚小精灵,开发者上传,http://android-apps.25pp.com//fs08/2018/08/31/6/110_323c4ba055bb7a5349b143bf4de319c4.apk
PlayOTO,360,http://android-apps.25pp.com//fs08/2016/04/17/1/2_f24f4f87e943dfc52fc67030b7c04e49.apk
遇呗,开发者上传,http://android-apps.25pp.com//fs08/2018/09/14/3/110_81c51194bc195ef4e7456c1aa900a467.apk
外咖,开发者上传,http://android-apps.25pp.com//fs08/2018/09/04/6/110_9fb523c520ba466e9b54a20f4ba77379.apk
其意,开发者上传,http://android-apps.25pp.com//fs08/2018/08/22/9/110_2957077a1522aaab29c1ec98a01ed81a.apk
圈里人,开发者上传,http://android-apps.25pp.com//fs08/2018/10/22/8/110_d43ca28eaae0fe39183514fd70c838b2.apk
脸信,开发者上传,http://android-apps.25pp.com//fs08/2018/05/08/9/110_5a1df4e7ca0d5bfc794044c18a479cdb.apk
饭糖KOL,开发者上传,http://android-apps.25pp.com//fs08/2019/01/26/10/110_41bc2a0017f24edea4b762d19e668729.apk
风险投,开发者上传,http://android-apps.25pp.com//fs08/2018/12/26/11/110_2a44fd371a272911ab33085bfc8736b2.apk
趣卡秀,开发者上传,http://android-apps.25pp.com//fs08/2019/01/28/10/110_3c785a04d707a85f0f6ba585e0227953.apk
浓兴社以渔社交,开发者上传,http://android-apps.25pp.com//fs08/2018/09/12/0/110_5effcfcbbf3cae5489dd5c9b46cb538a.apk
智音,开发者上传,http://android-apps.25pp.com//fs08/2019/02/15/5/110_871a2b736a9a59a2fd67ecd9f669f5a9.apk
iWaiter,开发者上传,http://android-apps.25pp.com//fs08/2018/01/26/11/110_4f9811849175d2258c30b3fd2997aade.apk
CallVU,开发者上传,http://android-apps.25pp.com//fs08/2018/11/01/10/110_7c6d6913d8c187fcf6e4b53d11432e98.apk
泽米,开发者上传,http://android-apps.25pp.com//fs08/2019/02/28/5/110_5ffa32d566a5ad72afee2b2d0f879043.apk
菲花教育,开发者上传,http://android-apps.25pp.com//fs08/2019/01/30/1/110_e080ae24f7cf351bbf65a35d2a383444.apk
贝圈,开发者上传,http://android-apps.25pp.com//fs08/2019/02/26/11/110_abe2039995e945ed45e2f16867c760b0.apk
吱吱语音,开发者上传,http://android-apps.25pp.com//fs08/2019/02/01/7/2_6df05fae9ca609be8ea3932dedeb25b9.apk
事信,开发者上传,http://android-apps.25pp.com//fs08/2019/03/01/8/2_221403857a384daabccb38feeed48345.apk
晴旭,开发者上传,http://android-apps.25pp.com//fs08/2018/11/19/4/110_c93ffa1a89db48a4782c8b9fed545b56.apk
弹我,开发者上传,http://android-apps.25pp.com//fs08/2018/12/14/7/110_58b77b2817f497ade0af7a37269f0ceb.apk
漆联天下,开发者上传,http://android-apps.25pp.com//fs08/2018/12/27/11/2_f967503b68d677c460ed607c5beb1fd1.apk
Selfie Emoji,开发者上传,http://android-apps.25pp.com//fs08/2019/01/19/5/110_472766927bba8485510b2c929a9a93e0.apk
Hi语音,开发者上传,http://android-apps.25pp.com//fs08/2019/01/31/9/110_ee277c9b8644eed3b9ee1f7f01f4ee1e.apk
