可以,271
功能,184
微博,162
分享,159
手机,144
用户,139
聊天,133
交友,133
游戏,125
微信,115
视频,113
我们,111
好友,109
这里,105
图片,103
社交,103
自己,101
朋友,96
支持,94
应用,93
照片,91
生活,90
一个,85
QQ,84
找到,77
免费,76
直播,75
消息,74
信息,73
使用,73
互动,73
平台,71
体验,71
语音,71
提供,70
一起,67
软件,67
约会,65
com,62
随时随地,62
官方,61
动态,61
发现,61
轻松,60
通过,59
活动,59
一款,57
服务,57
内容,57
明星,57
更新,55
社区,55
实时,51
查看,51
美女,51
精彩,50
推荐,49
关注,46
附近,45
最新,44
问题,44
网络,44
表情,44
喜欢,43
发送,42
全新,42
一键,42
资讯,41
在线,41
声音,41
搜索,41
所有,40
提醒,40
热门,40
添加,40
真实,39
粉丝,39
客户端,39
新浪,39
快速,39
随时,38
特色,38
打造,38
文字,37
什么,37
女神,37
TA,37
有趣,37
方式,37
修复,36
APP,36
自动,36
简单,36
短信,36
沟通,36
产品,35
移动,35
选择,35
时间,35
如果,35
每天,34
知道,34
娱乐,34
记录,33
定位,33
没有,33
进行,33
兴趣,33
情侣,33
空间,33
安全,32
身边,32
一样,31
同时,31
直接,31
版本,31
评论,31
位置,31
交流,31
名片,30
Android,30
各种,30
世界,30
神器,30
不用,30
www,30
联系,30
发布,30
恋爱,30
浏览,29
多个,29
下载,29
http,29
客服,29
主要,29
模式,29
任何,29
创业,29
界面,28
宝宝,28
不再,28
专业,28
腾讯,27
就是,27
注册,27
设置,27
个性,27
帮助,27
相亲,27
专属,27
大家,26
校园,26
拥有,26
了解,26
缘分,26
中国,26
成为,26
优化,26
即可,25
上传,25
其他,25
话题,25
瞬间,25
实现,25
系统,25
时尚,25
私密,24
玩家,24
修改,24
新增,24
婚恋,23
寂寞,23
喜爱,23
礼物,23
人人,23
唱歌,23
好玩,23
方便,23
同步,22
根据,22
操作,22
认证,22
音乐,22
丰富,22
流量,22
主播,22
小伙伴,22
想要,22
便捷,22
快乐,21
需要,21
趣味,21
欢迎,21
加入,21
认识,21
风格,21
邮箱,21
Ta,21
海量,21
人气,21
以及,21
动漫,21
故事,21
还是,21
工具,21
开启,20
测试,20
搭配,20
即时,20
真人,20
登录,20
百度,20
周公,20
通知,20
头像,20
帅哥,20
群聊,20
特点,20
设计,20
不同,20
起来,20
必备,20
介绍,20
天天,19
保存,19
良仓,19
千万,19
私信,19
圈子,19
推出,19
主题,19
表白,19
无论,19
朋友圈,19
通话,19
全球,19
升级,19
超级,19
第一,18
邂逅,18
获得,18
表达,18
助手,18
拍照,18
管理,18
闹钟,18
每日,18
女生,18
别人,18
每个,18
共享,18
更加,18
还有,18
情感,18
梦境,18
时候,18
线下,17
目前,17
爱情,17
全面,17
成长,17
遇见,17
获取,17
怎么,17
异性,17
发型,17
通讯录,17
增加,17
对方,17
账号,17
创建,17
设备,17
切换,17
精准,16
点击,16
电话,16
建议,16
大神,16
显示,16
互联网,16
心情,16
App,16
手游,16
日记,16
YY,16
人生,16
福利,16
他们,16
小时,16
掌握,16
你们,16
新闻,15
超过,15
属于,15
单身,15
搭讪,15
漫画,15
基于,15
状态,15
官方网站,15
讨论,15
有缘,15
一切,15
以上,15
10,15
展示,15
起床,15
无聊,15
清新,15
都市,15
反馈,15
个人,15
定制,14
Facebook,14
玩法,14
双开,14
知识,14
贴心,14
电脑,14
现场,14
来自,14
满足,14
滤镜,14
公众,14
匹配,14
流畅,14
祝福,14
收藏,14
担心,14
乐趣,14
帐号,14
相册,14
美食,14
wifi,14
部落,14
家人,14
安装,14
智能,13
邮件,13
作品,13
XMS,13
频道,13
及时,13
学生,13
口袋,13
看到,13
点滴,13
多开,13
后台,13
能够,13
攻略,13
...,13
多人,13
公会,13
全国,13
数据,13
制作,13
无需,13
单身男女,13
问答,13
马上,13
过程,13
提示,13
之间,13
app,13
只要,13
全民,13
资料,13
全部,12
打开,12
总有,12
列表,12
分身,12
年轻人,12
距离,12
拒绝,12
消费,12
上线,12
性能,12
包括,12
结识,12
家长,12
美发,12
网站,12
其它,12
阅读,12
看看,12
商家,12
明信片,12
情况,12
吐槽,12
原创,12
无限,12
国内,12
心灵,12
惊喜,12
烦恼,12
高效,12
地方,12
专为,12
提升,12
很多,12
享受,12
潮流,12
寻找,12
贴纸,11
一次,11
收发,11
正在,11
分钟,11
男神,11
DIY,11
陌生人,11
刷新,11
you,11
文化,11
感兴趣,11
上海,11
不能,11
这么,11
Twitter,11
资源,11
同城,11
组织,11
精选,11
商品,11
装修,11
女主播,11
建立,11
周边,11
24,11
畅聊,11
宠物,11
图文,11
夜生活,11
妹子,11
清晰,11
购物,11
不停,11
心仪,11
会员,11
转发,11
保障,11
需求,11
体系,11
and,11
彼此,11
高清,11
甚至,11
环境,11
或者,11
意见,10
媒体,10
观看,10
推送,10
这个,10
新鲜,10
再也,10
心理咨询,10
意见反馈,10
进入,10
参加,10
兼职,10
邀请,10
运吧,10
闺蜜,10
cn,10
自由,10
品牌,10
才艺,10
部分,10
一体,10
身份,10
美好,10
贴图,10
专辑,10
聚会,10
提问,10
查找,10
对象,10
页面,10
真正,10
优质,10
重要,10
MSN,10
成功,10
本地,10
红包,10
表演,10
创意,10
聊天室,10
得到,10
志同道合,10
小说,10
购买,10
找对象,10
玩游戏,10
分类,10
美颜,10
现在,10
适合,10
化妆品,10
浪漫,10
带来,10
时刻,10
已经,10
经典,10
钓鱼,10
美女秀,9
编辑,9
告别,9
地理位置,9
房间,9
潮信,9
当然,9
广场,9
团队,9
云端,9
主动,9
保护,9
回复,9
随心,9
BUG,9
场景,9
剧本,9
美妆,9
最大,9
快捷,9
经验,9
对话,9
饭否,9
角色,9
无法,9
独特,9
开放,9
可能,9
非常,9
查询,9
提高,9
遇到,9
女性,9
in,9
解决,9
标签,9
美女视频,9
自定义,9
淘宝,9
火爆,9
交朋友,9
合作,9
恋人,9
隐私,9
优惠,9
老师,9
心理,9
二人,9
公司,9
是否,9
里面,9
to,9
不断,9
企业,9
众多,9
搞笑,9
电信,9
flayvr,9
装扮,9
项目,9
涂鸦,9
论坛,9
说明,9
瑞丽,9
温暖,9
奥运,8
线上,8
审核,8
星座,8
开心,8
魅力,8
开始,8
日志,8
灵感,8
一对一,8
试用,8
最好,8
weibo,8
多种,8
大众,8
温馨,8
工作,8
登陆,8
只有,8
多朋,8
广告,8
Youni,8
并且,8
亮点,8
效果,8
有人,8
改进,8
PlayStation,8
最全,8
网游,8
无缝,8
百合,8
真心话,8
美丽,8
Flipagram,8
一天,8
自我,8
宽带,8
识别,8
爱好,8
地图,8
热爱,8
商务,8
陌陌,8
志趣相投,8
00,8
完全免费,8
细节,8
可爱,8
旅行,8
17,8
二次元,8
相机,8
大量,8
告诉,8
不是,8
时光,8
打赏,8
好好,8
致力于,8
经理,8
发生,8
姐妹,8
东西,8
创作,8
感受,8
不到,8
完美,8
随机,8
凑手,8
结交,8
完整,8
设定,8
结合,8
完成,8
KTV,8
1.6,8
交易,8
偶像,8
简洁,8
机制,7
强大,7
司机,7
收到,7
精品,7
秀秀,7
萌妹,7
网信,7
挑选,7
大冒险,7
技能,7
自拍,7
爱好者,7
ta,7
点赞,7
首款,7
9158,7
一种,7
那些,7
配货,7
支付,7
甜蜜,7
新闻资讯,7
牙牙,7
孤单,7
而且,7
准确,7
壁纸,7
穿越,7
学习,7
美容,7
想法,7
安卓,7
首创,7
唯一,7
之一,7
版块,7
放心,7
虚拟,7
秀出,7
对面,7
基础,7
流行,7
一定,7
应用程序,7
内心,7
群组,7
加粉,7
聚合,7
独家,7
等待,7
能力,7
呈现,7
一句,7
最佳,7
飞信,7
存储,7
创造,7
名人,7
话费,7
关系,7
同学,7
这是,7
批量,7
零距离,7
梦想,7
然后,7
不管,7
全屏,7
摇一摇,7
中心,7
应有尽有,7
欢乐,7
互助,7
卧底,7
电竞,7
游玩,7
速度,7
bug,7
改版,7
分组,7
个人资料,7
400,7
育儿,7
连麦,7
汇集,7
家居,7
心事,7
更好,7
相关,7
艺术家,7
城市,7
积分,7
灵魂,7
高校,7
小游戏,7
关于,7
汇聚,7
对于,7
pk,7
OOXX,7
让你在,7
交友平台,7
账户,7
伙伴,7
删除,7
电影,7
相互,7
黑白,7
不仅,7
手工,7
文艺,7
土豪,7
Ami,7
群体,6
各类,6
天下,6
背景,6
同样,6
一站式,6
最热,6
品味,6
for,6
基友,6
男生,6
年度,6
神秘,6
打招呼,6
节日,6
考验,6
开发,6
通信,6
留言,6
速配,6
充满,6
映客,6
路上,6
输入,6
花粉,6
等等,6
兑换,6
Google,6
发起,6
说话,6
连接,6
条件,6
不错,6
邻居,6
精彩内容,6
梦语,6
让你能,6
匿名,6
陌生,6
点歌,6
标准,6
释放,6
快来,6
排行榜,6
从此,6
秀场,6
高颜值,6
情趣,6
旅游,6
联系方式,6
美剧,6
或是,6
百变,6
精美,6
写字,6
苹果,6
的话,6
变得,6
实用,6
微播,6
节省,6
内存,6
设计师,6
倾诉,6
亲密,6
排行,6
叫醒,6
不要,6
平板,6
绿色,6
逃离,6
弹幕,6
联系人,6
演绎,6
尽情,6
100,6
定时,6
每次,6
语言,6
陪伴,6
it,6
笑话,6
完全,6
全方位,6
创新,6
任务,6
按钮,6
商店,6
特权,6
崩溃,6
重新,6
通讯,6
歌手,6
缓存,6
股市,6
八卦,6
不怕,6
官网,6
消耗,6
段子,6
利用,6
形式,6
稳定性,6
诚信,6
生成,6
如此,6
技术,6
会友,6
不会,6
经历,6
首页,6
酒吧,6
礼包,6
许多,6
1.8,6
优势,6
孤独,6
妈妈,6
达人,6
核心,6
全网,6
最高,6
感觉,6
知名,6
心声,6
动画,6
专区,6
飞聊,6
保证,6
聚集,6
提出,6
尴尬,6
听到,6
特别,6
80,6
签名,6
相投,6
如何,6
秀色,6
宝贵意见,6
出来,5
美美,5
为了,5
一段,5
连线,5
国家,5
赶紧,5
秘密,5
天书,5
网上,5
错过,5
水平,5
左右,5
美眉,5
参与,5
全世界,5
继续,5
那么,5
传达,5
深情,5
传到,5
一条,5
音频,5
万千,5
滑动,5
比邻,5
个性化,5
精心,5
国际,5
消失,5
路口,5
求助,5
只是,5
关键词,5
申请,5
出现,5
那个,5
多媒体,5
有意思,5
周围,5
要求,5
等级,5
Hello,5
寻觅,5
希望,5
2015,5
2014,5
扫描,5
画面,5
贵族,5
婚礼,5
事件,5
帅哥美女,5
聊天工具,5
机会,5
大师,5
描述,5
练字,5
创业者,5
随意,5
花田,5
组成,5
才能,5
真的,5
一些,5
拍摄,5
同时在线,5
相遇,5
领袖,5
星球,5
Instagram,5
可靠,5
一次性,5
your,5
Banjo,5
服务平台,5
文件,5
运行,5
出品,5
有缘人,5
当前,5
幸福,5
网罗,5
有限公司,5
筛选,5
辣妈,5
目标,5
婚姻,5
排解,5
下载安装,5
见面,5
诉说,5
幼儿园,5
费用,5
浏览器,5
播放,5
魔法,5
方便快捷,5
摄影,5
收集,5
掌上,5
鲜肉,5
杨幂,5
点评,5
跳舞,5
CF,5
繁琐,5
说出,5
Rela,5
老乡,5
量身,5
价格,5
模块,5
第二课堂,5
12,5
伴侣,5
女友,5
母婴,5
专注,5
性格,5
赛事,5
讯息,5
疯狂,5
网页,5
聚集地,5
交互,5
搜罗,5
Messenger,5
女王,5
所有人,5
图标,5
2000,5
30,5
萌萌,5
新鲜事,5
守护,5
技巧,5
减少,5
博客,5
大学生,5
火线,5
菜单,5
好评,5
伴奏,5
找寻,5
相同,5
好感,5
关心,5
服饰,5
时下,5
家庭,5
永不,5
倾听,5
阅后,5
屏幕,5
想不到,5
解答,5
桌面,5
on,5
模特,5
情绪,5
好物,5
定位系统,5
省钱,5
各路,5
手办,5
电台,5
录音,5
心得,5
新手,5
nice,5
权威,5
咨询,5
访问,5
分析,5
任意,5
专家,5
KK,5
心理医生,5
面对面,5
传统,5
潘,5
共同,5
刺激,5
解梦,5
隐藏,5
数据库,5
在家,4
之旅,4
90,4
居住,4
柏拉图,4
配音,4
双方,4
LOL,4
信号,4
夜店,4
Weico,4
主角,4
收入,4
by,4
这些,4
合适,4
Live,4
接收,4
折扣,4
海蜜,4
畅快,4
形象,4
即使,4
随便,4
路友,4
社交圈,4
三个,4
作为,4
Highing,4
与众不同,4
综合,4
Soul,4
阿瓦,4
比赛,4
GO,4
大全,4
万人,4
加密,4
竞赛,4
体育,4
物流,4
节约,4
桌游,4
回忆,4
互通,4
网友,4
百搭,4
对战,4
丢失,4
链接,4
爆料,4
机型,4
一直,4
世界各地,4
发表,4
组建,4
android,4
最棒,4
根本,4
指南,4
验证,4
疑问,4
节目,4
CP,4
事物,4
旨在,4
产生,4
男友,4
吸引,4
回放,4
成就,4
而言,4
走进,4
机器人,4
一下,4
迅速,4
赢取,4
最具,4
最合适,4
一伴,4
the,4
艺人,4
各大,4
上网,4
就要,4
最受,4
是不是,4
业务,4
五大,4
对手戏,4
Windows,4
联通,4
严格,4
各地,4
运营商,4
电子邮件,4
首发,4
WhatsApp,4
精确,4
助您,4
载入,4
关闭,4
集团,4
fx,4
用心,4
影视,4
产品简介,4
男女,4
最多,4
障碍,4
广泛,4
除了,4
WEFUN,4
密码,4
人脉,4
心融,4
Store,4
勾搭,4
这样,4
主机,4
实名制,4
各位,4
之后,4
货运,4
受欢迎,4
良好,4
渴望,4
今天,4
百万,4
停不下来,4
一张,4
打扰,4
打打,4
变声,4
科技,4
私人,4
messaging,4
专门,4
facebook,4
加盟,4
LBS,4
书写,4
美剧迷,4
专题,4
爱宠,4
良品,4
质量,4
一场,4
运输,4
生日,4
韩国,4
拉近,4
召唤,4
打榜,4
热点,4
此外,4
爆米花,4
net,4
联盟,4
以下,4
过滤,4
手指,4
流程,4
收钱,4
因为,4
狂欢,4
将会,4
不定期,4
开黑,4
客户,4
相片,4
交往,4
商城,4
受到,4
英雄,4
围观,4
新区,4
成员,4
参考,4
酷炫,4
比如,4
富聊,4
适用,4
联网,4
海报,4
心愿,4
年龄,4
绝对,4
Yan,4
18,4
炒股,4
We,4
评价,4
盘丝洞,4
预订,4
红娘,4
稳定,4
人群,4
装备,4
内容提要,4
逆袭,4
超多,4
罐头,4
OUT,4
翻天,4
智商,4
无趣,4
清单,4
不想,4
960,4
留住,4
艺术,4
难题,4
TFBoys,4
满满,4
在手,4
旗下,4
行业,4
现有,4
广播,4
3G,4
抽烟,4
展现,4
无广告,4
Yo,4
客服热线,4
搜狐,4
简介,4
男才女貌,4
奖品,4
导航,4
校园生活,4
针对,4
军棋,4
欣赏,4
人们,4
已有,4
哪儿,4
健康,4
答案,4
360,4
统战,4
荣获,4
感动,4
颜值,4
金币,4
新版,4
运单,4
家具,4
运动,4
首选,4
靓女,4
插件,4
先生,4
专享,4
容易,4
IT,4
逛街,4
复制,4
纹身,4
all,4
追星,4
决定,4
偶尔,4
人工,4
管家,4
海外,4
领先,4
手势,4
梦幻,4
类型,4
立即,4
立刻,4
性别,4
战绩,4
离线,4
+++,4
影响,4
成功率,4
相信,4
养殖,4
地点,4
知己,4
搞怪,4
心动,4
远程,4
最近,4
一部,4
追求,4
私聊,4
结婚,4
面前,4
档案,4
小编,4
第一名,4
新体验,4
投票,4
地址,4
内测,3
爱意,3
订阅,3
世纪,3
代购,3
拼脸,3
怦怦,3
内涵,3
95,3
want,3
乐在,3
姨妈,3
做主,3
爸爸,3
底部,3
有关,3
微商,3
闺蜜圈,3
互诉,3
团购,3
service,3
事儿,3
奇缘,3
互赠,3
日常,3
学校,3
PS4,3
打发,3
极具,3
讨论区,3
GPRS,3
萌宠,3
异常,3
想交,3
二维码,3
eico,3
汤圆,3
旋转,3
记忆,3
MM,3
MT,3
强制,3
测评,3
能手,3
Widget,3
第一款,3
角色扮演,3
生动,3
个人空间,3
计划,3
保留,3
类似,3
求职,3
xms,3
安装包,3
导入,3
封面,3
大作,3
今日,3
效率,3
吸烟,3
已读,3
好货,3
外国,3
醒来,3
with,3
变成,3
球鞋,3
幸运,3
more,3
清除,3
处理,3
优惠券,3
实名,3
构建,3
演唱会,3
超高,3
LiquidSky,3
Weico3,3
演员,3
趣事,3
顶部,3
玩玩,3
回到,3
传递,3
只想,3
数万名,3
公学堂,3
line,3
美术,3
音质,3
回归,3
轻聊版,3
冲突,3
2016,3
2013,3
最潮,3
布谷,3
套路,3
宗旨,3
订购,3
奖金,3
4000,3
苦苦,3
文本,3
备份,3
培训,3
采用,3
枯燥,3
手机号,3
包含,3
保持,3
定义,3
群友,3
近期,3
群发,3
化妆,3
大小,3
网名,3
虚假,3
pixiv,3
狼人,3
多款,3
总之,3
神兽,3
赞秒评,3
奇妙,3
香港,3
独有,3
扮演,3
报道,3
色彩,3
秘籍,3
青春,3
而生,3
一人,3
自信,3
回执,3
从未,3
至今,3
正确,3
热榜,3
围绕,3
脱口秀,3
多到,3
热线,3
举报,3
无处不在,3
集合,3
幻想,3
齐聚,3
杜绝,3
神奇,3
男士,3
武器,3
最快,3
友好,3
Web,3
PC,3
美化,3
网是,3
限制,3
充分,3
多多,3
愿意,3
护肤,3
图片库,3
发消息,3
具备,3
按照,3
打破,3
物品,3
易用,3
领赏,3
利器,3
查看器,3
热恋,3
玩图,3
饭团,3
骚扰,3
yo,3
亲友,3
深夜,3
谈天说地,3
修正,3
整合,3
圈圈,3
网红,3
玩到,3
颜色,3
pictures,3
深度,3
直播间,3
emoticons,3
省去,3
延迟,3
稿费,3
访客,3
屏蔽,3
定期,3
国内外,3
看着,3
态度,3
感谢,3
一半,3
愉悦,3
豆瓣,3
省心,3
飞传,3
iPhone,3
多么,3
700,3
滚动,3
一年,3
高富帅,3
多万,3
3158,3
深入,3
大礼,3
相识,3
赚钱,3
云盘,3
来说,3
twitter,3
杂志,3
招商,3
准备,3
UI,3
UC,3
营养,3
炫酷,3
两种,3
不留,3
来电,3
录歌,3
开发者,3
和谐,3
兼容,3
投资,3
极速,3
摆脱,3
彰显,3
怦然心动,3
冒泡,3
全场,3
80%,3
互传,3
结构,3
发到,3
骑行,3
DNF,3
综艺,3
经济,3
交到,3
几十万,3
联络,3
风采,3
共同爱好,3
绝密,3
模型,3
此刻,3
15,3
珍藏,3
无障碍,3
新奇,3
开通,3
它们,3
大本营,3
预览,3
特效,3
伊对,3
夜间,3
熟人,3
经期,3
人才,3
等你拿,3
引约,3
配对,3
优秀,3
每月,3
上面,3
字帖,3
大赛,3
送礼,3
主页,3
不敢,3
5000,3
控制,3
决策,3
精致,3
辅助,3
联手,3
两步,3
20,3
毕业,3
29,3
小区,3
火热,3
kk,3
发短信,3
挖掘,3
启用,3
垂直,3
密聊,3
心结,3
无论是,3
Vellamo,3
恩爱,3
插画,3
2003,3
编发,3
所以,3
源源不断,3
预产期,3
草根,3
忧伤,3
到手,3
sina,3
年轻,3
犹豫,3
覆盖,3
心理健康,3
记账,3
地区,3
礼品,3
脱单,3
白名单,3
白领,3
准妈妈,3
ni,3
家族,3
关怀,3
更换,3
以前,3
在线视频,3
手机游戏,3
人物,3
兴趣爱好,3
原来,3
难道,3
详情,3
品质,3
黑卡,3
战场,3
有富友,3
送礼物,3
4G,3
Steam,3
治愈,3
高手,3
吃饭,3
就业,3
退出,3
宜兴,3
花费,3
青年,3
解决方案,3
即时通讯,3
好身材,3
资料库,3
度过,3
行程,3
到底,3
理想,3
犀利,3
陆续,3
Heart,3
姿势,3
时代,3
出自,3
心中,3
感到,3
每位,3
采集,3
小窝,3
认为,3
一路,3
整体,3
室内,3
永久,3
豪礼,3
甜甜,3
整个,3
玩转,3
100%,3
简约,3
不如,3
荣誉,3
重复,3
失败,3
入驻,3
It,3
歌声,3
of,3
邀约,3
找回,3
限量,3
种草,3
gexing,3
商户,3
一目了然,3
价值,3
解析,3
驴友,3
痕迹,3
领取,3
人性化,3
启发,3
忘记,3
众人,3
聊天记录,3
htc,3
启动,3
几个,3
淘在,3
买家,3
之选,3
摄影师,3
央视,3
领域,3
发挥,3
晒晒,3
捕捉,3
平行,3
单独,3
表情符号,3
绑定,3
找个,3
有没有,3
任性,3
歌达人,3
功能强大,3
永远,3
交换,3
竞技,3
睡眠,3
值得,3
新潮,3
大姨妈,3
足浴,3
惊人,3
1.0,3
休闲,3
电子,3
高级,3
必不可少,3
签到,3
标记,3
易于,3
招呼,3
数字,3
禁用,3
互相,3
志同道合者,3
模拟,3
爱慕,2
为主,2
正常,2
非常简单,2
入睡,2
突发,2
单机游戏,2
收图,2
日子,2
夜夜,2
看上,2
生活圈,2
军事论坛,2
品牌化,2
看人,2
错误,2
收听,2
牵挂,2
贺卡,2
API,2
高能,2
Vine,2
连续,2
导师,2
芦荟,2
舞台,2
牵手,2
干掉,2
群主,2
精华,2
华晨,2
公开课,2
百种,2
确认,2
观点,2
视觉,2
作家,2
热门话题,2
股神,2
爆笑,2
代表,2
打个招呼,2
分辨率,2
第四季,2
女朋友,2
免去,2
愉快,2
easy,2
主人,2
天黑请,2
装进,2
减肥,2
support,2
最爱,2
法师,2
用爱,2
书法,2
微博时,2
主体,2
脚步,2
派对,2
天下网,2
渲染,2
用户群,2
三国,2
素材,2
一手,2
1700,2
神码,2
总是,2
ME,2
MC,2
事实,2
理财,2
日历,2
想象力,2
平凡,2
最美,2
有奖,2
孕期,2
春节,2
上千,2
巨额,2
传输,2
打电话,2
在内,2
一愚,2
开器,2
独享,2
爱范儿,2
一步步,2
科学,2
打字,2
日记本,2
范儿,2
拼贴,2
发不出,2
生命,2
猫眼,2
直拨,2
升职,2
真心,2
新颖,2
各式各样,2
投诉,2
节操,2
好运,2
红颜,2
套餐,2
屁屁,2
愚人节,2
开口,2
盆友,2
世界地图,2
多一点,2
王源,2
文玩,2
异地,2
近距离,2
总结,2
系列,2
v1.0,2
种类,2
ri,2
装饰,2
扎堆,2
具有,2
亿人,2
喧闹,2
备孕,2
星人,2
周刊,2
同类,2
大叔,2
佳缘,2
好奇心,2
文件共享,2
比较,2
最有,2
严到,2
内置,2
发送到,2
医疗,2
友情,2
always,2
男性,2
缤纷,2
现实生活,2
医生,2
爱玩,2
茫茫人海,2
压力,2
Club,2
有声有色,2
也许,2
想得到,2
弱智,2
大图,2
Gmail,2
315,2
一模一样,2
文档,2
户外,2
漫画家,2
在乎,2
居家,2
大型,2
校花,2
组团,2
胎教,2
觅友,2
真人秀,2
SMS,2
爆棚,2
一米,2
亲睐,2
占用,2
红色,2
审美,2
拓拓,2
失眠,2
笔记,2
上下,2
耽误,2
指导,2
荣耀,2
独创,2
youni,2
CMWAP,2
坚持,2
射过,2
网剧,2
红豆,2
首批,2
HTC,2
私房话,2
多浆,2
陌上,2
One,2
恶搞,2
大声,2
短裙,2
VIP,2
不经意,2
之美,2
一点,2
情话,2
文明,2
推理题,2
限时,2
唯美,2
大奖,2
喜好,2
色情,2
氛围,2
heibaixiaoyuan,2
回家,2
悲伤,2
yunba,2
眼前,2
情调,2
解说,2
边玩,2
品位,2
追女生,2
4.0,2
off,2
网址,2
有个,2
头条,2
顾问,2
尊重,2
告知,2
冷笑,2
注意事项,2
集成,2
发说,2
一生,2
发言,2
智能化,2
本质,2
信用,2
SNS,2
鬼故事,2
真爱,2
见证,2
精灵,2
chongwushuo,2
门户,2
3200,2
刷屏,2
中小企业,2
总会,2
神力,2
juhuiwan,2
路线,2
演技,2
截图,2
同一,2
秀币,2
紧跟,2
压抑,2
展览,2
用户名,2
学会,2
看法,2
尝试,2
最新消息,2
周末,2
手机号码,2
如遇,2
十万,2
穿衣,2
拨打,2
自主,2
经过,2
奇幻,2
心跳,2
版权,2
主流,2
密码保护,2
天气,2
爱情故事,2
美妙,2
扎发,2
有用,2
迷茫,2
求救,2
电聊,2
何地,2
庞大,2
方面,2
军事,2
爆头,2
会长,2
属性,2
当中,2
说了算,2
诚信度,2
当下,2
家里,2
麦萌,2
讨论组,2
打出,2
创业项目,2
中国电信集团,2
当今,2
其实,2
指数,2
好玩儿,2
can,2
安心,2
关键,2
攻音,2
首充,2
超乎,2
最强,2
上班,2
奖励金,2
草泥马,2
扫一扫,2
多年,2
前所未有,2
成人,2
公里,2
简简单单,2
杀人,2
栏目,2
多彩,2
聊得,2
新世界,2
五子棋,2
非常适合,2
华为,2
网易,2
适配,2
未读,2
应援,2
御姐,2
基本,2
看护,2
一个月,2
导致,2
手机短信,2
touch,2
using,2
电视,2
大气,2
淘货,2
个人主页,2
吃喝玩乐,2
朦胧,2
闪耀,2
不间断,2
构成,2
大海,2
依托,2
爱人,2
史大驼,2
上榜,2
趋势,2
上分,2
存钱,2
录入,2
7000,2
尽量,2
照骗,2
一对,2
趣比,2
help,2
事情,2
玩吧,2
休闲活动,2
汉子,2
汉字,2
记得,2
在校,2
线索,2
企鹅,2
知音,2
独白,2
民生,2
让玩家,2
666,2
同一个,2
健身,2
内外,2
音乐节,2
1v1,2
机构,2
出发,2
情人节,2
自带,2
实物,2
开桌,2
首个,2
玩友,2
有料,2
转账,2
精简版,2
天籁,2
新文化,2
发源地,2
算法,2
射鸡,2
王国,2
江西,2
共鸣,2
支援,2
背后,2
之前,2
暖心,2
玩儿,2
TT,2
财经,2
深受,2
十分,2
日报,2
后宫,2
纸本,2
三者,2
wohenizaiyiqi,2
心里,2
星星,2
脸萌,2
特立独行,2
眼睛,2
在线播放,2
用作,2
预约,2
另一半,2
在意,2
OCR,2
困扰,2
方言,2
在校学生,2
彩信,2
绿萝,2
三方,2
政策,2
擦肩而过,2
珍爱,2
休闲游戏,2
星探,2
从线,2
除此之外,2
必须,2
打歌,2
曲目,2
renren,2
边刷,2
发邮件,2
无效,2
题目,2
日本,2
And,2
喜悦,2
成绩单,2
偶遇,2
夜晚,2
一同,2
阿姨,2
不论,2
接入,2
独立,2
更能,2
huayouapp,2
局限于,2
激情,2
日日,2
herook,2
热辣,2
服务器,2
仿佛,2
运笔,2
触碰,2
口味,2
加载,2
看过,2
严肃,2
搜榜,2
欧豪,2
详细,2
萌音,2
以为,2
难过,2
数量,2
改变,2
陪聊,2
WeChat,2
小两口,2
数千万,2
完善,2
黑丝,2
小视频,2
查阅,2
网络服务,2
搭建,2
拿出,2
Go,2
独家代理,2
messages,2
不看,2
脑洞,2
严苛,2
座机,2
步骤,2
线路,2
fanfou,2
公交,2
建议您,2
异次元,2
富豪,2
独自,2
Free,2
热词,2
想象,2
原始,2
相爱,2
带上,2
积累,2
搞定,2
史上,2
闹铃,2
im,2
本土,2
EFUN,2
800,2
健康状况,2
网络连接,2
俱乐部,2
高质量,2
网购,2
多种形式,2
众筹,2
特性,2
tfboys,2
决战,2
O2O,2
网络红人,2
老人,2
心思,2
穷游,2
金融,2
优美,2
缩放,2
养宠,2
封号,2
发展,2
生日会,2
影响力,2
二套,2
四个,2
布局,2
时尚生活,2
桥梁,2
造成,2
云脉,2
请加,2
所属,2
好用,2
请勿,2
人数,2
那里,2
行动,2
16,2
两不误,2
娱乐场所,2
show,2
一应俱全,2
瘦身,2
质感,2
市场,2
ji,2
重磅,2
震撼,2
前往,2
李易峰,2
声控,2
同性恋,2
对白,2
影视剧,2
kdnet,2
响起,2
风险,2
完备,2
丰富多彩,2
每条,2
新娘,2
接口,2
可用,2
合唱,2
Kge,2
锦囊,2
满眼,2
tengxun,2
容错过,2
趣闻,2
窗口,2
每晚,2
职业,2
歌曲,2
聊聊天,2
货源,2
评分,2
zero,2
iOS,2
手游电,2
发型师,2
以往,2
90%,2
未知,2
时尚服饰,2
逻辑,2
缩略图,2
share,2
普通,2
魔线,2
发微博,2
画廊,2
整理,2
迥异,2
紧紧,2
萝莉,2
循环,2
人类,2
kg,2
懂得,2
保持联系,2
感悟,2
减压,2
园园,2
柚妈,2
歌房,2
童年,2
超小,2
小吃,2
收获,2
努力,2
幽默,2
画室,2
嘀咕,2
固件,2
广阔,2
300,2
坐在,2
职场,2
联想,2
动动,2
sdo,2
耳边,2
领略,2
Mac,2
行为,2
树洞,2
2004,2
奖励,2
张贴,2
身体,2
小夜,2
方案,2
国外,2
access,2
语聊,2
新微博,2
36,2
公告,2
FB,2
强烈推荐,2
普通用户,2
真诚,2
满意,2
耳目一新,2
更是,2
小孩,2
还原,2
架构,2
著色,2
热闹,2
单张,2
多端,2
护理,2
退款,2
翻倍,2
以后,2
理念,2
来源,2
各国,2
自动识别,2
复杂,2
孩子,2
高大,2
博宝,2
纪录,2
纪念,2
缓解,2
全免费,2
睡前,2
读取,2
专业知识,2
把握,2
高德,2
魏晨,2
环球,2
瓦力,2
云集,2
妹纸,2
摇出,2
利益,2
表示,2
youmeonly,2
字体,2
画友,2
闭眼,2
心目,2
有赏,2
认真,2
翡翠,2
散步,2
电子名片,2
绝不,2
情书,2
铃声,2
畅谈,2
情人,2
他人,2
聚在一起,2
点选,2
就点,2
手绘,2
注册商标,2
赠送,2
缘来,2
更快,2
亲朋好友,2
人体,2
屋主,2
版本升级,2
案例,2
me,2
传播,2
王者,2
图库,2
皮肤,2
几张,2
新知,2
time2plato,2
烟友,2
坐拥,2
Galaxy,2
熟悉,2
应用软件,2
一触,2
竟然,2
以歌,2
对待,2
最酷,2
返回,2
招财猫,2
米兰,2
多重,2
1.5,2
录音棚,2
排名,2
没人能,2
几分钟,2
自身,2
一边,2
重写,2
8000m,2
直观,2
公正,2
致力,2
包罗万象,2
接触,2
Nexus,2
爱之旅,2
鹿晗,2
谈情说爱,2
gif,2
十足,2
地牢,2
即发,2
融入,2
melot,2
全程,2
默默,2
协议,2
美音,2
成立,2
互怼,2
中有,2
艺宝,2
玩过,2
哪家,2
合作伙伴,2
堆糖,2
相当,2
提交,2
不分性别,2
TOPIT,2
来往,2
教育,2
重度,2
京东,2
配置,2
柚柚,2
由于,2
发图片,2
baihe,2
招聘,2
any,2
中文,2
icon,2
精美图片,2
掌控,2
手机软件,2
数学家,2
多项,2
会带,2
推理,2
60,2
爱豆,2
纠结,2
500,2
融合,2
6S,2
潜力,2
中国移动,2
html,2
口碑,2
战斗力,2
毛笔,2
IM,2
干货,2
总能,2
980,2
软妹,2
约战,2
觉得,2
结伴,2
清楚,2
国漫,2
or,2
允许,2
亲身,2
中意,2
yopper,2
扫雷,2
出装,2
气泡,2
靓丽,2
注意安全,2
GIF,2
音效,2
迪士尼,2
很少,2
冷门,2
design,2
更佳,2
手写,2
背包客,2
温柔,2
最萌,2
活跃,2
高性能,2
掌游宝,2
达到,2
听听,2
长途,2
曾经,2
淘到,2
过年,2
才华,2
电商,2
服装,2
渠道,2
接入点,2
银行卡,2
充值卡,2
头衔,2
资格,2
卡通,2
明码标价,2
存在,2
千玺,2
便利,2
侠客,2
很快,2
讨厌,2
手动,2
走心,2
解救,2
猜拳,2
猎手,2
聊聊,2
nidong,2
何时,2
试衣,2
2.3,2
2.1,2
2.0,2
选项,2
Cubie,2
终于,2
模样,2
成本,2
好看,2
敲门,2
商机,2
吃货,2
紧密,2
帖子,2
只能,2
追捧,2
两大类,2
到位,2
清爽,2
心底,2
宣言,2
奥秘,2
解惑,2
3.0,2
发掘,2
陪你玩,2
钱包,2
一秒,2
社会,2
吹牛,2
资深,2
两个,2
人士,2
美衣,2
促进,2
输入框,2
历程,2
两人,2
挑战,2
倾情,2
黄钻,2
统统,2
不同于,2
MYOTee,2
Moments,2
梦寐以求,2
from,2
超火,2
MindStore,2
追美剧,2
清纯,2
投缘,2
答疑,2
僵尸,2
相似,2
相伴,2
超炫,2
来信,2
135,2
期盼,2
商标,2
赚取,2
模板,2
能量,2
out,2
王俊凯,2
多功能,2
好礼,2
国际化,2
量身定做,2
怀孕,2
花钱,2
不二,2
1.1,2
1.2,2
1.3,2
1.9,2
评秒,2
公共场所,2
软件站,2
买单,2
哪个,2
首先,2
GPS,2
qq,2
女士,2
凭借,2
宝贵,2
空虚,2
女人,2
创新奖,2
诞生,2
小米,2
神贴,2
某些,2
fighting,2
启心,2
顺序,2
because,2
植物,2
友谊,2
双人,2
多元化,2
搞懂,2
宿舍,2
奇葩,2
银两,2
女孩,2
邻里关系,2
证件,2
李晨,1
新锐,1
第二,1
还要,1
个性特征,1
乐园,1
looking,1
郑中基,1
卡拉,1
玩暖,1
受音,1
省时,1
难以置信,1
出本,1
军衔,1
二等奖,1
侧面,1
精神面貌,1
见面会,1
极品,1
女孩子,1
官员,1
代金券,1
外套,1
脾性,1
widget,1
按弹,1
翻译,1
淫秽,1
妙趣,1
爱恨,1
遭遇,1
点亮,1
嗓音,1
showself,1
占据,1
蜜蜂,1
91,1
消费类,1
一步,1
精减,1
发钱,1
扫码,1
wang,1
首站,1
猜词,1
漏过,1
名牌,1
LV,1
how,1
保持一致,1
微商加,1
加个,1
微博控,1
速聊,1
玩来,1
入手,1
情绪化,1
那天,1
集结,1
feedback,1
家务,1
归来,1
精力,1
准时,1
物种,1
名片设计,1
动态显示,1
改造,1
价值观,1
SenseTime,1
灵敏,1
基地,1
地说,1
集线,1
微博想,1
杠精,1
干扰,1
突出,1
做到,1
精分,1
五类,1
帅锅,1
六个月,1
13532,1
私秘,1
宁静致远,1
膜拜,1
开服表,1
趣吐槽,1
奇梦异景,1
将近,1
详情请,1
弹指,1
全线产品,1
行驶,1
开店,1
立体声,1
意识,1
挂机,1
喜帖,1
群中,1
嬷嬷,1
40088,1
古典,1
无处,1
解锁,1
献上,1
或组,1
上海滩,1
机场,1
台词,1
百科,1
新时尚,1
供需双方,1
shtml,1
一个亿,1
匆忙,1
打卡,1
K900,1
定向,1
微可,1
多点,1
惹火,1
专题讲座,1
感受一下,1
明确,1
今日毕,1
lots,1
美食家,1
些许,1
麻将,1
347366097,1
一个个,1
达人主播,1
戈壁,1
卫衣,1
PSN,1
周秀娜,1
艾特,1
令人,1
失效,1
通信录,1
看边,1
平庸,1
有图,1
红遍,1
元素,1
伺服器,1
喜怒哀乐,1
师资,1
最火,1
同桌,1
同梦,1
强度,1
player,1
打动,1
舍命,1
大头照,1
最炫,1
没想到,1
陌刷,1
漂流瓶,1
策略,1
收取,1
并列,1
删档,1
同款,1
密友,1
tfboy,1
han,1
北京,1
别忘记,1
山是,1
抛绣球,1
无心,1
开学,1
明细,1
自测,1
指指点点,1
MP3,1
长期,1
商铺,1
法律,1
萌宝,1
常驻,1
纽带,1
一波,1
农场,1
免单,1
流畅性,1
王朝,1
Use,1
只爱,1
以衣,1
深沉,1
解释,1
萌娃,1
第三种,1
忧郁,1
登场,1
happy,1
正太,1
零是,1
adlink,1
愿望,1
申领,1
之手,1
devices,1
警察,1
蓝色,1
杀手,1
涉及,1
麻烦,1
虏获,1
sohu,1
上市,1
需花,1
王是,1
段落,1
花样,1
虚拟世界,1
正如,1
体重,1
time,1
符号,1
金鹰节,1
泡美眉,1
拥戴,1
hold,1
后援,1
回传,1
外出,1
一房,1
之海,1
乏味,1
振动,1
有害,1
壮大,1
千百,1
通话质量,1
一批,1
浪费,1
scei,1
匆匆,1
接机,1
M9,1
良仓为,1
恰巧,1
途径,1
无关,1
实例,1
MX,1
love,1
断绝,1
男神们,1
叶子,1
协会,1
教授,1
这一,1
饮料,1
国庆节,1
互联,1
收录,1
维度,1
强势,1
卡死,1
巴西,1
夜深人静,1
美的,1
我充,1
强力,1
起舞,1
这件,1
横向,1
相匹配,1
so,1
各级,1
灵活,1
HotFace,1
Unlimited,1
Pad,1
抚慰,1
张张,1
XMSsupport,1
挂满,1
真声,1
行业标准,1
万人开,1
内柔,1
259745836,1
充电,1
金秀贤,1
填充,1
费力气,1
无痕,1
哥布林,1
9158CS,1
跳蛋,1
BlackBerry,1
应用服务,1
交基友,1
涵盖,1
one,1
卸载,1
kuan,1
误操作,1
法则,1
诱人,1
拾遗,1
大城市,1
470883265,1
无力,1
气衰,1
vclub,1
外加,1
次元,1
遍及,1
密度,1
极强,1
增进,1
nicer,1
提供者,1
highingshequ,1
肾上腺素,1
智能手机,1
之源,1
选条,1
5800,1
范围,1
用纸,1
外事,1
总攻,1
最终,1
拜托,1
欢迎您,1
我来定,1
双手,1
脚本,1
至高无上,1
练习,1
过小红,1
常非,1
售后,1
轻点,1
大人,1
疑虑,1
同意,1
脾气,1
恰好,1
多彩的,1
自有,1
景点,1
星厨,1
配美图,1
著名,1
戚薇,1
Welike,1
一千万,1
激发,1
中若,1
无论何地,1
That,1
契合,1
电影资讯,1
苦闷,1
恰如,1
先锋,1
手机用户,1
自查,1
市面,1
4006040010,1
孤单单,1
导出,1
不动声色,1
自明,1
高达,1
美物,1
何时何地,1
挡住,1
理解,1
统计,1
在园,1
三千,1
情感话题,1
环绕,1
大会,1
烦躁,1
车友会,1
路况,1
jinrifaxian,1
其本,1
大佬,1
不够,1
两性话题,1
激动,1
月光,1
勇敢,1
我国,1
精度,1
Hotmail,1
卖东西,1
爆炸,1
父亲节,1
vimi,1
world,1
密室,1
低速,1
泄露,1
拼车,1
选手,1
不断创新,1
通关,1
传讯,1
明白,1
干渴,1
变换,1
纯粹,1
Message,1
寒域,1
高超,1
陌声,1
开创,1
采纳,1
NN,1
一支,1
有时候,1
高考,1
3362746417,1
各种各样,1
agree,1
ad,1
How,1
Hot,1
at,1
行且,1
三全,1
FLEXIBLE,1
438710371,1
一旦,1
派发,1
示例,1
符合,1
加快,1
低成本,1
数百万,1
荣登,1
开怀一笑,1
监听,1
数百个,1
v1.1,1
指尖,1
热心,1
数以百万计,1
三五,1
二胎,1
丰满,1
亿万,1
单键,1
最低价,1
即刻,1
卡片,1
属地,1
第三名,1
Xbox,1
登入,1
别着急,1
点开,1
experience,1
难隐,1
本色,1
最旺,1
收藏者,1
周到,1
一笑,1
想处,1
集混,1
难得,1
大厅,1
archives,1
厕所,1
接续,1
欧巴,1
数百位,1
飞行棋,1
澳洲,1
常跑,1
成群,1
stated,1
天宫,1
秋水伊人,1
知名企业,1
重阳节,1
演出,1
美满,1
唐嫣,1
love98,1
电脑设计,1
指点江山,1
临摹,1
秘书,1
下一题,1
老铁,1
幻宠,1
比微信,1
用来,1
Chacha,1
Dikidiki,1
化整为零,1
天堂,1
稍纵即逝,1
轻滑,1
低调,1
菜鸟,1
看笑话,1
伦敦,1
随即,1
Clash,1
自称,1
ppcall,1
心灵鸡汤,1
比起,1
我用,1
开业,1
借助,1
搭载,1
栏中,1
主宰,1
放松,1
好酒,1
广受,1
彩条,1
刘诗,1
天马行空,1
夜有所梦,1
恰恰,1
without,1
digu,1
play,1
获取信息,1
过山车,1
chuangyebao3158,1
习惯,1
exo,1
另一端,1
37607,1
帐户,1
酱紫,1
财务,1
Wifi,1
汪峰,1
欠费,1
易上,1
作品集,1
友是,1
较为,1
Sony,1
欢聚,1
available,1
销毁,1
一经,1
阳阳,1
connection,1
男星,1
看官,1
先货,1
炸天,1
演唱,1
状况,1
桌游控,1
明明白白,1
挽回,1
应对,1
拨号,1
一罐,1
传送,1
遇到困难,1
殿堂,1
网络故障,1
成功率高,1
填上,1
每一分,1
大圣,1
易信,1
微博短,1
发布新闻,1
一群,1
实力,1
Download,1
随后,1
种种,1
在于,1
其缝,1
先进,1
拼音,1
看好,1
陈奕迅,1
热门音乐,1
Talk,1
困了,1
接种,1
候车,1
风云,1
承担,1
孤独症,1
旁观者,1
纯文字,1
多所,1
国内新闻,1
怎样,1
HIMSN,1
汇报,1
bd,1
挂牌,1
最强音,1
随地,1
跳出,1
毫无,1
鸭梨,1
步伐,1
交易所,1
售价,1
无人,1
承接,1
场合,1
无事,1
舌尖,1
革命性,1
徘徊,1
组合,1
之物,1
亿人次,1
彩排,1
up,1
累计,1
飞扬,1
174619291,1
教师节,1
篱笆,1
EXCLUSIVE,1
举办,1
摹写,1
同窗,1
奔放,1
行踪,1
指定,1
升高,1
配色,1
解脱,1
我伙,1
催泪,1
想念,1
居好,1
不亦乐乎,1
开发商,1
资费,1
霸道,1
hello,1
实归,1
宵诺,1
send,1
sent,1
这代人,1
跑步,1
乐享,1
Fixed,1
充分利用,1
乐于,1
千条,1
准确度,1
白客,1
当红,1
追踪,1
index,1
Lonely,1
公问,1
白宇,1
翻译成,1
遵循,1
年代,1
湖南卫视,1
判断,1
助兴,1
great,1
拼餐,1
receive,1
花眼,1
白富,1
扑克,1
appinn,1
归类,1
网络科技,1
打个,1
商品价格,1
途中,1
音调,1
简讯,1
next,1
打下,1
装逼,1
暗示,1
SOLID,1
之类,1
超逗,1
保有,1
想关,1
端的,1
回应,1
high,1
Policy,1
咔用,1
广大,1
足迹,1
直白,1
数以万计,1
怪才,1
互邀,1
看回,1
大学,1
Apple,1
小额,1
混发,1
光棍节,1
自然,1
择偶,1
微博是,1
产业,1
2018,1
2011,1
手中,1
短裤,1
词汇,1
课程,1
母亲节,1
Network,1
完购,1
盒子,1
美文,1
各方,1
越摇越,1
信用卡,1
点唱,1
歌迷会,1
亲签,1
WIFI,1
入洞,1
车牌,1
细心,1
助力,1
容量,1
Vcard,1
大妈,1
团长,1
第三方,1
信仰,1
pansidong69,1
青春活力,1
信任,1
mitalk,1
富友,1
紫色,1
名校,1
安全可靠,1
包包,1
放心使用,1
飞波,1
黑团战,1
无话可说,1
私有,1
忘掉,1
Undo,1
后续,1
means,1
MIUI,1
知识面,1
发现自己,1
痛恨,1
古今,1
群内,1
要是,1
深知,1
进度,1
一百,1
胡莎莎,1
好消息,1
遵守,1
轻轻松松,1
PP,1
PU,1
股票,1
PK,1
email,1
ifanr,1
近日,1
恐怖,1
恐怕,1
带队,1
事业,1
co,1
情谊,1
cc,1
一看,1
解读,1
人大,1
畅享,1
Get,1
财富,1
Phone,1
电子邮箱,1
有些,1
数据分析系统,1
浓浓,1
难受,1
前进,1
驾豪,1
软萌萝莉,1
一瞬,1
陈赫,1
悦心,1
个练歌,1
周杰伦,1
月子期,1
文件传输,1
上瘾,1
无敌,1
AppStore,1
脉搏,1
php,1
猫星,1
热剧,1
天域,1
元旦,1
恢复,1
遗憾,1
撩妹,1
军队,1
自用,1
web,1
做人,1
八分音符,1
征战,1
政府,1
拍录,1
穿衣服,1
影视娱乐,1
人拉入,1
好地解决,1
即将,1
供选择,1
乡村,1
穹庐,1
翻页,1
比肩,1
谢安琪,1
爱美,1
从小,1
一瓶,1
真知灼见,1
聚美,1
带进,1
陈学冬,1
主营业务,1
From,1
社交生活,1
没底,1
MINI,1
骰子,1
魏一宁,1
icoushou,1
count,1
炫丽,1
套装,1
劲舞,1
心门,1
马拉松,1
牵线,1
意想不到,1
拖动,1
两岸三地,1
而云,1
轻按,1
能歌善舞,1
抱怨,1
艳遇,1
倒计时,1
像存,1
坚守,1
坚实,1
畅所欲言,1
佳人,1
pingchat,1
畅玩,1
这样一来,1
compassion,1
逗比,1
沙发,1
日程,1
贴士伴,1
怎样才能,1
就近,1
晚上,1
买过,1
意味着,1
真爽,1
佳丽,1
界面显示,1
五年,1
心血,1
n477381565,1
v3.0,1
传统节日,1
聊起来,1
闲来无事,1
收益,1
首家,1
喜糖,1
赶快,1
最后,1
一分钟,1
入围,1
自立自强,1
飞吻,1
取胜,1
MOBA,1
实景,1
催婚,1
看清,1
友及,1
场所,1
明天,1
mimsg,1
下载量,1
详细信息,1
无厘头,1
K800,1
随性,1
兄弟,1
胎儿,1
大牛论,1
2896326613,1
提车证,1
神功,1
美女如云,1
6.5,1
6.0,1
不满,1
Tips,1
手酸,1
印象,1
采取,1
Minus,1
冗余,1
好伴侣,1
息息相关,1
胃口,1
卷发,1
不靠,1
网格,1
语气,1
疫苗,1
芳心,1
超新星,1
冰箱,1
前面,1
剧情,1
暴涨,1
爪机,1
哪部,1
续作,1
见解,1
++,1
选中,1
198346093,1
微博微信,1
下面,1
V2.0,1
56913,1
语音版,1
随拍,1
Clans,1
度低,1
连连看,1
探索,1
手艺,1
没玩过,1
有点,1
港股,1
额外,1
Build20111222,1
谈恋爱,1
纯净,1
同人,1
遗忘,1
伤心,1
换上,1
内事,1
单聊,1
被窝,1
掳获,1
棋牌,1
哪里,1
1713646988,1
过生日,1
高尔夫,1
园内,1
一万,1
重逢,1
十二,1
入口,1
抛弃,1
上档次,1
keywords,1
一丝,1
亮亮,1
排队,1
紧急情况,1
dj,1
de,1
瞬聚,1
那群人,1
归属感,1
真相,1
纵享,1
阶段,1
储存,1
亮丽,1
密照,1
一亿,1
越高,1
羞羞,1
蝉联,1
周公在,1
盖伦,1
单人游戏,1
一份,1
这才,1
更高,1
至上,1
高逼格,1
美发店,1
舆论,1
索取,1
纸笔,1
实战,1
研究,1
东东,1
不仅如此,1
一位,1
聊儿,1
图形界面,1
连衣裙,1
身临,1
身为,1
军火库,1
中如有,1
艾米,1
多元,1
形式多样,1
书中,1
X86,1
进来,1
最逆天,1
目的,1
德玛,1
古着,1
自从,1
contact,1
操盘,1
电话会议,1
你造,1
梦象,1
征婚,1
百富,1
优酷,1
宅女,1
吆喝,1
慎言,1
登机,1
万篇,1
女真人,1
依次,1
图书,1
车上,1
共进,1
森林,1
超大,1
大方,1
跟风,1
第四种,1
三种,1
生活照,1
游记,1
就行,1
横竖,1
美白磨,1
way,1
优选,1
关注度,1
寻医,1
买不到,1
大王,1
筹婚,1
钟汉良,1
监控,1
聊友,1
五湖四海,1
楼盘,1
文学,1
王权,1
饱盒,1
鼓励,1
390212325,1
模特网,1
场次,1
症候群,1
当上,1
赢得,1
面膜,1
萌生,1
恐惧,1
处于,1
图音,1
多层,1
收纳,1
火影忍者,1
流逝,1
此类情况,1
名字,1
力推,1
一部分,1
影讯,1
表述,1
只差,1
想想,1
玩乐,1
奢华,1
出书,1
最少,1
qzone,1
全微博,1
market,1
爸妈,1
钞票,1
限量版,1
条码,1
club,1
手表,1
nidereji,1
头发,1
飞屏,1
看一看,1
MMO,1
记录在案,1
燃念,1
羽毛球,1
两部,1
iPhone6,1
玩伴,1
出任,1
wbdzb,1
交抱友,1
有空,1
胶囊,1
公信力,1
xumingxiao,1
图集,1
预测,1
诗书,1
越飞越,1
热帖区,1
美国,1
美图,1
OAuth,1
kuro,1
H.264,1
精神,1
拓展,1
数码,1
上火,1
千名,1
礼品店,1
男声,1
更让人,1
销售,1
淋漓尽致,1
百城,1
不知情,1
一整夜,1
chuangyebao,1
土壕,1
集结成,1
挂件,1
不远处,1
转采,1
说真的,1
张翰,1
稿酬,1
er,1
小姐姐,1
GTalk,1
聪明,1
shows,1
超给力,1
通用,1
有礼,1
睡觉,1
包房,1
飞快,1
生物,1
摄像头,1
古诗词,1
语文,1
飙歌,1
自启动,1
维系,1
之下,1
放弃,1
蘑菇,1
九宫格,1
草稿箱,1
省电省,1
妙趣横生,1
突破,1
最爽,1
英语,1
断层,1
临帖,1
线时,1
99CU,1
工作量,1
心中有数,1
足不出户,1
信约,1
防闺蜜,1
强烈,1
mrp,1
海聊,1
赢家,1
夜总会,1
胶卷,1
带回家,1
任你选,1
调调,1
抢购,1
华丽,1
XT910,1
这次,1
协作,1
大幅度,1
我一语,1
微博上,1
疲惫,1
助攻,1
名至,1
绽放,1
外界,1
排麦,1
变形金刚,1
题材,1
赋予,1
美容品,1
百兆,1
乌猫,1
搞笑图,1
蒙面,1
可能性,1
男孩子,1
睡不着,1
过节,1
征求意见,1
Beta,1
包时,1
伺机而动,1
bodasunshine,1
小姨妈,1
方方面面,1
lukou,1
抱抱,1
抵现,1
82558730,1
没法,1
彩妆,1
违反规定,1
探班,1
必要,1
Better,1
对阵,1
社群,1
微博轻版,1
太累,1
联络人,1
多样,1
店铺,1
友录,1
白活,1
山上,1
ps4,1
告白,1
聚交,1
刷取,1
天地,1
real,1
read,1
手软,1
音悦台,1
股友,1
路线图,1
消磨,1
品类,1
无眠,1
秀发,1
希冀,1
图释,1
扫地,1
张艺兴,1
若干,1
现金,1
练歌,1
精挑细选,1
早安,1
爱侣,1
珍惜,1
网新,1
可锁,1
Add,1
神往,1
通信安全,1
恋上你,1
这档,1
性知识,1
权贵,1
人体器官,1
经得起,1
工具性,1
富有,1
多家,1
少女,1
妹达人,1
1200,1
好不容易,1
保准,1
笙箫,1
客观,1
主权,1
充值,1
粉丝团,1
基站,1
天生一对,1
圈内,1
揭示,1
无从下手,1
默契,1
上百,1
可闻,1
爬山,1
5225000,1
内嵌,1
藏家,1
已知,1
天穿,1
讲述,1
支撑,1
勇士,1
杀马特,1
操控,1
instagram,1
大爱,1
媒体报道,1
五个,1
android2.3,1
框里,1
casual,1
反应,1
timeline,1
爆个,1
跟着,1
看美,1
大片,1
数据量,1
大牌,1
当地,1
自娱,1
S4,1
网络流量,1
takes,1
之名,1
钓友,1
墙纸,1
其中,1
款式,1
427842462,1
千位,1
科普,1
录像,1
SM,1
心想事成,1
没烟,1
SD,1
出国,1
呼叫,1
太慢,1
英文单词,1
圈助,1
一家,1
圣衣,1
上桌,1
CMNET,1
镖车,1
跟踪,1
甄选,1
张杰,1
即点,1
响应,1
长压,1
yi,1
宽容,1
极易,1
当周,1
真情,1
录取,1
圣诞,1
激活,1
beyond,1
今夜,1
圈出,1
李钟,1
集中,1
是因为,1
照顾,1
映票,1
宣传,1
阿哲,1
相互信任,1
内幕,1
miss,1
好评率,1
不仅仅,1
隆重,1
而成,1
一头,1
一套,1
现象,1
而战,1
非凡,1
一好,1
集体,1
888,1
有恋,1
漫展,1
火速,1
征信,1
不打不相识,1
五星,1
531118660,1
除写,1
可视,1
326864,1
百个,1
导演,1
暗号,1
iTunes,1
切入点,1
孕妈,1
魅族,1
网综,1
为空,1
迅联,1
1.87,1
爱唱,1
坚信,1
baihehunlian,1
财物,1
出口,1
大比拼,1
颇具,1
之内,1
苏州,1
真是,1
图评,1
教师,1
扁平化,1
粉王,1
倡导,1
找货,1
影音,1
价值观念,1
食谱,1
诸多,1
秀丽,1
时鲜,1
挚爱,1
晚安,1
YouTube,1
私下,1
wacomi,1
软萌,1
Online,1
文体,1
服务质量,1
到达,1
交际圈,1
简而,1
录制,1
0000,1
牧场,1
机智,1
灯火阑珊,1
停止,1
最劲爆,1
ready,1
即省,1
hellos,1
打折,1
拒做,1
宽屏,1
三步,1
uses,1
反对,1
大礼包,1
340159588,1
一不小心,1
迟迟,1
一小,1
车座,1
天下事,1
不好意思,1
歌能,1
917710000,1
找运,1
一局,1
运费,1
运货,1
见面礼,1
like,1
志趣,1
万款,1
福利社,1
jinrifaxian123,1
万次,1
但是,1
青团社,1
对账,1
接头,1
找车,1
随着,1
相聚,1
内存空间,1
玩偶,1
电信卡,1
战连麦,1
漫天,1
羞涩,1
而是,1
张扬,1
信找,1
协同,1
..,1
反复,1
霸服战,1
选定,1
电通,1
利用自身,1
省力,1
info,1
功能模块,1
载体,1
期间,1
取消,1
平民,1
540651435,1
拜师,1
全宇宙,1
惊艳,1
玩具,1
拜年,1
附带,1
省到,1
月份,1
抢饭,1
Gif,1
dilang,1
一则,1
亲妈,1
黄子,1
做梦,1
一刷,1
一刻,1
Now,1
没装,1
社会各界,1
事不决,1
2.22,1
2.24,1
等候,1
获知,1
zi,1
建百人,1
藏匿,1
长大,1
接地,1
生态,1
生活态度,1
进程,1
动人心弦,1
信息沟通,1
具体,1
天猫,1
韩剧,1
归属,1
再也不会,1
相连,1
后实,1
相近,1
指甲,1
内含,1
验证码,1
生意,1
辣妹,1
自助,1
深刻,1
开播,1
大多数,1
择天记,1
界面设计,1
免费手机,1
凸显,1
鸡情,1
卡路里,1
一台,1
一,1
最会,1
Exchange,1
快用,1
咔嚓,1
万条,1
这份,1
021,1
你一言,1
碎片,1
防小三,1
出差,1
多久,1
成败,1
一步到位,1
联赛,1
拒当,1
透过,1
停播,1
优越,1
外挂,1
交易市场,1
猜猜看,1
左滑,1
爱家,1
盼望,1
频率,1
无损,1
整装待发,1
只为,1
消消,1
惩罚,1
privacy,1
上报,1
除夕,1
邓紫棋,1
一元,1
滑板,1
软萌萝莉音,1
挂念,1
早上,1
片酬,1
有权,1
票友,1
用人,1
appnz,1
56,1
吴亦凡,1
闲暇,1
写作,1
边唱,1
Messaging,1
概念,1
水果,1
互通有无,1
不解,1
衷肠,1
何以,1
卡通画,1
71563799,1
之处,1
永无止境,1
人际交往,1
之外,1
miliao,1
忠实,1
回答,1
BOSS,1
120,1
队友,1
微博带,1
警惕,1
劲歌热舞,1
接受,1
反动,1
computer,1
Meizu,1
取暖,1
美甲,1
依然,1
中学生,1
关联,1
指点,1
依照,1
产检,1
敲开,1
色相,1
作战,1
收款,1
并肩作战,1
Yahoo,1
激扬,1
端到,1
来袭,1
友信,1
骰神,1
特长,1
smartphones,1
街头,1
管理员,1
进群,1
回复率,1
Shanghai,1
服务项目,1
名义,1
畅游,1
party,1
俗话说,1
恐惧症,1
探探,1
生效,1
水晶,1
置身于,1
BD,1
饭堂,1
40,1
雅虎通,1
电子杂志,1
Web2.0,1
上架,1
By,1
小窍门,1
不让,1
一员,1
品牌设计,1
经典台词,1
一周,1
平时,1
家里人,1
社会化,1
家居生活,1
免费发,1
上台,1
98%,1
网球,1
棒棒糖,1
对得起,1
一品,1
发送给,1
求粉,1
游戏类,1
码通,1
精湛,1
其名,1
上来,1
见闻,1
预算,1
江湖救急,1
相见,1
学历,1
hi,1
一盘菜,1
加点,1
林俊杰,1
万户,1
为准,1
次方,1
iplaysoft,1
开抢,1
副本,1
官正,1
删减,1
宝为,1
不虚此行,1
财神,1
上映,1
Razr,1
散论,1
看点,1
friends,1
不在话下,1
独树一帜,1
热火,1
被叫,1
劳动,1
冬至,1
部位,1
即日起,1
包装,1
确保,1
基准,1
会为,1
篮球,1
日有所思,1
只言片语,1
鲜花,1
绘图,1
塔罗牌,1
赞同,1
同城群,1
全力,1
鲜艳,1
国际象棋,1
终端,1
G7,1
怪事,1
一点点,1
网络游戏,1
花钱买,1
吉祥物,1
跨网,1
iliangcang,1
很污,1
消除,1
Privacy,1
拿到,1
Also,1
也好,1
call,1
尊享,1
毫无顾忌,1
难为情,1
爵士乐,1
kge,1
读书,1
养只,1
Chrome,1
数码影像,1
分开,1
留存,1
未来,1
想吐槽,1
第一次,1
别处,1
ebuddy,1
数千个,1
新品,1
欢唱,1
无须,1
榜样,1
会吐槽,1
第一步,1
玩得转,1
真实性,1
忍受,1
不知,1
极限,1
再见面,1
keyboard,1
乔迁,1
调戏,1
一言一行,1
翩然,1
如大号,1
临时工,1
显示方式,1
即能,1
音悦,1
电子签名,1
大胆,1
全天,1
女星,1
达意,1
遇男神,1
Planet,1
从而,1
盖楼,1
引爆,1
必有,1
传上去,1
脸红,1
为货,1
珍贵,1
花椒,1
服务商,1
少男少女,1
晒单,1
李敏,1
照样,1
厂商,1
约伴,1
配图,1
笔形,1
女生节,1
求脱,1
感知,1
iebook,1
人与车,1
刻板,1
ming,1
万黄,1
开麦,1
大脑,1
纠偏,1
关键字,1
跃然,1
驾到,1
魔漫,1
吊炸天,1
郑凯,1
香车,1
固定,1
consumer,1
挑出,1
QQshow,1
万美元,1
穿梭,1
追加,1
热议,1
页模式,1
情商,1
撩菜,1
巧妙,1
几秒,1
片源,1
Internet,1
住宿,1
体力,1
豪气,1
看词,1
基金,1
心水,1
追剧,1
图文混排,1
Nokia,1
全在,1
供需,1
通信软件,1
英文,1
jimuu,1
粉色,1
蔡依林,1
浩如烟海,1
毕夏,1
时间轴,1
币时,1
成圈,1
情报局,1
调整,1
想赞,1
CC,1
购后,1
CD,1
指标性,1
更强,1
应该,1
Droid,1
命中注定,1
歌王,1
逃脱,1
有限,1
id,1
转给,1
督促,1
萌颜,1
froyo,1
kik,1
引用,1
怀旧,1
压感,1
超低,1
忽悠,1
挥霍,1
nudge,1
意义,1
结果,1
加盟网,1
融网,1
whatsapp,1
更要,1
订做,1
进度条,1
礼盒,1
驿站,1
电影院,1
金字塔,1
蓝天,1
海淘,1
推广,1
名声大噪,1
晒图,1
畅销,1
还会,1
看见,1
性感,1
午夜,1
培养,1
地位,1
发发,1
乐途,1
程序,1
射击,1
本命,1
收看,1
外猛,1
down,1
netease,1
熬夜,1
注定,1
逛逛,1
互不,1
不犯,1
低头,1
有钱,1
黑名单,1
天赋,1
烦扰,1
下班,1
地上,1
7x24,1
所具,1
2500,1
惊爆,1
改善,1
tuotuo,1
后花园,1
送映票,1
陈伟霆,1
送给,1
看大图,1
精美绝伦,1
杨钰莹,1
危机,1
仅限,1
coushou,1
相约,1
yeds10000,1
读状态,1
置身,1
成周公,1
寂陌,1
再说,1
时想,1
设有,1
粗暴,1
人来,1
几十个,1
绝妙,1
更省,1
推倒,1
热点话题,1
猎奇,1
妇女节,1
活泼,1
米粉,1
uface,1
一网打尽,1
财运,1
工作人员,1
竖屏,1
相通,1
各种类型,1
键入,1
停靠,1
求评,1
那一刻,1
敲打,1
追名逐利,1
更白,1
高效快捷,1
缘份,1
草稿,1
共情,1
sns,1
MMOFPS,1
解开,1
金蛋,1
talk,1
青睐,1
画友圈,1
化装舞会,1
落户,1
主色调,1
从事,1
月经期,1
橘子,1
820,1
时光倒流,1
动作,1
特技,1
实践,1
滴浪,1
宵夜,1
心扉,1
儿童节,1
乐翻天,1
相簿,1
weico,1
终点,1
跨界,1
单人,1
欢快,1
开阔,1
极限运动,1
carry,1
西亚,1
发帖,1
与其,1
走来,1
动人,1
用户服务,1
缺火,1
抢红包,1
11,1
13,1
14,1
19,1
拉票,1
单个,1
抖音,1
抓住,1
performance,1
单一,1
200,1
207,1
签收,1
魔术,1
疑问请,1
新建,1
Emoji,1
图文并茂,1
心理学,1
中文网,1
演唱风格,1
高亮,1
井柏然,1
来秀,1
再近,1
指耕,1
享有,1
好书,1
完整性,1
无闻,1
不离,1
例如,1
指示器,1
存档,1
同伴,1
评为,1
功能丰富,1
配备,1
80456,1
讲故事,1
旅行社,1
把玩,1
jp,1
综合性,1
住友,1
可微博,1
太爱堆,1
我间,1
此后,1
电话本,1
婚博网,1
追寻,1
全彩,1
闲适,1
成就感,1
便民,1
举行,1
评估,1
困镜,1
时时,1
热舞,1
使出,1
逆时针,1
脱口而出,1
港湾,1
跑不了,1
控件,1
微博艾特,1
可知,1
社交互动,1
白费,1
心弦,1
走上,1
视野,1
化解,1
串串,1
示范,1
顺滑,1
小众,1
全局,1
根据地,1
Pinterest,1
马勒,1
输赢,1
个人用户,1
追网剧,1
每期,1
AI,1
听歌,1
诚心,1
战歌,1
俚语,1
无非,1
摄像,1
原则,1
新生代,1
特有,1
快聊,1
以物识,1
时机,1
数款,1
videos,1
风靡,1
Blog,1
七夕节,1
无阻,1
通道,1
ifudi,1
歌神,1
忙碌,1
上限,1
淘江,1
通通,1
走掉,1
小二,1
凯迪,1
moxian,1
冰雪,1
297949643,1
江湖,1
房产,1
聚会地点,1
出彩,1
高保真,1
人比小嗒,1
TA3,1
道具,1
第一站,1
iuu,1
评判,1
POP3,1
竞技场,1
在读,1
含义,1
高分,1
MIPS,1
战士,1
gl,1
塔罗,1
元宵节,1
联机,1
菠萝,1
奢侈品,1
拉拉,1
无所顾忌,1
小冰,1
意境,1
砍价,1
写下,1
Hangouts,1
小偷,1
逼格,1
stable,1
影片,1
承担者,1
以帖,1
日语,1
交互方式,1
熊掌,1
二百五,1
第一笔,1
comfort,1
确幸,1
很累,1
顺时针,1
必备软件,1
发型设计,1
20161230,1
Q版,1
上衣,1
微薄,1
洞里,1
旅途,1
25,1
21,1
22,1
PLUS,1
现场直播,1
759643V2EX,1
精英,1
两款,1
2G,1
easily,1
画得,1
衣服,1
pao,1
2387779295,1
不来,1
局限,1
小号,1
飞起,1
古老,1
1.75,1
1.77,1
农药,1
Cool,1
询问,1
尾巴,1
oneniceapp,1
姚贝娜,1
无极限,1
清唱,1
独霸,1
民间,1
港澳台,1
盗取,1
313673724,1
有能,1
银行,1
耳语,1
人设,1
带妹,1
周遭,1
透明,1
纷纷扰扰,1
一夜情,1
小红花,1
重构,1
built,1
8839158,1
画友们,1
忽略,1
规定,1
ka,1
kf,1
画师,1
经纪,1
立现,1
枪林弹雨,1
C2C,1
Magic,1
单击,1
秘诀,1
确定,1
确实,1
心语,1
iamhighing,1
资产,1
感想,1
赠送给,1
视讯,1
娇嗔,1
诗歌,1
游山玩水,1
解不开,1
受启于,1
权益,1
留下,1
高效率,1
新机型,1
娇喘,1
po,1
不愁,1
刮目相看,1
邓超,1
市井,1
骑马,1
萌化,1
融汇,1
酒托,1
基本功能,1
主播腔,1
流淌,1
核查,1
组队,1
腊八节,1
调用,1
所在位置,1
好坏,1
到处,1
货款,1
笑一笑,1
公聊区,1
蜜友,1
看得见,1
极致,1
衍生,1
自留地,1
探讨,1
条款,1
eBuddy,1
哀家,1
感慨,1
快节奏,1
好听,1
chongwushuo2014,1
级别,1
www.51,1
怀孕期,1
绿植,1
好吃,1
snap,1
画家,1
triphare,1
MOMO,1
bit,1
值班,1
方力申,1
林志颖,1
互动性,1
google,1
拨通,1
contacts,1
鞋子,1
30M,1
何必,1
高喊,1
拼图,1
投入,1
看不到,1
通知书,1
Entertainment,1
持续,1
生辰,1
化学反应,1
进门,1
建材,1
引吭高歌,1
invite,1
开场白,1
逐步,1
庆典,1
全天候,1
超带,1
离开,1
退松,1
通行,1
尽知,1
single,1
T恤,1
草机,1
老公,1
久伴,1
苦于,1
目的地,1
战略规划,1
宅腐基,1
2007,1
静静地,1
发美照,1
zoek,1
商业模式,1
超全,1
小奇,1
以坑,1
无法自拔,1
盗墓,1
实用信息,1
带动,1
层次,1
钢笔,1
潮人,1
点靠,1
51942756,1
师傅,1
解乏,1
房子,1
喊麦,1
3g,1
3d,1
带到,1
价廉物美,1
受众,1
简单明了,1
8123,1
IMAP,1
微软,1
35,1
冠名,1
食性,1
送达,1
寻美图,1
复旦,1
嘻笑怒骂,1
脱光,1
体会,1
米油,1
狂热,1
剪辑,1
小白透,1
YY10,1
两性,1
创始人,1
最给力,1
0.6,1
超值,1
受人,1
只在乎,1
过瘾,1
完上,1
客户资源,1
attachment,1
无用信息,1
店里,1
老式,1
对手,1
往来,1
手游类,1
战况,1
重温,1
可怕,1
无限量,1
地下城,1
ll,1
结算,1
Androidv1.0,1
ly,1
火种,1
大部分,1
规则,1
操作步骤,1
kaixin,1
触手,1
人用,1
军功,1
超受,1
十字路口,1
没人,1
咨询服务,1
机要,1
超低价,1
几条,1
战力,1
淘神,1
力量,1
互叫,1
更改,1
线长,1
互刷,1
WebDAV,1
收费,1
实验性,1
好多,1
酒水,1
急性子,1
激萌,1
新游安卓版,1
斗牛,1
ipad,1
应接不暇,1
失语症,1
金钱,1
搜狗,1
轮流,1
微调,1
蓝白色,1
互加,1
冥冥之中,1
有着,1
关机,1
新人,1
兔兔,1
公园,1
门类,1
kzhuo,1
四射,1
第一种,1
掷骰子,1
剪刀手,1
text,1
许愿,1
staff,1
可是,1
群里,1
前五,1
公共,1
商业,1
改为,1
成书,1
热腾腾,1
抗衡,1
致梦,1
意向,1
原生态,1
装备库,1
劳动节,1
延时,1
网络相册,1
四季,1
房有车,1
wj,1
highing,1
淘网,1
戳戳,1
龙抬头,1
刮刮卡,1
积攒,1
闲聊,1
34305053,1
插翅,1
码率,1
开聊,1
商会,1
轻量级,1
非主流,1
中医,1
袜子,1
排卵期,1
任你玩,1
信息技术,1
营养师,1
ios,1
终极,1
短信息,1
人版,1
定位导航,1
做起,1
中去,1
死人,1
tong,1
绝佳,1
提神,1
工作者,1
热量,1
地域,1
享用,1
不辍,1
赵丽颖,1
高贵,1
泡泡,1
不止,1
三联,1
舞蹈,1
读写,1
相框,1
公号,1
德州,1
摇动,1
提供商,1
小喇叭,1
门票,1
卧室,1
以内,1
四大,1
佳缘求,1
猎人,1
作者,1
小年,1
任你挑,1
肾宝,1
积木,1
大奖赛,1
限定,1
画功,1
对应,1
数据线,1
疑难问题,1
VClub,1
48,1
detail,1
不断进步,1
何不,1
为此,1
工作日,1
情仇,1
2385324982,1
Build20120105,1
传媒,1
CEO,1
神经病,1
Toast,1
黑丝上,1
如同,1
小圆君,1
转存,1
对家,1
G3,1
G2,1
拉到,1
彩铃,1
jiaoqiwo,1
单调乏味,1
两大,1
录至,1
GG,1
单日,1
直达,1
嘴巴,1
新番,1
写日记,1
接近,1
enjoy,1
融为一体,1
提高效率,1
韩语,1
停下,1
货币,1
版微博,1
解决问题,1
枪械,1
自语,1
请拨,1
扶持,1
瞎折腾,1
众山,1
室外,1
Support,1
爱聊,1
m9,1
勿扰,1
浪费时间,1
mi,1
mt,1
禁欲,1
访谈,1
买个,1
nideriji,1
其乐无穷,1
人为,1
双击,1
倾力,1
圣诞节,1
念头,1
台湾,1
清明,1
声优,1
tongxunlu,1
tanzhi,1
满意度,1
详尽,1
Hero,1
星巴克,1
跑酷,1
最靓,1
拼接,1
足球,1
最靠,1
西柚,1
圈起来,1
套用,1
惯例,1
单机,1
238057304,1
阿里巴巴,1
摇滚,1
自觉,1
使用者,1
说不定,1
草原,1
纵览,1
花千骨,1
小手,1
中秋节,1
来回,1
卖萌嘟,1
取得联系,1
费时间,1
纸上谈兵,1
恐龙,1
自行,1
防止,1
集齐,1
lbs,1
妙语连珠,1
国战,1
绘画,1
形成,1
舒适,1
合租,1
一览,1
歌唱,1
模组,1
改名字,1
善解人意,1
联合,1
耽美,1
老掉牙,1
专题报道,1
不减,1
满屏,1
放送,1
不冷,1
职业联赛,1
不决,1
创造性,1
几大,1
中元节,1
概念设计,1
说明书,1
勇于,1
第一个,1
一身,1
不光,1
理性,1
html5,1
惊叹,1
送别,1
崭新,1
maxtong,1
方向,1
九套,1
患上,1
绿色软件,1
基本上,1
此类,1
挖出,1
同行,1
用途,1
简短,1
内容简介,1
百项,1
遛狗,1
弱音,1
榜前,1
传情,1
第一位,1
照亮,1
迎娶,1
去掉,1
冒个,1
娱乐圈,1
无意间,1
两张,1
易懂,1
岑西西,1
时为,1
Topit,1
50,1
落下,1
不卡,1
环保,1
有木有,1
热血传奇,1
Life,1
把妹,1
不华,1
贵子,1
更多,1
嘻嘻,1
帮忙,1
非你莫属,1
支付宝,1
命运,1
报告,1
CNBLUE,1
增长,1
检测,1
上手,1
怎么样,1
冷艳,1
传承,1
以案,1
经验交流,1
神音,1
落伍,1
时会,1
智慧,1
娱乐社区,1
when,1
无所谓,1
因此,1
lialiago,1
车载,1
时侯,1
车车,1
授权,1
外语,1
加盟店,1
名人堂,1
妹泡,1
comments,1
踢毽,1
Soulmate,1
号码,1
YiBo,1
一般,1
同城圈,1
7X24,1
抄经,1
搭理,1
摇摇,1
吐息,1
cool,1
level,1
意思,1
文件夹,1
quick,1
爱不释手,1
全力以赴,1
刘烨,1
过眼云烟,1
520,1
521,1
订约,1
拼出来,1
双向,1
车联,1
立体,1
挪威,1
燃眉之急,1
万智牌,1
Visit,1
总动员,1
原理,1
李宇春,1
毕生,1
被装,1
msn,1
核实,1
iphone,1
更团,1
男萌妹,1
敬请期待,1
互动式,1
Push,1
常用,1
夜约,1
Terms,1
83763333,1
澳门,1
收件人,1
运势,1
酒店,1
死神,1
不少,1
感恩节,1
音缘,1
CTWAP,1
imadeface,1
嘴型,1
开创者,1
不必,1
脸型,1
迷上,1
读数,1
conversations,1
竭诚,1
字符,1
不得,1
飞龙,1
黏性,1
触动,1
疑惑,1
一股,1
UGC,1
商界,1
防护,1
弊端,1
consultant,1
两性之间,1
谢谢您,1
Tumblr,1
神马,1
Touch,1
1000,1
朴实,1
引导,1
肆意,1
版本号,1
约束,1
开放式,1
御龙,1
迷你,1
同学聚会,1
证婚,1
柜台,1
医学,1
纪念日,1
狂躁,1
阴阳,1
脉库,1
霸气,1
全称,1
更名,1
第二种,1
触发,1
迟到,1
没人要,1
几千条,1
431234509,1
交相,1
剧组,1
束缚,1
球球,1
热情奔放,1
征途,1
精打细算,1
随心所欲,1
试遍,1
重塑,1
1V1,1
三五个,1
时空,1
空降,1
产业链,1
飘逸,1
新界面,1
视频聊,1
精彩表演,1
数额,1
更添,1
23,1
来夜,1
隶属,1
不多,1
影业,1
蓝牙,1
相对,1
64,1
50%,1
Bug,1
只须,1
产生共鸣,1
相容,1
串流,1
名企,1
达令,1
WAP,1
相守,1
TagBasedTFIDF,1
iPod,1
促销,1
饶有趣味,1
违反,1
检查,1
转园,1
你定,1
angelababy,1
4008882211,1
傻傻,1
越受,1
概览,1
IN,1
靓发,1
奖杯,1
新闻热点,1
触手可及,1
Loading,1
用本,1
情缘,1
最新更新,1
铅笔,1
328450463,1
blog,1
圆角,1
超有,1
防晒,1
土鳖,1
来客,1
资料卡,1
深藏,1
便会,1
网络小说,1
来定,1
yunmai,1
受不鸟,1
使命,1
对唱,1
圣地,1
边聊,1
录音系统,1
legal,1
好帮手,1
键盘,1
社团,1
尽享,1
ok,1
解码,1
奇闻,1
读懂,1
来访者,1
评测,1
青年节,1
陈翔,1
tencent,1
无穷无尽,1
出行,1
症状,1
之言,1
气氛,1
协调,1
加强版,1
罗列,1
一巴掌,1
端午节,1
你好,1
EXIF,1
嘀浪,1
脱机,1
网络电话,1
画技,1
复原,1
马克杯,1
众包,1
歌好,1
pansidong,1
sushuang,1
图像,1
画手,1
需一人,1
标题,1
爷爷,1
公投,1
体积,1
便于,1
diss,1
发收,1
物语,1
养护,1
权利,1
小苹果,1
抢先,1
以来,1
egame,1
接龙,1
详细资料,1
往代,1
MENU,1
人心,1
橱窗,1
货主,1
期刊,1
养成,1
love.163,1
手册,1
0755,1
幕后,1
道歉,1
刷赞,1
更会,1
更优,1
百货,1
官方论坛,1
小熊,1
allows,1
博物馆,1
犯难,1
暂时,1
同城俊,1
Style,1
情怀,1
66262666,1
texts,1
掏出,1
Muzy,1
FeiLiao,1
高玩,1
吉凶,1
杨洋,1
翼秀,1
密码锁,1
说不出,1
rednovo,1
前提,1
谁家,1
再次,1
身高,1
5.0,1
理由,1
Desire,1
符合要求,1
跟上,1
工厂,1
Linux,1
类前,1
诚挚,1
LINE,1
新服,1
style,1
书香,1
忘词,1
光棍,1
乘坐,1
面对,1
一页,1
文身,1
调制,1
叫好,1
出门,1
魔幻,1
接下来,1
增益,1
一颗,1
黄金,1
同龄,1
搜寻,1
顺利,1
得秀,1
之音,1
爆豆,1
活在,1
扩大,1
引领,1
未向,1
功与名,1
魔币,1
傻乐,1
能领,1
问好,1
飘过,1
五路,1
走开,1
领养,1
动态平衡,1
奔腾,1
越多越,1
指引,1
信而要,1
赶走,1
直到,1
几万,1
囊中,1
情报,1
特定,1
风向标,1
buff,1
骗过,1
编码,1
轻轻,1
清理,1
70,1
影像,1
盖章,1
塔尖,1
拼爆,1
短暂,1
魔声,1
寻欢,1
全是,1
饮食,1
连在一起,1
带给,1
发愁,1
保护视力,1
造就,1
门户网站,1
时时刻刻,1
追梦,1
are,1
2.2,1
状态栏,1
标题栏,1
绝无,1
实用功能,1
奇迹,1
0592,1
树下,1
确立,1
中等,1
时段,1
涂鸦板,1
皮鞭,1
全有,1
刘海,1
铁杆,1
除非,1
handcent,1
御姐萝莉,1
空车,1
时差,1
小贴士,1
叫座,1
看个够,1
出大,1
部件,1
气盛,1
着急,1
v2ex,1
帮会,1
烧烤,1
questions,1
信等,1
残忍,1
验明正身,1
2.13,1
unlimited,1
延伸,1
盛况,1
口技,1
立减,1
身在,1
服务性,1
输入您,1
彩色,1
过多,1
每张,1
2820772653,1
做好,1
3.2,1
Email,1
pros,1
轻言,1
宣誓,1
华东地区,1
不断更新,1
陈慧琳,1
托运,1
kurooke,1
画笔,1
爆表,1
巅峰,1
56613211,1
数千,1
表情丰富,1
麦子,1
随到,1
https,1
旧版本,1
检索,1
鼓舞,1
动物,1
MileStone2,1
生动有趣,1
特征,1
kktv5,1
家乡,1
仰望,1
xiaomi,1
谢娜,1
试试,1
咬一口,1
实用性,1
温情,1
为什么,1
必将,1
010,1
目不暇接,1
划算,1
模拟城市,1
升温,1
高端,1
什么游戏,1
酒会,1
立志,1
斗兽,1
防火,1
Build20120320,1
挑战者,1
单身贵族,1
哈哈,1
齐全,1
闷骚,1
咬了一口,1
画画,1
集团公司,1
困难重重,1
use,1
宠友,1
见到,1
房产证,1
将生,1
傲娇,1
Party,1
知已,1
Messanger,1
结婚证,1
一体化,1
测算,1
收回,1
大头贴,1
分来,1
嘿市,1
用轻,1
说法,1
如下,1
融洽,1
媲美,1
师父,1
情歌,1
问候,1
以画,1
迭代,1
变音,1
滚动式,1
绝比,1
榜单,1
Next,1
如云,1
86,1
卡顿,1
说说话,1
huatian,1
漫长,1
不知所措,1
横空出世,1
304140791,1
震动,1
海淘原,1
野蛮,1
289133373,1
特区,1
整屋,1
天知地知,1
mimsgapp,1
新游,1
尖叫,1
特化,1
地狗,1
顶级,1
逐步完善,1
人品,1
超爽,1
搜刮,1
刚才,1
学霸,1
主题曲,1
公益,1
由心,1
挖空心思,1
承诺,1
坏男孩,1
我爱你,1
杰出,1
知心,1
洗头,1
小站,1
承载,1
台球,1
为所欲为,1
High,1
避免,1
人员,1
运营,1
拉上,1
共唱,1
上传下载,1
过去,1
翻看,1
投稿,1
送主播,1
99%,1
words,1
舒服,1
报价,1
衔接,1
印刷,1
女声,1
比拼,1
给予,1
卖萌,1
标识,1
心与心,1
哪些,1
谷歌,1
kefu,1
之香,1
咨询师,1
约炮,1
板块,1
讨小,1
人加,1
海贼王,1
期待,1
3106065280,1
消费者,1
默认,1
竞是,1
小圈子,1
FREE,1
构架,1
免费送,1
读物,1
一面,1
嘉宾,1
洋气,1
制约,1
地理,1
展在,1
内部,1
焦头烂额,1
簇人,1
就加,1
数万,1
踪迹,1
整套,1
清秀,1
buluo,1
挺好玩,1
手游宝,1
前沿,1
个信,1
四种,1
标志性,1
百姓,1
商汤,1
美腻,1
面基,1
晋升,1
配比,1
闪光,1
梦后,1
钻石,1
tumblr,1
114,1
118,1
人脸识别,1
追随者,1
脱颖而出,1
先来,1
周笔畅,1
防盗,1
武艺,1
金瑞奖,1
图像处理,1
土豆,1
小巧,1
各自,1
开拓,1
体检,1
美考,1
奔跑,1
特别感谢,1
落地,1
地盘,1
语音输入,1
NASDAQ,1
站外,1
玩物丧志,1
证书,1
画风,1
直邮,1
悬命,1
污污,1
美股,1
多维度,1
美肤,1
茶餐厅,1
勋章,1
制片人,1
方位,1
接送,1
股份制,1
other,1
手店,1
997707997,1
桃花,1
Banner,1
台前幕后,1
偶到,1
斗地主,1
斗图,1
馈赠,1
