心灵兽,tv.sirme.live,793081
组队,com.xijie.team,793070
好好养,com.haohaoyang,793060
赚圈儿,com.xianfuns.makering,793054
水信,com.heshi.niuniu,793041
语趴,com.meitu.yupa,793038
约见面,com.jieyuanppp.yuejianmianxy,793028
黑群,com.sam.im.heiqun,679354
农民哥,com.nomge.android,756539
FunGo,com.mingbo.game,547642
阅同城,com.ikongji.cocity.android,771425
脉脉,com.taou.maimai,50516
微博国际版,com.weico.international,448973
艺数中国,cn.artbd.circle,577048
西番,com.baidu.xifan,731010
找伙伴,com.zhb86.nongxin.cn,695645
大亲家,com.wlemuel.hysteria_android,453055
名城淮安网,com.mingchenghaw.app,793002
喵喵语音,com.miaomiao.mobile,666744
幕外,com.lhss.mw.myapplication,695172
声声,cn.diudiu,622159
YoMe,language.chat.meet,775238
局域Talk,com.rdc.p2p,792981
TT手游语音,com.yiyou.ga.lite,684111
童信,com.jianyou.tongxin,744505
知乎,com.zhihu.android,34507
表态,com.person.voice,669046
朵朵兔,com.dodotu.android,786936
医信Medchat,com.yixin.medchat,666249
合众联盟,com.yuexiutianhe.hezhong,774203
HoFei-合肥本地生活圈,com.hfshq.app,792942
紫荆,com.everhomes.android.tsinghua.infobay,444629
BD沃客,com.qihe.bdwork,434518
社群,com.syengine.sq,688343
Sounds,net.youqu.dev.android.miyu,762439
画世界,net.huanci.hsj,550166
自家,com.ziroom.awesome,792515
友音阅谱,com.suishenyun.youyin,791510
出去玩,com.zhinuokang.hangout,743349
拼多多商家版,com.xunmeng.merchant,504458
掌游宝,com.anzogame.esports,342270
乐寻坊,com.formssi.seekfunbook,669624
蜜趣-娱乐聊天交友,cn.douyuu.miqu,427010
我是谜,com.wzf.fan,669721
Bon App!,com.indulgesmart,63047
简书,com.jianshu.haruki,74526
蚂蚁帮邦,com.mybb.yzkj,669116
豁者,com.huozheor.sharelife,779302
香蕉直播-美女直播,com.fungo.loveshow.ainizhibo,777149
美呼-语音聊天软件,com.callme.mh,99804
TT语音,com.yiyou.ga,81317
糖侣-陌生男女交友,com.langu.aiai,314470
百合婚恋,com.baihe,3
单身钥匙,com.mqq.single.key,732667
中华人,com.android.chinesepeople,525870
花镇情感-恋爱情侣,com.huazhen.HZQG,506281
林八哥品茶,io.dcloud.W2Awww.linbage.com,792571
处CP,me.ddkj.cp,460132
不就,com.iksocial.queen,646181
知己交友,air.zhiji.app,263471
9134平台,com.example.kaiteng.hyr,751935
同城探聊,net.cy.tctl,792556
HotFace,com.hotface.star,792547
乐迪送,com.youjindi.lodicarry,753534
乐迪送骑士,com.youjindi.lodicarryknight,753536
抖约,com.dida.douyue,769040
陌己,booyeu.mojom,611886
泡泡交友,com.blackbean.paopao,152820
地坪界,com.renjun.floor,764697
C位,com.aeightmedia.cposition,792525
时记Timeory,com.ucard.timeory,792519
耳觅-接唱交友,cn.myhug.tiaoyin,743953
晋城同城,com.jinchengtongcheng.forum,792510
InLikes,com.inlikes.app,792507
智慧新乡,net.duohuo.magapp.zhxx,671554
北京通,com.systoon.beijingtoon,439668
米优汇,com.dev.miyouhui,792504
YAY交友,com.snqu.yay,557962
聊吗,com.xfhl.wawa,792500
克拉克拉KilaKila,com.uxin.live,429692
进步,com.wb.admin.school,615356
微信,com.tencent.mm,1122
暴走P图,a.baozouptu,792487
MOMO陌陌,com.immomo.momo,346
嘭嘭婚恋,com.pploved.pengpeng,753588
扩约,com.taotao.kuoyue,792476
焦作吧,com.jiaozuoba.app,792468
蘑菇信用,com.hl.mushroomcredit,749423
JAYME杰伦官方App,com.nd.sdp.star,102938
图曰,net.aituyue.app,468179
24h便民,cn.apppark.ckj10943789,745440
同讯,com.example.apolloyun.chat,748216
一直播,tv.xiaoka.live,196655
Ta在,com.vy.visvacn,724762
探探,com.p1.mobile.putong,68656
化海川流,com.example.oceanpowerchemical,510161
陌声-同城聊天交友,com.mosheng.iicall,463917
箩筐,com.cmmobi.railwifi,230717
Muma,com.mumamua.muma,783953
脸球,com.lvkakeji.faceball,682999
大焦作,com.dajiaozuo.app,792450
久聊语音聊天交友,com.adzshd.jiuliao,744468
喃呱,com.soundcolor.nangua,771917
清华e同学,com.huatan.tsinghuaeclass,506963
翡翠会,com.hc.feicui.feicuihui,790442
微博,com.sina.weibo,1127
粉我FansMe,com.px.fansme,792442
赫兹,com.immomo.vchat,762505
匿名秘密,com.pluto.hollow,731377
甜友聊天交友,com.tian.you,740976
我会种,com.wohuizhong.client,118071
真友婚恋,com.trueu.hunlian,792433
萌JO,com.mars.mengjo,547954
看看,com.look.weiliao,792430
情感咨询壹点灵,com.cxzapp.yidianling_atk8,465344
NFE车范,com.xuebank.nfe.nfecar,661526
蜜爱-聊天交友,com.leeboo.findmee,742672
知了,com.cicada.cicada,81115
崽崽ZEPETO,cn.zepeto.main,753118
一应生活,com.ening.life,438936
电话手表,com.readboy.smartwatch,421852
微脸,com.wuhui.weface,727234
番茄语音社区,com.fanqie.yuying,792407
包厢,com.eyedance.balcony,784529
巫溪网,com.appbyme.app70702,423247
族记,com.zujifamily,198346
探陌遇爱交友,com.gzgdnet.tmyajy,760250
捉妖,com.duohee.lingxi,611593
狐友,com.sohu.sohuhy,630526
ME,com.yy.ourtimes,234634
声兮,org.xiaoxingqi.shengxi,624183
萧内网,com.xiaonei.forum,651169
越野侠,com.yueyexia.app,671003
百度知道,com.baidu.iknow,9519
一罐,club.jijigugu.yiguan,645443
Hong,com.suiyi.camera,779301
小宠伴你,com.petbanny.app,784507
窝圈,com.jmkj.wq,775584
一周CP,com.xiaoyu.rightone,466370
聊聊吧,com.sanmu.liaoliaoba,744416
豆瓣,com.douban.frodo,69155
律师侠法律咨询,com.lvshixia.app,775763
浦江网,com.pujiang.forum,740006
莱莱红娘,com.houshold.matchmater,737403
手工客,com.shougongke.crafter,440966
有爱宠,com.boyuanpay.pet,649687
糖糖,com.pengtang.candy,439029
哈罗摩托,com.jdd.motorfans,464446
墨池书法,com.mingzhihuatong.muochi,85356
公司之家,com.gongsizhijia.www,667328
正宗漂流瓶,com.bottlecp,774623
Cutey,com.yn.paopao,756557
律吧,co.ichoco.lawbar,753602
林鹿-聊天交新朋友,com.linlu.com,773701
豆皮,com.kupi.kupi,677518
墨客岛,com.mokedao.student,427510
好旦,com.hfl.edu,647041
吱声,com.dubmic.dubmic,780748
喂图,com.weitu666.weitu,783977
生日管家,com.octinn.birthdayplus,6934
大街小巷,com.example.administrator.redpacket,739823
法援宝,com.p1223271177.idq,792091
爱收入,iquest.aiyuangong.com.iquest,792087
活动行,com.accuvally.hdtui,60855
YOYO,com.qumitech.interestingbattle,774714
come,com.ohdancer.finechat,742735
电气部落,com.electrical.forum,768854
华强洽洽,com.hqew.qiaqia,591042
着迷,com.joyme,691610
Tinder up,com.weilailvzhou.tinderup,792063
校园集结号,com.zjelite.antlinkercampus,422895
黑黑,com.sixjoy.cymini,750445
即约,com.jiyue.hackbuteer,792055
get2Clouds&reg;,com.nosapps.android.get2clouds,506837
探客,com.pwl.tk.zyy,779721
服装微加工,com.kwrzcu.kcfsod,429493
同城约陌连麦,com.callme.sy,679003
一起求职,com.career17.chaidamu,507908
高见,com.pili.question,792013
领英,com.linkedin.android,5832
梅花婚恋,com.lycom.MarryChat,774268
0305,com.boss7.project,750362
21,com.adnonstop.camera21,663273
聊几句,top.doutudahui.social,792003
宠遇,com.pet_friends,786610
2U,com.eccalc.ichat,762054
链语社交软件,cn.btchat,791999
温州人力资源网,com.lnkj.wzhr,780870
凿凿,com.shenma.zaozao,688377
八交,com.zhixing.zhixingapp,631367
宠爱王国,com.za.app.cab,400774
小树林date,com.lmf.grovedate,791965
温岭生活网,net.duohuo.magapp.wlxzs,791953
tagapp,com.water.tagazine,791941
BAOJUN,com.cloudy.jun,769987
Yoyoo,com.beyondin.travialsociallife,791938
心言番茄社区,com.hktbay.myshow,745059
蜜多多,com.soowee.medodo,791925
闪多多,com.baile.shanduo,791923
爱情人交友,com.iqingren.app,663869
小寻,com.xiaoxun.xun,448363
有传,wqsdsc.com,741597
小秘,com.holly.android.holly.uc,120202
游艇王,com.youtingwang.yacht,791917
宠优优,com.dealuck.cyy,738309
知否,com.bitstartlight.xvideo,752255
积目,com.fenzotech.jimu,506654
唔哩星球,com.guji.loveparty,547955
VKiss,com.yizhuan.ukiss,722467
小回音,com.saiti.echo,678242
消息群发,com.wxhelper,732312
海豹语音,com.xiangyue666.xy,786221
天天狼人,com.sdbean.werewolf,450851
Dope,com.example.android.dope,741062
挚恋免费相亲交友,com.zhilianapp,779841
印象,cn.poco.interphoto2,394358
高手电竞-陪玩版,com.gogosu.gogosuandroid,446649
今今乐道,com.dggroup.toptoday,441934
名人朋友圈,com.sencent.mm,88796
谷谷乐,com.astrongtech.togroup,753843
西子湖畔,com.xizi.quan,77043
心扉,com.mklove.myt,791547
触宝电话,com.cootek.smartdialer,6523
声觅,com.wanba.vfind,788363
WorldTalk,com.zerophil.worldtalk,736669
伶萌直播,com.chengjuxing.lgmg,762557
家信通,com.taihaoli.app.antiloster,791536
WeWork 中国大陆,com.livenaked.hubapp,344032
恋爱蜜语,com.duomi.ky,791501
同桌游戏,com.tongzhuo.tongzhuogame,189434
喵扑,com.wemew.miao.pu,722126
AnyTracking,com.fw.gps.anytracking,791496
连信,com.zenmen.palmchat,448406
天刀助手,com.tencent.gamehelper.wuxia,422557
掌上穿越火线,com.tencent.qt.sns,68657
一约-专属聊天交友,com.yiyue5.com,733628
掌上飞车,com.tencent.gamehelper.speed,466792
见识社群,com.jianshi.social,465688
LOL掌游宝,com.anzogame.lol,31519
聊客直播,com.baitu.liaoke,760710
甬恋,com.nbwbw.yonglian,774605
找谁好,com.scysun.vein,440652
车轮社区,cn.eclicks.chelun,55690
玩蛋趣,cc.topop.gacha,742336
医生圈,com.dachen.medicalcircle,505788
美剧社,com.meiju.meijs,791398
DNF掌游宝,com.anzogame.game,21976
约宝宝,com.ourydc.yuebaobao,446593
CSDN,net.csdn.csdnplus,95173
编织人生论坛,com.appbyme.app71974,59597
煤炭江湖,com.xinqiao.meitanandroid,121457
随时约,com.yuanye.rentfriends,692390
鱼笙-情侣恋爱记录,com.jiangzg.lovenote,722074
蛋蛋语音,com.samael,546099
78动漫,com.lerdong.dm78,460073
创业天下,com.sxdachun.entrepreneurial_world,762513
17钓鱼,com.appbyme.app48768,562802
红豆直播,com.hongdou.mobile,791400
墨鱼,cn.org.moyu.moyu,760078
六点喇叭,com.znhd.sixdspeaker,791391
搜脉,com.example.ui,77592
行家说,com.android.caidkj.hangjs,426798
YOUMORE,cn.shaunwill.umemore,743267
37度,com.ssy.chat,758223
We部落,com.example.xbutton.helloweproject,761817
语音陌约,club.yangyic.market,791362
星期六,com.app.suyue,791360
遇道,com.ve_link.androids,457995
XChat,com.aomeng.xchat,774128
丸校,com.huixiang.myclock,680761
脉链MyLink,com.dlm.amazingcircle,764792
掌上英雄联盟,com.tencent.qt.qtl,55358
密码酷,net.ask123.mima96,34110
理想论坛,com.treasure.dreamstock,118273
遇你婚恋相亲交友,com.yuniwang.yuni,775636
蜜侣免费相亲,com.milvwang.milv,667365
探咖,com.tictalk.tictalk,683860
恋爱话术,com.app.ltdr,788317
PSK,com.psk.app,774251
碰头短信,top.yokey.ptdx,723876
猫神短视频,com.motion.android,745460
SANCTUARY,com.jfjsanctuary.start,753829
长兴岛生活网,net.duohuo.magapp.cxdshw,679313
好开会,com.idcvideo.haokaihui,682986
Soda苏打,cn.com.soulink.soda,745940
欧尚Style,com.changan.oushangCos1,728580
附近秒见,com.online.myceshidemo,741114
Share,com.hengye.share,462822
闲聊,org.xianliao,465664
朝聘天下,com.zhaopintianxia.app.zhaopintianxia,783971
蓝莓radio-语音交友,bric.blueberry.live,665918
个性头像,com.feiyou.headstyle,444187
贝圈,com.zuiai.bq,744431
钓鱼人,com.lchr.diaoyu,112151
聊客,com.qingshu520.chat,532801
NewBabe,com.nbmc.nb,699363
赏玩,com.xytx.payplay,753675
USTAR,com.ustar.chat,788813
问聊,com.wenliao.keji,439038
新昌信息港,com.appbyme.app43537,113965
多媒体调度,com.kylindev.dispatch,779481
安可,com.caoshuoapp.caoshuo,697260
一起塑造企业版,com.suzao.enterprise,774701
花解解,com.fdntalk.perfectlife,557521
来监督,com.leyongleshi.ljd,762420
Sound waves,com.liluls,753804
星伴,com.jixiuapp.android.app_464ed4e112e111e780c200155d45daa1,547658
临讯,cn.v1.im,545971
芒信,com.future.social,739932
塑料圈,com.myplas.q,439509
艺诺艺术,com.yinuo.app,682080
群到,com.tiejiang.app,789290
悠趣直播,com.uqu.live,743945
LAVA,com.auvchat.lava,779265
totwoo,com.totwoo.totwoo,136436
乐语,com.doyoo.lyygbuyer,507364
知更,fun.zhigeng.android,739496
刷刷看,com.shuashuakan.android,669338
互动吧,com.jootun.hudongba,55674
密码派,com.xuanyiai.pi,732728
苏耳,com.yinfu.surelive,783879
某陌-茄子视频,com.meiliao.sns13,775776
兔兔玩友,com.tongdaxing.tutu,737843
MarryU相亲交友,com.marryu,118464
合拍-同城兴趣交友,com.hepai.hepaiandroid,276065
清领,com.nd.app.factory.leadership,790493
庐江论坛,com.lujianglt.app,790489
红人直播,com.hongren.ui,419866
花田,com.netease.huatian,19571
意难忘,com.yinanwang.ynw,761299
全民共进,com.shuyun.qapp,446317
番茄社区交友,com.psof.ufhf,766355
懂表帝,com.cztec.watch,774659
说说短视频,com.unspaces.speakout,762080
兰花交易网,com.hmlan.android,134811
派派,com.ifreetalk.ftalk,19174
优享,com.thgy.ulord,726697
趣聊交友,com.bingo.quliao,668966
段友,com.dyouclub.jokefriends,663258
点点猫,com.small.eyed,536909
亦乐,com.yile,790448
晓知识,com.zsff,622227
和飞信,com.chinasofti.rcs,457150
面具同城约会旅行,com.ms.mask,785694
喜邻,com.grandlynn.xilin,465751
橙瓜,com.chenggua,121777
遇见漂流瓶,com.innovation.driftbottle,790429
网喵,com.sicent.app.baba,104207
海明威,com.haimingwei.fish,641792
去敲敲,com.quqiaoqiao.client,680630
红信圈,com.hongxin1.rm,506678
百事通,com.cpic.team.lexbst,679562
最左日记,com.dq.riji,778345
点点约玩-语音开黑,com.tuwan.yw,595727
Ulive,com.ulive.live,774216
聊天话术,com.jshepai.client,789259
鱼丸大人,com.ledot.ugc,756079
南山对讲,com.nawensoft.nsptt,736173
撒噗,tv.everest.codein,692493
博悦荟,com.boyuhui.yd,790396
KK部落,com.android.kktribe,733722
双卡助手,com.cozylife.smshelper,644954
玫瑰约会-聊天交友,com.rosedate.siye,588181
掌上WeGame,com.tencent.tgp,329513
yaktalk,com.cccampus.younglife,677290
微博极速版,com.sina.weibolite,464834
咕咕语音,com.gugu.android,695919
Only婚恋相亲,com.only.xiaomi,643737
SUGAR苏格,club.sugar5.app,545851
与你,com.uneed.yuni,536151
MyBay,com.everhomes.android.mybay,503648
1号社区,com.oecommunity.oeshop,88551
朵云,com.duoyuu.community,743331
就暧美,com.qhsnowball.beauty,785739
左象,com.lianqun.cacart,790364
衣启丸,com.litchon.yqw,675708
掌上即墨,com.zhangshangjimo.forum,465729
奥氏族谱,com.aojiapu.app,732834
微距影厅,marksen.mi.tplayer,757939
红鹊桥,com.hongchenkeji.dw,332774
CROSS,com.mengbao,685813
嘿car,com.autohome.heycar,628162
养殖技术,com.appbyme.app221868,453600
爱豆,com.idol.android,56062
魔拼,com.mp.morepick,726917
湾趣,com.darelove.app,666153
石榴,com.pomegranate.mm,609098
同城热恋,com.qinmi.date,281156
约会吧,com.youyuan.yhb,9118
wowo语音,com.jj.wowovoice,773725
闪约-附近陌约交友,com.sirong.dating,775248
大威海,com.daweihai.forum,759591
莱莱婚恋,com.me.marryme,739433
龙巅鱼邻,com.etwod.yulin.android,406995
喜翻,com.yunche.android.kinder,779826
nice,com.nice.main,58458
云拨电话,com.yunliao.yunbo,789306
附近陌约,club.cdwoai.market,747551
TECARE,com.teware.tecare,771835
MOJIGO,cn.block12.mojigo,463586
小半,com.jiayinghudong.xiaoban,789402
在行,com.guokr.mentor,83834
LOFTER,com.lofter.android,16938
写字先生,com.font,70558
我有伴,com.silverbullet.partner,675330
时光流影,cn.timeface,64320
Poi,com.pppoi.poipoi,760609
文岳同行,com.wenyue.peer,733814
米聊,com.xiaomi.channel,323
昌智汇,com.everhomes.android.changzhihui,468043
全民吃瓜,com.dianyou.app.market.dyclient,640750
摩单单身,com.mosingle.mdds,557113
猎游-陪玩聊天平台,com.feiteng.lieyou,578178
恋爱漂流瓶,com.driftbottle.app,346772
最宜昌,com.zuiyichang.forum,789914
盘丝交友,com.psd.live,464254
珍爱网,com.zhenai.android,17165
相亲站,cn.xiangqinzhan,509138
济企通,cn.jnzxq,745936
轻音,com.yanjing.voice,771035
菜园,com.tomato.view.tomato,789880
抢头条,com.roadsideclub.news.newsclub,730780
知蜜,com.live.zhimi,782502
陌聊秘探交友,com.date.trident,767018
展信,com.immsg.yyx,789856
光芒,club.cogo.cogoproject,732814
陪我聊,com.cdcl.cfriend,671878
定位电话,com.imibean.client,424157
小手电,com.iqiyi.cola,750978
Bubble,com.ai.quantanimbus.bubble,753119
噼咔噼咔,com.pikapika.picthink,739405
See,com.caij.see,737804
缤果交友,com.and.bingo,458243
三明芭乐网,com.appbyme.app55464,113787
大加,com.bq.intouchandroid,739478
京交会,com.systoon.jingjiaohuitoon,635219
挖客,com.adot.mining,699406
爱如电,com.gw.huiyou,732759
犬易,com.by.aidog,730450
微信语音导出,com.hxyh.wxmp3,757960
小亲生活,com.xinliandui.xiaoqin,789355
米米包,shaozikeji.mimibao,768829
欧亿婚恋,com.ouyi,762532
租我么,com.daotuo.rentme,421274
茉丽鱼,com.junsiyy.app,789444
校脉圈,com.xmqvip.xiaomaiquan,526042
多友趣,com.kids.quwanban,722153
嗨够,com.haigou.live,672084
知识星球,com.unnoo.quan,119352
面面约,com.hotniao.project.mmy,627448
靠谱e家,com.kp5000.Main,345440
实话,com.shshcom.shihua,789406
Love婚恋交友,com.xqhunlian51.com,535971
爱约会-聊天交友,club.quliaoer.shichang,771456
浅爱聊天交友软件,com.lianmai.qianai,779831
加一次元,com.jiayiworld.jiayi,607033
三天情侣CP,com.haijun.dategirls,744494
HD199,com.hefoni.yy,671470
TT陪玩,com.tt.voice,783355
云视联,com.citc.ysl,789386
配配,com.xmhaibao.peipei,613242
快聊,com.jiaoyou.xiangyu,750509
易班,com.yiban.app,74075
城市之间,com.betweencity.tm.betweencity,789371
凡乐,com.fanle.fl,684632
钻石派对,com.diamonds.party,789369
番茄社区,com.chushou.findingme,443746
Linda,com.wecome.example,558079
发我,sxzq.ficc.fawo001,771055
尔闻-情感心理咨询,com.aihuawen.erwin,643548
莱信,com.netcent,789334
番茄交友,com.ytxf.bobo.fqsq,766434
爱我中华,com.laozhanyou,789324
徽网,com.libo.myanhui,118617
购齐逛起,com.apyf.tusousou,692802
哇呼,com.dhh.easy.wahu,768197
土木在线,com.co188,767112
铃铛宠物,com.goumin.forum,68867
高手论坛,com.lymyl.lylt01,777602
嗨浏阳,com.liuyang.app,789313
飞视,vchat.faceme,781334
小红书,com.xingin.xhs,69661
华人家谱,hrzp.qskjgz.com,692795
前任博物馆,com.gos.exmuseum,449754
昆山论坛,com.kshot,233139
善缘佛堂,com.syw.chapel,119179
附近探探交友,com.mmjy.momojiaoyou,696167
东论,com.seaway.east.activity,434551
大家坛,com.giabbs.app,557315
千耳,com.qianer.android,788810
JOIN,com.guduzhengjiu.join,630538
旁趣,com.puncheers.punch,466807
YY手游语音,com.duowan.gamevoice,209755
觉醒东方,com.fsxq.oaca,670958
快手小游戏,com.kwai.sogame,548601
贝语,cn.beiyu,760329
多闪,my.maya.android,755595
易直播,com.ccvideo,81225
人气直播,com.guojiang.meitu.boys,375400
轻奢-伴游陪玩,com.unclegroup.app,778396
天天朋友圈,com.syt.youqu,788815
萌股,com.hoolai.moego,676332
听会儿中医,com.zjst.houai,524713
Hello语音,com.yy.huanju,61501
黑猪电竞,com.netease.easybuddy,683831
嗷呜,com.tonghao.android,732788
竞速论坛,com.appbyme.app102916,577901
JusTalk Kids,com.justalk.kids.android,665949
JusTalk,com.juphoon.justalk,64586
相约榕树,com.rongshu,788809
灵魂面具,com.dreamtd.strangerchat,774142
擦肩,com.youxi.chat,743829
素友,com.app.bgm,788786
Instagram提示,com.topapps.Guidinstagramxiaomi,788773
善缘道场,com.syw.dojo,788762
觅聊,com.cddy.isee,536306
百度贴吧,com.baidu.tieba,315
秘聊,com.shengjuntech.im,680650
魔力小游戏,mobi.soulgame.littlegamecenter,758103
真心泡泡,com.zhenxinpaopao.app,788736
奏耐天津,com.zntj.app,788723
超级计划,com.yaozu.superplan,423499
风月直播,com.imichat.fengyuezb,550517
聊伴-与美女聊天,com.chaodong.hongyan.android.liaoban,573599
语玩语音-聊天交友,com.yuwantech.yuwan.xiaomi,696012
互联网家,com.unicom.gd.iot,535809
新漂流瓶,com.yilahuo.driftbottle,446594
爱奇艺泡泡,com.iqiyi.paopao,638638
搜恋,cc.solian.shareapplication,467893
BrockHome-布鲁克家园论坛,ca.brockhome.brockhome,788400
喵特,com.nyato.client,59809
腔友圈,com.qiangyouquan.forum,788703
小邂逅,com.kding.ntmu,761898
智能人,com.cmeplaza.intelligent,466180
Linkus,com.yeastar.linkus,461055
hope,com.ailian.hope,453870
随缘漂流瓶,com.sy.bottle,751299
聊吖,com.douchat.packet,775599
奇遇漂流瓶,com.meetfave.mgbottle,775089
微光,com.qingqi.dianbo,537488
掌嗨,cn.handhi.im,735360
遇见,net.iaround,129
Soul,cn.soulapp.android,432331
恋爱话术助手,mu.lianai.www.mutou,753127
小裙纸,com.xiaoqunzhi.lolita,751311
附近秒约交友-同城,com.doujiangstudio.android.makefriendsnew,431704
小恩爱,com.xiaoenai.app,7464
基督徒社群,ltzc.com.christianassociation,788404
短信群发平台,com.hfysms.app,505682
谈对象,com.dllingshang.lrxq2,788408
几甜,com.jitiancp.jitianapp,762565
黄瓜视频,com.dingceng.cucumber,769062
单身聚,com.hualian.project.dsj,779714
MdVee,me.akey.akeychat.mdvee,788401
趣约会,com.quyue.android,788395
饭米万能,com.sumernetwork.app.fm,788261
探约探爱-同城交友,com.jieyuanppp.tanyuetanaixy,759567
善执者行,com.menglan.zhihu,779797
咋了,com.zhongying.aq,733709
摇一摇交友,com.blackbean.dmshake,462229
正气,com.zhengnengliang.precepts,101979
城市快讯,com.chengshikuaixun.forum,788346
肆放,cn.fast4ward.community,723474
掌律律师法律咨询,com.luosuo.lvdou,443485
气泡CP,com.guman.bubblecp,788308
视否,com.za.youth,679640
宠友帝,com.chongyoudi.chongyoudi,757280
壳壳语音,com.keke.erban,788285
文字波,com.example.anizwel.poeticword,736195
陌生人的约会,com.hades.www.msr,698260
班外,com.tongqu.myapplication,432138
高尔夫江湖,com.golf.brother,91673
享回家,com.dpower.st.owner,678243
恋爱话术,com.example.rain.girlprject,731460
郎溪圈,cn.langxiquan,781433
猫博,com.catbook.www,625029
最明星,com.mingrentang.mrt.mingrentang,777116
滔滔对讲,com.kylindev.totalk,184021
乡音,org.chinadialects.main,419185
绯闻语音,com.gossip.ziv.gossip,634640
团队宝,com.anze.android.xdoolii,96934
Young,com.youngorigin.young,779809
喂C,com.vc.app,604833
铛铛,com.aladdin.dangdang,507913
华信,com.huahan.business.im,459981
空耳,cn.sheng,508076
bigfun,cn.bigfun,695092
概率论,cn.gailvlun.gll,733507
西五街,com.liulianp.android,691597
点心,com.happytime.dianxin,738333
糖果圈,com.tangguo88,767025
爱族群,com.xinhuotech.family_izuqun,564116
买萌约拍,cn.mmote.yuepai,466275
哇哦桌游,com.qm.WaoBoardGame,724372
BAT,com.sisisan.batmessage,771013
范团,com.wetime.fanc,548530
Blued,com.soft.blued,43936
零玖伍肆,com.ningxiaren.forum,454172
小鹿情感先生,com.mei.melkor,98323
大学橙,hx.com.hxapp,760189
中国代理通,com.taiyasaifu.app,463839
色拉次元社,com.mb.picvisionlive,426801
心动交友,com.kaitai.xdjy,787055
见面了,jianmianwangluo.jianmianle.com,749465
首都献血,com.shinow.bjdonor,459569
爱献血,com.shinow.idonor,641945
有聊同城交友,com.mm.youliao,636087
怀柔通,com.systoon.beijinghuairoutoon,787050
全球智聘,com.zoeker.pinba,765751
校狐,com.dinghaokeji.schoolfox,593380
笔芯,com.dingceng.ssby.bixin,743936
17dl,com.livehelp,508638
欢脱,com.zhongnice.android.agravity,775754
飞鱼-聊天交友,com.flyingfish.dv.flyingfish,743816
一伴婚恋-相亲征婚,com.yiban1314.yiban,427102
淮南精选,net.duohuo.magapp.ytsh,663259
相同,com.xiangtong,737848
伴伴,com.imbb.banban.android,624199
大街快招,com.dajie.official.chat,769309
靓号之家,net.frontdo.wzj,557703
测测星座,com.xxwolo.cc5,91862
念想,com.wuwo.nianxiang,734348
交友吧-同城聊天室,com.cdjy.jyba,685028
工美浙江,com.yixiang.runlu,755983
廊坊都市网,com.langfang.app,776641
abbs,com.master.alian,766396
医者无界,com.pier88health.app,778391
训狗养狗-宠物社区,com.doding.dogtraining,769957
微爱,com.welove520.welove,17177
暖流,com.mmc.feelsowarm,722005
捞月狗,com.laoyuegou.android,97416
企业内外,com.yc.qiyeneiwai,786995
邻友圈,com.wj.wjbbs,96392
微声音,com.wei_sy.ws,638030
藏玉,icangyu.jade,461698
药客巴巴,com.ykbb,766061
缘加相亲,com.liuzxx.ycshzot,786962
K信,com.jrsoft.ymmmanager,463779
第一弹,com.diyidan,87137
Owhat,cn.owhat,98594
音泡,com.gmlive.emperor,766049
吱呀,com.yibasan.squeak,689846
红图,com.sskj.redchat,636851
云家园,com.licheng.cloud,443508
莆田小鱼网,com.ptfish.forum,361376
即刻,com.ruguoapp.jike,93815
积木,com.mqq.ssby.unclenoabout,693508
TRCNG,cn.candlemystar.trcng,772230
小猪导航,com.jiabin.xiaozhu,373775
推推互动阅读,com.aixiaoqun.tuitui,732809
来信,com.laixin.app,774785
音波,com.pengchatech.yinboclient,786609
度金头条,com.i_quanta.sdcj,640681
同城约见,com.erotsy.cltdsso,771308
戴南论坛,net.duohuo.magapp.dainan,737379
狼人世界,com.wodidashi.wolf,446044
律律律师端,com.lvlvlaw.pro,535711
律律律师法律咨询,com.lvlvlaw,426636
艺考吧,com.zsyl.ykys,687635
韩剧TV社区版,com.hanju.hanjtvc,772347
族谱,cn.zupu.familytree,444809
玫瑰婚恋交友,com.meiguihunlian,64355
海岸馨服务,com.everhomes.android.haian.park,301973
荣超股份,com.everhomes.android.park.rongchao,457179
互联网产业园,com.everhomes.android.gdwy,504036
大沙河建投,com.everhomes.android.dashahe,549130
智富汇,com.everhomes.android.zhifuhui,536164
新微创源,com.everhomes.android.xinwei.innospring,557909
纹身大咖,com.weimi.mzg.ws,105853
天企汇,com.everhomes.android.tianqihui,641920
自由蜜蜂,com.liaoying.mifeng,761859
表情包制作,com.coolapps.doutu,562865
寻缘约见,net.xy.yj,786559
投吧,com.toubaclub.app,786520
小宇宙社区,com.pangu.first,761302
鱼丸空间,com.xianlai.social,588297
灵璧论坛,com.lingbiluntan.forum,745796
迷你圈,com.sqhd.app.miniquan,757962
黏虫,com.sifu.sifu.sifuthree,779844
回吧,com.yugong.Backome,394335
百度 Hi,com.baidu.hi,81079
微鲤看看,cn.weli.story,590958
小鹿情感,com.mei.wood,421376
MBA俱乐部,cn.mbaclub,756719
萌声,com.yizhuan.cutesound,662296
咪爪,com.mizhua.app,464648
邻在,com.pikaapp.pika,625641
中银全球撮合,com.boc.gmsa,507797
CP速配-交友聊天,cn.innogeek.cp,723318
超级表白墙,com.zt.chaojibiaobai,786196
蝶声交友,com.qk.butterfly,726780
咨我情感,cn.com.zhiwoo,433261
QunQun,com.shangjia.qunqun,663517
Pick语音,com.miguan.pick,683830
爱植拍,com.sinosoft.plantrec,669036
推音,com.tuiYinChatRoom,762490
有伴-陪我聊天,com.maoshang.youban,688688
情人探探：约会版,com.tm.qingtantan,745836
枪战圈,com.qiangzhanquan.app,509954
邦族,com.serve99.helpservice,759479
相亲日记,com.example.admin.blinddatedemo,786104
掌上莱州,com.laizhou.app,749546
情脉脉momo,com.tm.qingmomo,738238
Gorkor,com.gorkor.gk,456214
伊对视频相亲交友,me.yidui,463720
阿瓦隆Online,com.wodidashi.avalon,460080
泗水通,com.sishuitong.app,786106
海安零距离,com.appbyme.app20757,786102
玩吧,com.wodi.who,195245
科界,io.dcloud.scimalla,461035
捡对象-聊天免费,com.yuetun.jianduixiang,429498
小V咖,com.veeca.ted.v,672016
带鱼电竞-游戏陪玩,com.scwl.daiyu,557742
大嵊州,com.bigshengzhou.v1,533246
自由发,com.ziyoufa.forum,533287
丁丁心理研习社,com.dingding.yanxishe,509836
走马电影,app.zoommark.android.social,684631
泡泡语音交友,com.yx.paopao,725445
墨色古风联盟,com.mose.community,722441
花一派,net.huayipai,783433
左右-图片交友,com.rydj.ZY,786034
表情in,com.kaiqi.snapemoji,425469
Sudy-高端交友,com.sudyapp,451546
会玩,com.wepie.weplay,564434
搜鸽天下,com.sougetx.souge,615257
来逗,com.jxwl.idouzi.flowbank,689151
v聊客聊天交友,cn.mimilive.xianyu,747523
迷你盒子,com.app.Minibox,733581
拼友团,com.ttc.gangfriend,785747
穷聊,com.qiongliao.qiongliao,234641
5iMX我爱模型,com.appbyme.app50136,785629
探她交友-约会聊天,cn.tantady.tt,443253
联盟商会网,com.globalalliance,755877
SDGun水弹论坛,com.appbyme.app283982,785707
聚惠活动,com.xunqi.mm,774272
蓝色小视频,com.lnkj.tzvideo,784512
美篇,com.lanjingren.ivwen,99755
胜芳大杂烩,com.sfdzh.www,785492
天涯论坛,com.baycode.tianya,56615
尤蜜交友聊天,com.youmiquan.app,772662
如室,com.app.rushi,573606
推赞,com.lede.new27s,695110
梦舞台,com.jiuhangkeji.dream_stage,759577
趣圈,ibuger.afeidianpuxiaoshou,620610
闪约聊天交友,com.zlf.timeto,445985
夜来聊-附近漂流瓶,com.flqy.nightchat,587922
众手测试软件,com.getinfo.app.uniqoe,783823
二十中工会,com.example.administrator.mpkj1,536652
农村红娘,com.hongniang.android,759595
入夜,com.lightiscoming.ruwo,550070
PA语音,com.onepunch.papa,755416
皮在痒,com.algaeboom.android.pizaiyang,757953
Uki,cn.neoclub.uki,509797
附近陌陌约,com.changtai.fjmmy,785509
LUCKYGO,com.maihe.letsgo,755494
假装cp-情侣交友,com.hlds.cp,677536
择地而生,com.zdes.administrator.zdesapp,739422
美丽约,com.meiliyue,43920
XMeet,com.mfh.xmeet,648426
经管之家,org.zywx.wbpalmstar.widgetone.uex10075364,110814
宠音,net.xiudou.pet,692806
奇妙植物,com.pikaurd.succulentgarden,432202
空空鱼,com.fushuaige.ky.likefish,775752
糖水,com.girtu.girtu,442624
童梦无忧,com.app.childus,689161
共为在这儿,com.gong_wei,687937
我的访客,io.dcloud.H57DCE846,773759
哔咻,com.zdream.community,737341
同城约会聊天交友,com.qmyuan.mqyan,768132
微喇对讲,com.voistech.weila,129892
良缘婚恋-同城相亲,com.parorisim.liangyuan,462369
有茶有器,com.mldlm.ycyq,509566
人人韩剧,com.leku.hmq,428527
好赞,com.nice.live,617392
剑网3推栏,com.seasun.tech.woh.jx3companion,777603
Air Translator,com.newairtranslator,766334
POP,com.sundayfun.daycam,691082
花魁,com.quezhao.huakui,730370
ii同城,com.zuimeiqidai.android.dahan,775789
谜案馆,e.room.Escape,770905
掌上天津,com.hyhy.view,9201
易约会-漂流瓶聊天,com.xiaofenyu.easydate,505057
人人,com.renren.mobile.android,366
三星盖乐世社区,com.pengtai.glaxyzone,784556
LoveNotes,com.nosapps.android.lovenotesx,91888
StarStar,com.daydayup.starstar,699417
SelfieCheckr,com.nosapps.android.selfiecheckr,80047
BotherMe&amp;U,com.nosapps.android.bothermenotes,36720
情说,com.lingshi.qingshuo,649753
艺趣忠州,com.yiquzhongzhou.forum,784566
千米红包,com.qmsh.hbq,601809
E家校,com.fssz.jxtcloud,783827
一块跑,com.ykp.runtogether,783882
万象空间,com.jdd.android.VientianeSpace,695132
虚拟恋人-娱乐交友,cn.dylovemm.csyh,430243
缘助连信约会交友,com.fb14.yuanzhu,774144
星动,com.xqbl.starMovement,784503
寻欢-轻语,com.duowan.xunhuan,456333
中国海员之家,com.mangdin.seaman,690543
百聊,com.shadow.talk,504265
出格,com.aishi.breakpattern,671147
旅行baby,com.wanimal.travel,751947
chat,com.dragon.chat,783410
Cue,com.immomo.wowox,738390
半边鱼,com.sdo.nuanyin,548769
天天老友,com.ttlaoyou,768869
黑鲨社区,com.blackshark.forum,629937
再循塑料网,com.example.zxwzl,439316
游人帮,cn.yourenbang,667052
视网么AR,com.pathprint.chat,91865
私讯,com.zwltech.chat,772298
小度在家,com.zaijia.xiaodu,600043
315知道,com.aspirecn.consumer,461457
JM沟通,com.juemigoutong.im,770915
IPOLE一极,com.localworld.ipole,781347
有说,cn.com.rayton.youshuo,784397
Summer,cn.imsummer.summer,505370
哟哟,com.huijierenhe.yoyo,679069
想见你,com.see.you.plan,433559
小狗在家-宠物寄养,com.viptail.xiaogouzaijia,88531
同城约会社交聊天,com.leetek.melover,761441
皮皮PiPi,com.chudiangameplay.android,756011
在线乐清,com.yq577.forum,783444
星璨梦工厂,com.trustexporter.dream,722160
华夏善宠,com.xj.jiuze.example.administrator.pet,784322
叮咚换宝,com.aifeng.dingdongcustomer,752340
叮咚换宝回收端,com.aifeng.dingdong,752434
海底捞,com.haidilao,72460
魅力约,com.pp.wsy.bosom,767115
梦匣子,com.mengxiazi.mxzApp,741462
老挝之家,com.laowozhijia.forum,666256
哈哈饭团,kr.co.gifcon.fandomschool,681776
微蜜-聊天交友,com.leeboo.wemee,779285
MIUI论坛,com.miui.miuibbs,112109
艺下,com.dw.artree,461812
快画,cn.nineton.avatar,524786
影楼从业者,app.yinglou.com,783776
阿克苏同城,com.chance.akesuwang,783831
你妳婚恋,ninihl.com.app,537041
名片识别,com.identify.business.king,768878
情说专家版,com.lingshi.qingshuomentor,776660
泰伯,com.taibo.taiboapp,667304
叮趣,com.cn.waper.dingqu,444386
网易大神,com.netease.gl,634655
车涯,cn.carya,444631
Up直播,com.asiainno.uplive,382972
情侣玩吧-娱乐交友,cn.qlwb.qlwb,506049
陪我旅行-同程交友,com.xiaofenyu.travel,441863
陌友,com.moyou.moyoux.xmoyou,458480
宠信,com.chongxin.app,136201
戏精大侦探,com.quling.jubensha,667498
小葫芦星球,com.xiaohulu.wallet_android,676912
贵觅,com.dingceng.guimi,537118
CCTV微视,com.ctri.ui,62698
老乡处CP交友,shanyao.zlx,781390
PickU,com.duitang.oui,783912
东台企业版,com.f18362219279.xui,772283
小巴扎会员店,com.aichi,577762
My0511,com.my0511,8263
大秀域,com.tangdada.showyu,624985
飞翔,com.feixiang.im,783861
小对象,com.loovee.dmlove,427382
看准,com.techwolf.kanzhun.app,309211
汇聚地,com.mizholdings.miphone,736083
DNF助手,com.tencent.gamehelper.dnf,453644
绍兴E网,com.alex.e,63733
SoulSense,com.android.soulsense,558540
篱笆社区,com.liba.android,17601
话匣,com.kufine.huaju,772247
ii语音,com.zuimeiqidai.ii.android,663275
迷音-声音交友,com.imlianai.minivoice,675996
蜘蛛电竞,com.zzdj.esports.android,678246
开心狼人-双身份,com.longtu.lrs,666255
我的温大,cn.edu.wzu.wsnew,783394
退休了约吧,com.jinpei.ci101,687580
固安圈,com.guanquan,782945
失恋,com.yryz.lovelorn,765358
徒遇,com.qcshendeng.toyo,783397
情感先生-恋爱话术,com.rlkj.mrlove,691097
玩洽-语音视频交友,com.yyk.whenchat,537061
默往,com.mostone.life,762102
来租我吧,com.hiremeplz.hireme,413908
麦萌对手戏,com.mengfm.mymeng,102015
花猪快信,com.albatross,766347
世纪佳缘,com.jiayuan,30282
乐聊同城闲聊交友,com.liaotian.jiaoyou.leliao,734351
成家立业,com.jiayewang.huaqianguo,732326
南美水族,com.appbyme.app276228,783370
芝麻问答,com.zhimawenda,585022
番茄社区tomato,com.fanqie.chat,764841
彩彩,com.caivideo.caicai,726874
手游宝,com.tencent.gamejoy,79696
鱼耳,com.yupaopao.yuer,637427
亲合,com.wuxin.affine,458787
绚铃,com.enjoy.bell,760857
恩启社区,com.ingcare,468287
陌语约聊,com.jm.tcyl,778304
小甜饼,com.bloomsweet.tianbing,663735
渥谱,com.brandhome.mobile,663310
像素蜜蜂,com.ninebroad.pixbe,745901
易信,im.yixin,44752
建融慧家,com.ccb.scchome,782972
云通讯录,com.pzdf.qihua.txl,466199
你画我猜,com.wodidashi.paint,684893
养花大全,com.qicaishishang.yanghuadaquan,641227
嘿嘿语音,com.ztgame.bigbang.app.hey,545771
日子里,com.rizili.android,740899
分身多开-虚拟定位,com.sheep2.dkfs,442278
猎象电竞,net.liexiang.dianjing,609141
迷鹿,com.reading.gaoneng,782807
庭秘密,com.tst.tinsecret,782901
PP约玩,com.lizhi.pplive,693870
Melinked,com.melink.android,101827
洞见者,cn.uctimes.insight.android,620593
牙牙关注,com.attention.app,100837
一个陌生人,com.yuetun.moshengren,685437
玩聊,com.clou.sns.android.anywhered,456
推理大师,com.youkagames.murdermystery,675995
小黑裙,com.fuman.xiaoheiqun,765383
校园蛋蛋,com.yifa.kuai,777112
声秀,com.shvoices.whisper,618207
尾牙大学,com.yiju,651300
河顺集中营,com.tl.soldier,782464
玩皮语音包,com.warmlight.voicepacket,666005
园园Live,sg.bigo.xhalo,112919
移动V号簿,com.shengfang.cmcccontacts,468010
yoyo交友,cn.xinzepin.yy,745466
欧核足球,com.aiball365.ouhe,757493
等到,com.loveofcam.obtk,742741
密友圈,com.cmic.college,504451
正和岛,com.zhisland.android.blog,441228
校通网,cn.campus.news,782493
领主推荐,com.ofbank.lord,698243
图洽,com.netease.nim.dl,775222
因特约,com.quanjin.interyue,635212
邻云,cn.cloud.ly.lcloud,782479
泡多多,cn.citytag.mapgo,458204
即刻约,com.trident.hungerdating,455955
派信,com.dejun.passionet,693326
摸鱼塘,com.jens.moyu,617545
面具公园,com.maskpark,756050
超级星饭团,com.superstar.fantuan,105718
Space FM,com.pop.music,740500
诚信住建,cordova.sskj.cxzj,777113
秀才荟,com.eliteshow.xch,756725
云瞳亲友,com.wh.assistant.rebuildeyes,682984
电竞圈,cn.dianjingquan.android,84555
火信,com.huochat.im,725385
水产通,com.shuichantong,755509
洞庭虾网,net.duohuo.magapp.dtingxia,757164
恋爱圈,com.imenuo.dating,728569
和苗儿童手表,com.toycloud.watch2.YiDong,430739
INSTAMAX - Insta Downloader,com.instamax.storysaver,781485
Facecast - 国际直播视频聊天交友软件,com.guochao.faceshow,644733
互益圈团,com.huyiwo.huyi_android,576920
线头公益,com.apex.benefit,502645
脑洞,com.codingending.mindlib,766405
友恋星空,com.thelovesky.hyunsu.www,757452
车派,com.lookbi.carparty,757285
中银E校园,com.bocop.ecampus,611733
网家家,com.cnlive.strike,679338
Spot,com.getremark.spot,755428
约杯咖啡,com.qiyuhz.yuechang,754273
贷款管家,com.xulu.loanmanager,458319
同城秒约,com.ganyu.tcmy,758221
164法律服务,com.app.yls,760230
我是谁家谱,com.qinliao.app.qinliao,545991
心意红包,com.cifmedia.starwish,507826
红人魔方,com.shanjian.hongye,667321
二半,com.hz.jkq.dimidiateapp,625772
友友教师,com.youyou.teacher,505735
姜葱蒜,com.zx.jcs,693885
嘿嘿社交,com.bingo.heihei,557067
互云脉片,cn.huyun.maipian,667362
LANLAN,com.alibaba.android.luffy,663359
Patoo,cn.ipatoo,667462
hey five,com.tata.heyfive,781488
友乎,com.bookuandriod.booktime,688402
西贤社,com.xixianshe.shiye,747574
享聊游戏视频交友,cn.sharesmile.enjoychat,548093
精选头像大全,com.elfinapp.jxtxdq,525876
今日点亮,com.topjoytec.jrdl,563496
春聊聊天交友软件,com.ganyu.makefriends,577800
小红圈,com.redring.app,648297
微恋交友,com.thsseek.welove,120425
珍爱情感,com.za.consultation,687650
信用魔镜,com.xinyongmojing.cx,781342
防腐宝,com.lxkj.fangfuquan,780998
机务在线,com.appbyme.app137522,768858
我是卧底,com.wepie.wespy,63705
超级人脉,com.soujoin.supermai,631216
潮约,com.xinlian.cy,758076
比心,com.yitantech.gaigai,468254
平行世界,com.llspace.pupu,91429
失格日记,com.utaidev.depression,736185
东杭州,net.donghangzhou.qpp,778415
东湖社区,com.dhsqbbs.bbsdhsq,780945
了了,mega.sdbean.com.assembleinningsim,768857
PUSH,cn.longboard.android,460898
小猪交友,huanyun.pigmakefriends,780940
丸子-你画我猜,com.iwanpa.play,427572
养鸟人,com.magicbeans.ynforum,667638
值接,com.chuangya.wandawenwen,780302
小呼吸,com.tianxin.xhx,663563
在线钟祥,com.zaixianzhongxiang.forum,447851
熊洞语音,com.wifi.mask,750506
壹佛历佛学,com.xiaoyu.yfl,152803
乐享管家,com.benben.guanjia,780888
小天才,com.xtc.watch,101822
Bainu,com.zuga.im,117251
唐河0377网,com.appbyme.app177382,291087
树知道,com.junyunongye.android.treeknow,682572
Dost,com.appbyme.app164026,780845
名望,com.movingupon.mw,732355
张掖生活网,com.zhangyeshenghuowang.forum,780340
同城约会聊天交友,cn.tc.yh,748270
嗨老会,com.xiaosuokeji.hailaohui,680670
门城通,com.systoon.menchengtoon,458737
真迹,cn.zhenji,287744
短信助理,cn.cmos.xin,685465
杭州圈,com.hh85.hangzhouquan,681804
初遇漂流瓶,com.nineck.ifeedyou,684583
阿聊,cn.aliao.autochat,547116
芥摩,com.jamoo,687990
逗推,com.jty.doutui,690190
会见,org.suirui.huijian,761954
人生成就,com.hxcsreact,732724
趣伴,com.shiqidao.quban,739452
掌上西宁,com.xnrtv.zsxn.activity,312746
CP狐,com.zhadanyu.cpfox,640442
爱米多,com.honglu.cardcar,723382
聊得来,com.meetqs.qingchat,756051
闪电鱼,com.shandianyu.app,508636
电竞帮-代练陪玩,com.tianrui.nj.aidaiplayer,451907
万万,io.dcloud.H50D8112A,780292
厨房日记,com.ebanswers.kitchendiary,450854
安排,com.heixia.anpai.androidapp,730418
联汇小灵,com.linker.smartbrain,780239
GaGaHi,com.zoneyet.gaga,117967
语萌,com.jx.sprout,757199
花椒恋人-人人闲聊,com.aiai.seight,564341
旅法师营地,com.gonlan.iplaymtg,423105
西米,com.chat.ximi,756713
小行星,com.study.ansteroid,674610
胜利社区,net.duohuo.magapp.shengli,200722
香蕉说,com.bana.bananasays,634064
MM星球-聊天软件,com.flqy.mmstar,624310
不二律师法律咨询,com.lvlvlaw.lvlv2,456544
迈迈,com.antuweb.track.tracker,441168
同城约会,com.netease.citydate,53559
手机变声器,com.hi.voicechanger,119600
501,com.appbyme.app123911,507933
echo,online.skyplan.echo,684219
D6社区,com.d6.android.app,617453
建发慧生活,com.cndrealty.athome,752385
币阅,com.lmetoken,779687
觅觅,com.blackbean.duimianmimi,383564
千问问答,com.balatoo.client,778452
陪我闲聊美女交友,com.youthful.xianliao,761877
你哪人,cn.v1.zyou,762424
咪哒星球,com.aimyfun.android,757393
蜜聊-聊天交友,com.leeboo.leelive,737236
附近约会,com.leeboo.fjyue,739447
德克云学堂,com.school.decoclouds,756542
V5电竞-陪玩代练,com.v5.RYDJ,642372
CC,io.dcloud.H5D279696,737412
陌聊,com.net.moliao.redirect.ResolverD.interface4,739468
秀蛋,com.xiudan.net,506255
我发誓,com.ylkj.swear,689053
智慧科协,com.b412759899.akm,751961
茶室,com.appbyme.app286713,683834
棉花糖-直播交友,com.mobilelive.showCommunity,770046
四海亦家,com.sihaiyijia.forum,535762
果城网,com.guochengwang.forum,641775
一起塑造,com.suzao.personal,671524
多耳倾诉,shopping.hlhj.com.multiear,760248
雅昌交艺,com.artron.mmj.seller,163882
碰星,com.yancheng.pengxing,640032
小春网,com.incnjp.m,779258
江汉热线,com.jhrx.forum,100797
搜鸽网,com.souge.souge,667278
PMCAFF,com.pmcaff.web,422343
GIF字幕菌,immortalz.me.zimujun,641860
小星球,com.yangle.xiaoyuzhou,627494
树云生活,cn.htshuyun.sysh,756046
缘助,feone.com.elles,439772
脸盆网,com.appbyme.app201656,383529
iDeal,cn.com.chinamoney.ideal.rmb,743202
方圆间,com.estt.ckg,255091
碰面,net.duolaimei.pm,684128
Bingo,com.zone.lucky,775227
集集社区,dedhql.jjsqzg.com.dedhyz,505681
闲时赚钱,com.youhong.freetime,363148
心遇,com.kongkong.kongkong,767273
合作卖房,com.house.zcsk,776776
易安饭,cn.opmedia.yianfan,626695
乐嗨秀场,com.lehai.ui,109260
安岳圈,com.anyuequan.app,778471
映丝,com.blbx.yingsi,724913
猫咪视频,com.asddf.zxsxc,777244
DoChat,io.dochat,745412
工程派,com.xiezhu.microproject,680651
有信,com.yx,3569
汪汪萌主,net.wwmz.app,757343
漂流瓶,com.hbans.mska,757507
大邑微生活,net.duohuo.magapp.dywsh,619901
一句话心情签名,smo.edian.yulu,695650
知了社区,com.h3c.zhiliao,767169
理赔学堂,com.geekann.app,778376
青春湾,com.android.qingchunwan,730360
杂智,net.duohuo.magapp.syh,692394
友友,com.youyou.user,506621
兰天商情,com.lantianshangqing.forum,778360
Select,co.s12e.one,446427
Vapeam电子烟,com.vapeam.vp,336099
尤帅,com.ysxsoft.him,681592
独爱泰兴,com.duai.taixing,738303
独爱镇江,com.duai.zhenjiang,737847
站酷,com.zcool.community,112547
FC社区,com.chaping.fansclub,737853
柬讯,me.jianxun.android,266261
哪哪,com.android.nana,764764
美聊,com.meiliao.sns2,772261
LoveIn,com.loveinapp,682116
首席信才,com.j499582257.ncn,733727
米斗,com.touchtv.midou,777997
柬单网,com.appbyme.app247567,725340
超级表情包,com.emoji100.chaojibiaoqing,504368
1024直播,com.yilingersi.ui,759552
同袍,com.whfp.tongpao,737385
万圈,com.belight.wanquan,445954
云智校,com.finerit.campus,774610
美说,com.yewang.beautytalk,681766
买誉建材圈,com.maiyujiancai.api20180820,766414
花瓣情感,com.guigui.emotion,773650
联盟名片,com.lc.card,728703
智慧寺庙,com.sandu.putuotemple,776795
水木社区,net.newsmth,591059
微微电话,com.yunlian.wewe,4784
一起浪,com.hanson.e7langapp,546429
邻刻,com.koko.moe,671639
心悦俱乐部,com.tencent.tgclub,451800
QQ,com.tencent.mobileqq,1359
斑猪,com.yingshanhong.community,656166
Rela热拉,com.thel,56772
优优良缘相亲征婚,com.parorisim.youyouliangyuan,682145
马甲App,com.shanchain.shandata,537605
追问,com.ctrod.ask,768778
智汇银星,com.everhomes.android.zhihuiyinxing,578300
酷狗KTV,com.kugou.kugouktv,430706
乐无,com.dsj.leve,507870
雀享校园,com.quexiang.campus,739999
来吧,cn.qingshan.laiba,772295
呱呱直播,com.guagua.guagua,51865
溧阳论坛,com.glavesoft.ly.main,31966
遇见同城约会,com.idate.datepro,766466
微吐槽,com.weroast.app,777236
妈妈网轻聊,cn.mama.activity,28961
摩托车联盟,com.appbyme.app161861,777303
闪约&mdash;同城单身交友,com.juewo.nobody,745081
咨寻Wooask,com.wooask.zx,440392
视友圈,cn.krvision.navigation,550576
光山微生活,net.duohuo.magapp.gswsh,421811
爱唐山,com.appbyme.app278162,456034
星座吧,com.xingzuoba.com,765361
约会吧,com.zzr.easylove,112993
话圈圈,com.example.administrator.hqq,777237
空间说说扩列,com.krniu.sskuolie,777216
瑞丽网,cn.com.rayli.magazinehouse,93806
伙时昭通,app.zhaotong.cn,771830
每每度,com.dilitech.meimeidu,507816
TiTi电竞,com.jumeng.lsj,617338
坤觅佳友,cn.sirun.com.friend,611446
点金台,com.djt.djt,134427
江油之窗,net.jiangyouzhichuang,777141
沛县便民网,com.appbyme.app135356,239658
蛋蛋星球,com.ddxq.app,749633
自在社区,com.rfchina.app.supercommunity,460881
两颗红豆,com.embrace_2redbeans.china,663513
技师帮,com.bj.shanbang,466938
机床通,com.xingxin.jc35,463023
云返,com.ahyunzhi.www,775749
LesPark,com.redwolfama.peonylespark,57813
贴吧一键签到大师,com.baidutieba.davy,776805
链链,net.eqccd.chain,615398
黑猫会,org.gbmedia.hmall,690025
绛县圈,net.duohuo.magapp.jxq,723872
小鱼儿论坛,com.xyeltzx.sxm.tlt,776736
桌趣,com.diskplay.app,669625
美移移民,com.meiyi.meiyi,627505
花氧,com.marykay.cn.productzone,443424
友星缘,cn.dlc.xingpingrensheng,776672
温柔香-漂流瓶交友,com.flqy.quickchat,728583
鬼韵,com.battle.me.pentakill,764854
牙医秀,com.dentistshow,776603
沪煤通,com.junseek.meijiaosuo,776658
岷州汇,com.yunyouit.mzh,775225
VV语音,com.shenqi.app.client,564094
知乎极速版,com.zhihu.android.lite,667350
酷狗语音,com.kugou.android.kuqunapp,776656
Vtalk,com.ktn.vtalk,684529
摩托迷,com.fuluoge.motorfans,687941
聚会玩,com.happyju.app.mall,663608
微脉圈,com.edujia.weimai,765188
快信,chatgo.kuaixunhulian.com.chatgo,761294
化纤圈,com.zxw.zxwhx,448897
爱多多交友,com.yiyue.aiduoduo,739982
卧卧,com.yonglang.wowo,118561
并集,io.app.bingji,772705
快看,com.rightnoworld.globalview,457769
悦家,com.crlandpm.joylife,564039
陌玩,com.yixiang.game.yuewan,693807
亲时光,com.qingtime.icare,727257
小黑盒,com.max.xiaoheihe,464663
临沂门户,com.linyimenhu.forum,775773
石井论坛,net.duohuo.magapp.shijing,775767
米课圈,com.imiker,775760
共度,com.buddydo.bdd,420568
星小班,com.xingxiaoban.star,433742
云瞳视友,com.wh.blind.rebuildeyes,682982
情侣空间,com.welove520.qqsweet,458237
逆战助手,com.tencent.gamehelper.nz,343849
圈粉TV,com.cloutropy.bofuns,771433
虞生活,com.vip0575.app,564472
富裕信息网,cc.fuyu.www,667265
点伙,com.whyouzhe.team,758234
得意生活,com.deyi.client,54172
顶尖牛人,com.toptechina.niuren,648965
喜鹊婚礼电子请柬,im.pica.pica,445948
美木,com.meimu.cstong,346740
结伴者,com.jiebanzhe.hi,637519
匹诺曹手机录音机,com.cungu.callrecorder.ui,17381
牵呗,com.qianbai.holdinghands,756066
楚八街,com.chubajie.forum,697302
路演中,com.rsc.app,107236
深圳科技园,com.everhomes.android.park.tec_park,163468
正中会,com.everhomes.android.kexin,448271
康利K生活,com.everhomes.android.kangli,455931
新城智慧管家,com.everhomes.android.teec,459983
传化安心驿站,com.transfar.peaceinn,533277
人脉宝典,com.ruicifang.rmbd,628073
阳光论坛网,com.gaozhouyangguangluntan.forum,509259
附近陌陌约,com.xinqiu.zushou,768266
卫泱,net.duohuo.magapp.byzyw,744578
4G通电话,com.fourgtongcall.packet,773645
城市通,com.www.ccoocity.ui,576879
柳叶谷,com.yl.android,692477
我主良缘,com.gdswww.wzlyapplication,525868
一面,com.yimian.app,601847
乐cp聊视频交友,com.mm.leliao,745448
WITH一起,cc.youplus.app,663894
春藤,com.kuulabu.chunteng,775161
小伙伴,com.yy.peiwan,458532
摩托邦,com.motoband,301690
绿豆芽,cn.lvdy.im,633474
聊天宝,com.bullet.messenger,674884
呼啦圈,com.cloudsation.meetup,97923
易发风采,com.xysh.hk,773589
云信通,com.pzdf.qihua,298893
话社,com.dhh.easy.huashe,774770
乐清上班族网,com.appbyme.app116502,430279
91约,com.hdyb.yuehui91,774684
逑吧婚恋,com.qbhl.junmeishejiao,699544
陪我-聊天交友,me.peiwo.peiwo,70578
在艺,com.zaiart.yi,408712
高颜值,com.beicai.topface,508730
北海百事通,com.bhbest.forum,426357
东台求职版,com.m18362219279.kje,774651
趣呀,com.caiku.brightseek,467586
SegmentFault,com.segmentfault.app,93605
ToTalk,com.longtooth.totalk,774643
太灵通,cn.tlt.forum,120406
亿邻,com.samson.friends,760204
迷途,cn.xcsj.im.app,687616
掌上大学,com.realcloud.loochadroid.college,64154
追啊,com.hc.hulakorea,90187
家好,com.zongjikeji.family,743204
茶竹永川网,com.cqyc.forum,440037
文旅武侯,com.doublefly.alex.client.wuhouyun,774579
同若,com.tongruo.scq,762101
算爱研习社,com.suanaiyanxishe.loveandroid,562815
和系,com.aplus.hexishop,77809
楼盘网经纪人,com.loupan.agent,679565
碰碰日程,com.front.pengpeng,425930
快哉,com.xzkz.forum,361367
炫舞小灵通,com.tencent.gamehelper.xw,334695
麋鹿森林,com.createshare_miquan,774257
Wahtapp letest,com.wWahtappletest_8664752,774250
下课说,com.q347699885.app,774231
佛学院,com.nd.app.factory.ap1541125881262,774233
快猫视频,com.luhu.livepiaoliuping,749550
盒子直播,com.hezilive.mobilelive,768639
边牧,com.bianmu.home,774210
骞骞Visgram,com.hsgh.schoolsns,504289
闪特智媒生活,me.shante.www,638610
萌右,com.mengyou.friend,762545
深思,com.chainxin.kwv,774140
亿租亿评,com.ishleasing.infoplatform,774192
百色看点,net.duohuo.magapp.bsks,774178
大全椒客户端,net.duohuo.magapp.dqj,685032
语音约聊,com.dianjsc.interact,750380
常熟人家,com.changshushurenjia.forum,774126
币问,com.biask.yoyow,692782
七扇门,com.app.broker.doooor,94386
聊得得,com.dyyj.idd.chatmore,692715
有朋,com.dfws.youpeng,690608
渠县网,net.quxian.www,532717
YOYO语音,com.live.android.yoyo,773747
同城交友附近约,com.yyoai.fujoua,773745
Status Downloader For whatsapp,com.story.status.saver.downloader.statusdownloader,773736
陌生人的对话,net.devking.randomchat.android,27079
同城陌陌交友,com.zhenaikj.yoyzh,773706
蒙山网,com.mocuz.mengshanwang,665844
去扶贫,com.interheart.ebusiness,626596
与尔共鸣,com.yegm.im,773681
宁国论坛,com.appbyme.app44630,301898
助讯通,com.wineim.wineim,762581
快活直播,com.lefeng.project.live,545465
动心速配,com.dongxin.dxsp,548780
奕报告,com.lysoft.android.lyyd.report,94421
表情助手,com.belly.stickersort,674898
大学印象,com.dxever.letsgo,431084
工帝宝,gongdibao.android.gdb,773594
慧美丰,com.hmf.hmfsocial,663408
看福清,com.kanfuqing.forum,772664
朋影圈,com.movie.mling.movieapp,619810
神木365,app.shenmu365.com,564539
理工魔方,vip.hrbust.hrbustcube,764837
路游侠,com.bwuni.routeman,732672
一加一,com.example.administrator.onesplus,699387
帮帮广播,com.jinchenyun.bang,736524
废猫,net.yifanjie.jilie,454438
木工爱好者,com.appbyme.app109985,442207
律师馆法律咨询,com.lvshiguan.app,558319
事信,com.liudaixintongxun.xintongxin,762566
曹粉堆,com.www.caofendui,664125
宠族,com.chongzu.app,427547
PU口袋校园,com.xyhui,40371
壁虎车友,net.duohuo.magapp.cheyouhui,759725
OU,com.ou.forum,744060
美岁,com.meisui.live,738291
字母圈-少数派乐趣,com.scytbb.bdsm,744512
菱菱邦,com.cloudy.linglingbang,106221
哈哈语音,com.kuaixiang.haha,683836
On,com.shell.union.on,770939
云喇叭,com.shenbianvip.app,113226
最懂我,cn.zuidongwo.zdw,772690
乐鱼,com.sxkj.wolfclient,460000
酒花儿,com.jiuhuar.android,329661
馨心爱,com.yhc.myapplication,772688
恋爱ing,com.qufaya.couple,729741
共享牙医,com.im.doc.sharedentist,627419
橙聊,com.chat555.app,756075
宠咖,com.skbm.spp,772667
贝壳福利,com.honey.community,770032
普轻,com.yisan.healthy,722482
猫咪语音,com.muchmore.maomivoice,772655
上车,shangche.club.geton,112865
废纸圈,com.example.zxwfz,730298
蚌埠论坛,net.duohuo.magapp.bblt,744515
MOMO约,com.meetfave.momoyue,558384
聊聊,com.liaoliao.android,75166
酣恋,com.hangolove.app,743358
认认,com.kuaiqing.main,722146
全城握手,cn.ewhale.handshake,681564
尼龙,com.nylon.client,689952
哥伦布 Columbus,com.lucasgchr.zhiyu,549826
我是海归,com.imhaigui.android,452069
诸隔亮,com.ddwy.zgl,772368
宠宠,com.gzcbkj.chongbao,772362
真一真,com.fjzz.zyz,762076
点量,com.strong.clickearn,755330
制伞圈,com.f18959791717.xvi,689898
富阳圈子,com.fuyangquanzi.forum,772308
善友筹,com.pocketkobo.bodhisattva,438797
好钓鱼,com.kangoo.diaoyur,431918
监利生活网,net.duohuo.magapp.jianli,756436
嘉兴圈,com.jialun.forum,315665
大足生活通,com.dazushenghuotong.forum,660761
方圆叽哩,com.lhc.fangyuanjili,759545
脉脉精英版,com.taou.maimai.advance,692143
票友,com.yipiao.piaou,429207
太极道,com.tianyin.www.taiji,761360
多益战盟,com.duoyi.implayer,451770
梯田交友-90后交友,net.titianapp.android,577475
英客,com.example.herocoming,578319
发现红包,com.q404100797.mud,771923
未来邻里圈,com.yzwxhd.llq,757362
点愿,com.dykj.wishshare,744448
随便打,com.newshangman.org,548650
一遇-高端交友软件,com.onemeet.android,771855
minni觅你,com.minni.com,548316
苏州论坛,com.suzhoubbs.forum,771842
Go酷,com.woaiyou.aiyou.android,761257
天天群聚会,com.daywin.ttqjh,76409
来借之家-贷款,com.jiujiuyun.laijiehome,545660
凤凰山下,net.duohuo.magapp.dz19fhsx,444525
蜜迩,com.mier.app.personal,760084
觅盐,com.mp.citycircle,461466
品圈,com.pinyi,441638
恋一生情感,com.lianyishengjy.cn,771480
附近遇爱交友,com.yishuangnet.dsyajy,755917
手机对对碰,teams.xianlin.com.teamshit,545624
同城陌约会,com.momyuan.meyai,771447
国博党建E课,com.youth.chnmuseum,745944
巴中之窗,com.bazhongzhichuang.forum,771384
三蒸仙桃,com.sanzheng.forum,771381
真情婚恋,com.truelove,576796
爱宠王国,com.fundoing.happ,771403
十点聊天,com.bingo.yeliao,537751
微邦,com.youth.weibang,461361
Youtube hot video,com.wYoutubehotvideo_8631560,771361
六安论坛,com.labbs.forum,103632
手狼,com.mg.werewolfandroid,433166
陌聊社交软件,com.leetek.mochat,756005
诗词格律,shanks.scgl,73853
灵狗优优,com.lingouu.technology,732322
爱友缘,com.hn.zan,563599
最佳东方,zjdf.zhaogongzuo,5567
宠物之家,com.PetHome.forum,670929
东至人网,net.duohuo.magapp.dzrw,504184
健康会,com.buliankeji.healthclub,770952
爱莒县,com.lovejuxian.forum,617448
掌上龙口,com.zslongkou.www,769257
业主之家,com.jinsec.oh,771019
络龙,com.chinasoft.luolong,762511
老哥服务站,net.laogefuwuzhan,767264
颜值PK,com.hsyk.yanzhipk,770929
饕客,com.pack.peopleglutton,744415
绿区,com.lvqukeji,769014
潮派,fun.wowcool.chaopai,679060
滁州E站,com.xzez00.bjfmxzez0,770904
外贸帮,com.todo.waimaobang,765396
迦南美地,com.ysxsoft.jnmdi,730310
糖糖圈医院端,so.ttq.apps.teaching,734934
郑州在线,com.appbyme.app176132,423980
加马语聊,org.jiama.hello,733582
麻油,com.aoetech.aoelailiao,559201
X链,com.xinma.xl,766398
Snaappy,com.snaappy.cnsn,729929
蹦迪,com.uyouqu.disco,697280
斗图,com.gl.doutu,467803
表情包制作,com.gl.biaoqingbao,468409
在友,com.jinsec.zy,770035
三宝智家,com.sanbot.sanlink,739438
捏他,scholar.acgneta.com.acgneta,728211
校客 Shock,com.chaosbig.superbig,549579
GO搭吧,com.nd.app.factory.goda,689804
主爱之家,com.ubzx.lovelord,762552
饭圈,com.fansunion.fanquanapp,740539
花瓣,com.huaban.android,3891
建阳论坛,com.mocuz.jianyang,769971
贪玩,com.tanwan.gamebox,591262
一游说,com.chufang.yiyoushuo,449888
Youtub,com.wYoutub_8626882,769946
Technology master,com.wTechnologymaster_8516147,761297
所依,com.ilanchuang.xiaoi,455004
智慧书房,com.zhaomi.wisdomstudy,443947
爱郴州,com.aichenzhou.forum,769923
速配交友-陌陌聊,com.mlkj.yicfjmmy,505535
海归协会,com.appbyme.app275205,601842
同城约会社交,com.leeboo.tcyue,754265
惠州论坛,com.huizhouluntan.mobile,605762
重庆购物狂,com.phonegap.cqmmgo,113055
文密,com.aiyatech.yoyo,769396
开元寺,com.nd.app.factory.appkaiyuantemple,730861
和对讲个人版,com.cmcc.p.poc,738257
王者人生,com.tencent.igame,120075
蛋花,com.example.administrator.eggandfollows,765436
信宜365,com.xinyi365.forum,769292
百通千话,com.baitongqianhua,680669
度宇宙,com.baidu.duUniverse,675005
心灯,com.alalamp.light,156217
美衣家,com.dailyfashion.ameixiumimi,769260
5G speed browser,com.ww5Gspeedbrowser_8621494,769240
有人吖,com.sainti.someone,769109
接通宝,com.jietongbao.jtb,695563
探蜜-聊天交友,com.goolee.findmee,761200
快捷通电话,com.kuaijiecall.packet,768967
时间规划局交友,com.dingceng.ssby.timecp,768923
互助推广,cc.xiangziyou.sharefreedo,509220
抖陌,com.doumo.phonelive,762572
链客足球,com.phsxy.footballbaby,748202
株洲红人馆,net.magapp.duohuo.zzhrg,768803
青阳同城,com.chance.qingyangtongcheng,507085
青州论坛,net.aqingzhoubbs,762456
时茪,com.haswallow.im,762526
板栗,com.flareim.flareim,764816
泡泡陪我,com.yx.ppchat,753709
宜昌建投,net.duohuo.magapp.ycjt,768634
云管家平台,com.yuelt.nim.wardship,724353
旅咖社区,com.gzllkkk.com,739935
脸信,com.chilei.lianxin,459644
村里,com.zhanyaa.cunli,118159
偶易,com.jiahong.ouyi,695637
魅技,com.yuemei.client,545484
佰塑通,com.bastwlkj.bst,675652
微合师,com.doschool.hfnu,667649
聊天恢复大师,com.wechat.qx.myapp,768280
伴游,com.quanliren.quan_one.activity,66103
暖暖-语音聊天,com.sohu.nuannuan,730970
微醺,com.hzlehua.WineWishing,442283
同城快约,com.juyuankj.tckyue,760615
扑克财经,com.pouke.mindcherish,462947
Chat Now,com.wChatNow_7210252,768096
Whtsapp new,com.wWhtsappnew_8609849,768093
伴伴星球-陪玩交友,com.yjtd.peini,751202
AceGear,com.acegear.www.acegearneo,456934
智大师,com.smartcity.smartmaster,464961
口贷社区,net.duohuo.magapp.kdsq,683767
集团管家,com.zst.richspace,446078
约客,com.zst.richcommon,459589
9号米仓,com.wnkj.jhmc.app,724302
朋联网,com.titrol.penglian,761840
口袋小安,com.doschool.ahu,106144
歪趣-匿名聊天,com.lxn.yq,736178
安建小易,com.doschool.ajd,96010
象山在线,com.xsool.forum,429802
阳新同城,com.yangxintongcheng.forum,767121
邻工赚钱,com.lgzq,722120
电白人论坛,com.dianbairenluntan.forum,613250
灼灼,com.rantudot.jojoy,762547
草莓聊,com.strawberry.chat,564935
脸脸,cn.dface,38422
随喵,com.d2mini.ranchat,766583
情诗,es.com.joan16v.rimasdeamor,766566
X分身,com.godinsec.godinsec_private_space,440581
热爱,net.caiyixiu.android,438813
缘来约会交友,com.linyuekeji.yuanlaijiaoyou,675076
雲社團,com.mit.community,504861
大邯郸,com.dahandan.forum,733757
119火凤凰,com.nd.app.factory.xftapp,766453
私麦,com.simai,766449
人人易恋,com.people.cleave,766408
竞斗场,com.yeeio.gamecontest,576982
搜宜昌,net.duohuo.magapp.syc,766342
豆丁印记,com.theaty.mamisdiary,550304
星商汇园区,com.everhomes.android.vanke.xsh,451121
宜不了,com.yibuliao.forum,766055
Snake俱乐部,com.famulei.snake,729971
说话和翻译,com.speaktranslate,765807
2O,com.o2app,745839
OMG俱乐部,com.famulei.omg,682500
橘子情感,com.orangeemotion.app,740373
网易圈圈,com.netease.quanquan,737381
光企云,com.everhomes.android.gdwg,457874
测测颜值吧,com.mayt.ai.app,548283
茄子婚庆,com.idcsc.qzhq,737378
唇印,com.flying.egg2,682932
若爱相亲免费交友,com.ruoaiwang,588103
calibur,com.riuir.calibur,730372
凝梦,com.ningmeng.dream,764852
木工达人,com.cyquan.mugong,434851
抖图,com.zoomlion.picturearticle,764789
小时光,com.yifangmeng.app.xiaoshiguang,699380
猫的名字,com.catnames,764767
twt,com.talkwithtrend.H5BAD27A2,636875
蘑菇丁,com.smilingmobile.seekliving,105325
随机名称,es.com.joan16v.randomnamepicker,764715
长岭微生活,changling.tv.app,671472
盐亭桑梓网,com.yantingsangziwang.forum,759658
撩城,com.myliaocheng.app,445857
习水生活网,net.duohuo.magapp.xsshw,595689
一亩三分地,nacosiren.github.a1point3acres,451128
遇见好时光,cn.com.lamatech.date,759671
趣机直播,com.quji,119209
Double双双,com.zxun.diandian,760870
谁是卧底,com.moguplan.main,463824
遵义圈,com.appbyme.app151329,97507
凡屋奇,com.tylee.chating.view.activity,696536
66社交,com.mbm.six,501255
喜洋洋论坛,com.fengcai.luntan,762528
ARchat,com.shixing.ata,655612
化州最嗲你,com.zuidiani.www,762568
陌爱-交友聊天约会,com.xiagyxx.fireman,762555
豆唱,tv.dasheng.lark,762544
绍兴青联,com.seeme.shaoxql.activity,53295
标迹,com.ingwill.mark,502985
姜堰人网,net.duohuo.magapp.jyrw,762471
我约,com.daigen.hyt.wedate,762460
左左帮,com.jizhisilu.jizhisilu,762458
QQ HD,com.tencent.minihd.qq,1194
猎游极速版,com.feiteng.lieyou.js,760844
米豆小书,com.midouxiaoshu.mm,679349
喵来了,com.yy.pet,679009
绥德在线,net.suidezaixian,762107
iG俱乐部,com.famulei.ig,726890
觅爱语音,com.chatroom.miaiyy,745147
抖屏,com.zaili.douping,646129
奇聊,com.szqd.qchat,762061
豆尖,com.beatop.guest,458989
颜聊,com.VideoCall.GuangShu,762031
南沙政务通,com.nansha.cochat,761986
我联系,cn.xt.wlx,751697
西蜀网,com.qianfan.xishu,534757
犀利电竞-约大神,com.demaxiya.gamingcommunity,733517
车女郎,com.sinolbs.seeyou,432042
磁场,im.mixbox.magnet,318477
智享城市,com.smartcity,457450
超G名片,com.gcard,557130
面具派对,com.lmf.maskparty,738346
若古,com.ruogu.community,635954
马克巴,com.mar.ui,323483
yaya,com.datacloud.wetopic,737842
微淘米,com.jiangren.weitaomi,757421
绝地求生手游助手,com.tencent.gamehelper.pg,578396
征婚,com.zhenghun001.com,465145
友友,com.yueren.youyou,745362
秀山生活网,com.cqxiushan.forum,739381
小T智联,com.tcl.superapp,761358
大鹿邑,com.daluyi.forum,458101
徐闻人网,com.xuwentongchengwang.forum,557430
泡泡水族,net.ppsz.paopao,118726
次元Plus,com.asdfghjjkk.superiordiaryokdsakd,741133
亭亭玉立,com.tylee.presentation.view.activity,439418
猫爪电竞,com.liebao.maozhuadj.app,468286
嗨聊,com.cihi,57075
Branding &amp; Influencers,org.badboyz.brandinginfluencers,761207
深圳论坛,com.shenzhenluntan.forum,757429
嘿凤梨,com.yixia.hifengli,761206
际客,com.gcall.sns,448824
网值,com.jh.wz,677237
丰县论坛,com.fxlt.forum,537153
洋葱,com.shuzijiayuan.f2,443036
抱抱圈,com.aten.bbsocialization,732419
面对面,com.vsf2f.f2f,733613
哎呦粉丝,com.haohaishengshi.iufans,743823
科易网,com.ky.keyiwang,628014
墨者,com.mozhe.mzcz,671496
TokenUP,com.moyu.tokenup,670599
抱抱,cn.myhug.baobao,61518
新草,com.ourlifehome.android,684177
聚绘,com.hj.circles,381758
鱼水缘,com.kuwai.ysy,760764
药化圈,com.feipengda.medicalcircle,723312
同城婚恋-相亲交友,com.tongcheng.jiaoyou,506197
家语留芳,com.jiayu.liufang,760707
晚晴四合院,com.feidu.siheyuan,760704
神交-聊天交友约会,com.hepai.hepaiminding,546238
最汉源,com.appbyme.app175158,142344
八戒机器人,com.ubtechinc.goldenpig,739950
雪团儿,com.project.snowballs.snowballs,760696
尊蓝高端租赁,com.dykj.zunlan,760665
论酒,com.stg.rouge.activity,73770
脱水,com.tuoshui,730458
黑头羊星球,com.heitouyang.DPlanet,760601
天水生活网,com.tianshuishenghuowang.forum,598490
移动公证,com.appsino.bingluo.fycz,53644
Peach陪趣,com.peach.app,265077
积遇聚,com.sunhongkeji.xinxinxinproject.android,611784
前方高能,com.tongmoe.sq,739886
快乐粉丝会,com.huliantongda.kuailefensihui,563285
ONO,com.nome.ono,666364
快捷招聘,com.weipin.app.activity,558592
易车伙伴,com.easypass.partner,453999
渔获,com.saltchucker,60539
趣深圳,com.qushenzhen.forum,760298
Sayhello,com.sayhello.com.myapplication,743279
尬圈,com.hnhj.circle,633531
音域,com.mqq.vocal.range,760262
若情免费相亲交友,com.ruoqingwang,760244
go好玩,com.goohw.goplay,732768
모이자,com.moyiza.portal,419778
亿律法律咨询,com.yilvs,111855
大衢城,com.daqucheng.forum,557019
财税问答,com.paat.qa,760087
信源豆豆,com.vrv.im,286109
成都零距离,com.chengdulingjuli.forum,760071
觅友社交,com.dongdaozhu.meyoo,681541
干将,com.cwdt.sdnysqclient,456339
交往吧相亲交友,org.zywx.wbpalmstar.widgetone.uex11535432,407163
Score,com.famulei.famulei,110670
恋爱君,com.igreat.aoao,103544
一块,com.yeecall.app,88954
二柄,com.diershoubing.erbing,68758
纽扣青县,net.duohuo.magapp.nkqx,690181
旅信Pro,com.travelrely.wifibox,464498
QQ空间,com.qzone,1117
织里365,net.duohuo.magapp.zhili,759993
好蒜价,com.jinan.haosuanjia,759982
大襄城,com.dxiangcheng,679657
扩列,com.Eldard.KuoLie,443541
秀吧,com.xiu8.android.social,563462
陌答,com.chmein.moda,759590
Ingroup,cn.dostudio.android.ingroup,680172
手机诸城,com.appbyme.app216460,684912
米兔,com.imibaby.client,187730
章丘人论坛,com.mocuz.zhangqiuren,756596
108社区,com.changshuo.ui,60951
资中新生活,com.zzxsh.forum,759548
能豆,com.chen.bean,759540
番薯小组,com.fanshu.xiaozu,557388
杰客联盟,com.foofish.android.jieke,347122
撩妹话术库,com.lmhsk.apk,759523
天天有内涵,com.atom.connotationtalk,755402
A聊,com.net.aliao.redirect.ResolverD.interface4,759493
弹豆,com.touchbean.tandou.app,537034
香河网APP,com.xianghew,759429
普宁论坛,com.pnwww.forum,117125
小窝,com.xiangli.cunxin,678252
欣智家2018,com.hjt.xzj2018,675053
小莱生活,com.jinqiang.xiaolai,557445
留言,com.t617667113.fdz,455935
悦夜,com.happyNight.bnq,743879
剧本杀,com.wanba.jubensha,670938
星球部落,com.nacai.bocai,375333
香肠树,com.mchsdk.teamproject,636157
四库一平台,app.com.webapp,699360
合优网,com.mocuz.heyouwang,198795
兰州论坛,net.duohuo.magapp.lanzhouluntan,427713
儿行千里,com.erxingqianli.ErXingQianLi,675978
Mo十,com.yole.moplus201805,732356
邻里邻外,com.boyuanitsm.community,430419
麻雀岭,com.isouth.mql,755459
汇智e站,com.wiseonline.huizhi,466300
蜜聊情缘,com.lcsy.xianliao_android,758232
永年论坛,com.mocuz.yongnian,758191
Vae+,com.taihe.fans,426788
邵武在线,com.appbyme.app20519,389794
潮信,im.chaoxin,120887
代你玩,com.jyd.game,758158
我老家,com.woljia.wlj,758137
云顶天天赚,com.taidu8.yunding,62169
有戏,com.youxi,743958
由由互联,com.chengyue.youyou,679013
车旺大卡,com.vehicles.activities,102569
梦幻西游助手,com.netease.xyqhelp,550365
启脉,com.hehuoren.hhr,695203
新译翻译耳机,com.sket.tranheadset,744536
易派,com.yiface.inpar.user,465539
安通对讲,com.xdja.poc,744013
蚂蚁邻居,com.s296267833.ybs,458487
友空间,com.yongyou.youpu,123918
伴心,com.qingdeng.banxin,757470
知业房产社区,com.xx.hxy,433574
斗趣语音,com.wanxin.douqu,731401
卡友地带,com.wtyt.yzone,432048
爱道州,com.dxlwn.idaozhou,550597
tataUFO,com.android.tataufo,50886
同城见面,com.jianmian.app,89258
粉刷匠,com.busybird.beike,748091
72商演汇,com.syh.mm,563016
星辰圈圈,net.duohuo.magapp.xcqq,757241
秀芳华,youth.elegant.zlzj.elegant_youth,617355
邂逅斯年,com.frz.marryapp,597072
核桃电话,com.hetao.call,757211
大呼和,net.duohuo.magapp.dahuhe,595776
真人咨询,com.dkrs.mmpb,741086
顺义在线,com.appbyme.app108577,756588
华亲池,com.pbids.sanqin,671808
这个那个,com.zhegenage.script,745912
黎明老师,com.yemkaxwe.njytdhej,756692
齐聊,cn.rspread.im,524324
17吃饭,com.xiaolian.eattogether,682163
约玩游戏,com.touhuljx.yuewan,685369
祝福短信,net.joydao.spring2011,4633
音之,com.dongdongkeji.wangwangsocial,457891
红动论坛,com.redcon.designfourm,756501
河丫挖宝软件,cn.xiaoheya.www,756117
米老头,com.yuelt.nim.kinship,743249
秘密,com.innovation.secret,745228
香山网,com.appbyme.app82419,245244
同城陌爱-相亲约会,com.yingyu.huameng,751230
苍南草根,net.duohuo.magapp.cncg,755973
银河Excavate,com.xwjj.wabang,755547
大新乡,com.daxinxiang.forum,585075
缘聊,com.mengshi.dnicall,737798
魔晶,com.mojing.android,690679
小约会,com.muguang,663748
麻城信息网,com.machengxinxiwang.forum,449202
天涯社区,cn.tianya.light,1369
指鹿,com.ddsfc.hyq,755916
掌缘,com.xinye.matchmake,24538
四城相识,com.sicheng.forum,117212
小郎之家,com.hwx.balancingcar.balancingcar,535488
壹块硬币,net.ykyb.ico,722127
币桃,com.bitell.app,655140
襄阳热线,com.xiangyangrexian.forum,537745
心星,io.dcloud.H5DD393E3,750339
猫咪,com.justdo.maomi,755544
竞趴电竞,com.jingxiang.srr,641273
黑豆,bbs.com.xinfeng.bbswork,651196
句容热线,com.jrhot.forum,507587
古筝人网,net.duohuo.magapp.gzrw,690195
江夏TV,com.appbyme.app197173,464227
猪易通,com.lty.zhuyitong,75276
Paperi,cn.paperi,504859
旗客,com.gearkr.app,537211
浅遇,com.jiyi.newsocial,737779
搜狗号码通,com.sg.sledog,3021
筏钓江湖,com.android.niudiao.client,546597
陌约趣聊,club.dahanyi.market,754427
电视红包,com.tvmining.yao8,446937
桌游圈,com.youkagames.gameplatform,617383
皇族俱乐部,com.royalclub.rng,591096
文明社区,cn.natrip.android.civilizedcommunity,504330
秘游社,com.fenhong.secrettravel,753777
云动态,com.fenglian.yundongtai,198336
青春,com.aijubao.youth,754294
奥豆,com.edaocha.aodou.android,506698
SaCa SNAP,com.neusoft.sacasnapcloud,503436
手机定位家人,com.unking.weiguanai,173182
考拉生活,com.xianjinxia.credit,669040
久久语音,com.cnsltx.miban,743792
掌上足球,com.jinbaoboyl.hdck,753815
7天情侣处cp,com.chengying.sevendayslovers,667512
微语,com.umeitime.sujian,463721
友钢部落,com.jwell56.USteel,753729
嘉兴第九区,com.jx09.forum,104843
四迹,com.ftwhcm.fourtrace,751756
FindU,com.moqu.findme,753595
公子小白,com.gowild.mobileclient,190650
泸州那点事,com.luzhounadianshi.forum,753543
说服我,com.wrangle.wrangle,751839
Selfie Emoji,club.semoji.app,753199
崇阳热线,com.cyrx.forum,753107
新娘说,com.xns.xnsapp,111088
心猫心理,com.xinmao.depressive,424435
跑狗网,com.fxgp.im.xmf,753060
精脉客源,com.monet.renmai,733605
见见-交友聊天,com.blsm.horoscope,64132
爱蓝鲸,com.ilanjing.forum,752478
遇合,com.weyuhe.yuhe,752468
滨州生活,net.duohuo.magapp.bzsh,739852
果业通,com.appbyme.app146819,102020
恋爱话术,com.newnanedu.client,687935
云乐汇,com.gazecloud.yunlehui,395642
78CIO,com.cio,619904
美聚集美业人,com.magugi.enterprise,679095
绿手指,com.lrgarden.greenFinger,428857
哗哗赚,com.baidu.punative,731418
嵊州信息港,net.duohuo.magapp.szxxg,677478
木兰汇,com.hanzi.mulanjia,611817
标识之家,net.duohuo.magapp.biaoshizhijia,752252
爱循环,com.icycleglobal.phinonic.china.app,752230
51闪聊,com.tangran.diaodiao.game,742616
附近陌约会,com.yf.fjmyh,751958
青青草,com.ytxf.bobo.qqc,751942
懒人录音,com.kingcrab.lazyrecorder,740355
秘密倾诉,com.cxzapp.yidianling_atk_3,751901
成才手语,com.sjin.sign.demo,736088
刷脸,com.zjlp.bestface,105694
岛上第八区,net.duohuo.magapp.blqhd,677583
眉山人网,com.appbyme.app153369,452526
腰果生活,com.living.museum,439902
陌爱陌约,com.lovemaker.supei,749532
瞩目,com.suirui.zhumu,89412
雕虫网,com.lanhui.tamas.diaochong,751698
神秘巨星,com.wayou.juju,737249
咘咘,com.sz.bubu,688271
BenBen,com.sgcai.benben,549481
彼信商业社区,com.maoyongxin.myapplication,687883
荣昌之窗,com.mocuz.rongchang,693293
针网,com.km.zhenwang,691747
种好地,com.zhonghaodi.goodfarming,101758
子非鱼,com.zifeikeji.fishdoctorproject,662294
兵盟,com.bm.com,690708
易出境,io.dcloud.H56D517FF,645625
娱信众评,com.funinchat.yxzp,629310
牟牟,io.dcloud.H53B5FCF5,751287
星了个球,com.sinashow.sgame,667151
奋斗在韩国,com.icnkr.xinhua,672082
住朋聊,zpw_zpchat.zpchat,693280
宠物日记,com.mayt.petdiary.app,745905
婚宴酒店大全,com.daoxila.android.hoteldaquan,420204
穆友,com.huaibor.imuslim,736577
大正高尔夫,com.dazheng,71959
海大星艺,com.haidaxingyi.haixing,690541
可访,com.mjb.kefang,687946
酷编,org.zywx.uexweixin11678657,675631
一亲同城交友约会,chinese.chat.flowerfriends,537829
无猜,com.wucaiapp.app,728676
Hi享,com.shunfeng.block,744369
分身大师X版,com.qihoo.magic.xposed,557732
我爱吃喝玩乐,com.appbyme.app77038,335795
赛客,com.xj.divineloveparadise,72185
凉山在线,net.duohuo.magapp.liangshan,536393
表情包斗图,com.mobile.biaoqing,699536
水头在线,com.appbyme.app116986,675326
口令电话,com.ringleai.ai,730265
鼎峰智慧社区,com.everhomes.android.dingfenghui,613169
新青年,com.xqn.nzp,750897
开心斗,com.duowan.makefriends,81694
通知易,shunzhi.com.net.easynotifies,750885
海航通信,com.tydic.app.hh,164165
掌上平邑,com.appbyme.app187196,627497
Tinkle,com.qaz616672844.rvu,441178
SuperLine,com.silkworm.superline.android,732270
郎溪论坛,org.langxi.app.lxltly,588227
智行车,com.zxc.zxcnet,443611
飞声,com.live.android.flyvoice,688674
路客,com.ishaking.rsapp,503664
头像大全,com.mike.touxiang,424637
就学,com.jg.club,429763
探玉,com.tanmei.tanyu,641746
上蔡零距离,net.duohuo.magapp.scljl,506030
星城,io.tacchain.cityofthousandstars,668943
YOYO社区,com.os.mos,462925
圈圈-同好社群,com.youxibi.circle,740023
Social Media Hub,com.runway.socialmediahub,750010
驿社区,com.fluvet.yichi.yichi,750004
姑苏网,com.glavesoft.gusuwang.main,106053
钢友圈,cn.com.gangyouquan.f.chat,697268
车务匠,com.xunku.trafficartisan,693366
链语,com.kings.ptchat,743360
善优,com.tdqh.xiaofeishangquan,535573
缘爱园,com.zaq.yay,749652
尚庐山,com.mocuz.xingzi,749608
百斗Rank,com.starrank,557692
爱汉服,com.yunsong.aihanfu,695905
抖游小游戏,com.dougame.app,693857
校友汇,hong.kong.university.message,749446
英聊,com.xr.enchat,462548
校园邦,com.rrenshuo.app,695641
威新LINK+,com.everhomes.android.jindi.park,430033
小肚皮,com.team108.xiaodupi,87962
快遇爱,com.legion.highrisk,748271
好架势车志,net.duohuo.magapp.hjscz,738262
彩程茶叶,cn.chci.yncccy.jucaiyun,723294
TA趣交友,club.chenyiy.market,748186
文玩世家,com.wwh.wenwan,118245
许都网,com.xuduwang.forum,748104
剧本杀官方,com.sdbean.scriptkill,677244
探陌爱约交友,com.kezeyun.tmayjy,748021
小鱼网,com.shengshi,72684
玩转宝轮,com.appbyme.app214001,648931
明水同城,com.chance.mingshuitongcheng,685434
拼团掌柜,com.funstreetbusiness,532760
隆尧论坛,com.longyaoluntan.forum,667281
申边,com.biu.side.android,747725
星联传媒,com.guangmo.xinglian,741005
梁平万事通,com.liangpingwanshitong.forum,747645
乐乎写字楼,com.orange.fun.almost,729570
蛋蛋,com.fantaohua,431993
罗定E天空,net.duohuo.magapp.LD0766e,114548
昆山视窗,net.duohuo.magapp.kssc,736645
新零售链,com.www141cn.moneng,426581
水木说,com.smthchat,452653
星迷俱乐部,com.sharetimes.member,690413
ONE兔,com.diandao.feng.rabbit,468080
群英会创业,com.chuangye.xiaobenjiamengw,747509
启汇钱包,com.qhxx.qhlive,741549
CiCi,com.ldjoy.cici,734283
相看,com.wetran.xiangkan,733579
光谷社区,org.mazhuang.guanggoo,509231
Yes好的,com.yesok.app,671120
医械客,com.yixiekelzw.hqj,629853
祐缘,com.yy.youyuan,740403
吴川脚爆爆,com.appbyme.app101945,75429
思博,com.mysipo.app,452075
路程,com.dh.journey,688681
夺心,com.xdq.dx,730946
流星狗,com.daendecheng.meteordog,557298
掌上固安,com.zhangshangguan.forum,746013
微福,com.dongfangshuo.weifu,532790
有宠,yourpet.client.android,101974
职音宝,com.xacx.dqjob,722129
微美惠,com.hf.ccwjbao,422520
本地陌约,com.tcqzyw.bdya,745926
古董局中局,com.sdbean.antique,648345
1号群,com.yh.jiran,745877
附近聊天约会,com.yixiang.asshole,745871
私慕,com.defshare.seemore,740985
偶遇,com.ooyy.ouyu,677823
汉中生活圈,com.hanzhongshenghuoquan.forum,745847
小调调,com.example.xdd,726911
大蓝鲸,com.android.microradio,274420
天天抖料,com.ttdl.douliao,669236
广州妈妈网,com.gzmama.activity,109896
与癌共舞,net.duohuo.magapp.yagw,509486
A派,com.jiamai.apai,670838
蜜信,com.hkj.chaoview,745425
一言,com.jasonhan.GongMing,679392
缘在商城,net.duohuo.magapp.yzsc,724187
AKeyChat Pro,me.akey.akeychat.pro,743337
掌上小凉山,net.duohuo.magapp.zsxls,745265
左右宠物,com.weidiantech.catcollar,745248
东益膜卡,io.dcloud.H548D15B7,680638
地图圈,com.dituquan.club,695906
粒子,com.inmine.particle,740469
豫工惠婚恋,com.difu.love,463410
LiWorld,liworld.orangebe.com,745162
党建e家云,cn.whservice.partybuilding,732347
多开宝,com.boly.wxopentreasure,312469
趣嗨,com.tenqus.qtl,678266
YOLO,com.yzhchain.yolo,744554
青阳网,com.appbyme.app126437,87371
盈胜原油社区,cn.wushen.developer,734461
有缘网,com.youyuan.yyhl,5166
诗歌中国,com.appbyme.app159001,103116
多开助手-双开分身,com.felix.wxmultopen,440647
陪聊-美女交友聊天,com.mm.peiliao,732414
一群商人,com.dijiaapp.business,730883
在玉林,net.duohuo.magapp.zaiyulin,506326
币车,com.yantan.hitbus,667467
慧盟物业助手,com.everhomes.android.anbangwuye,578106
知页Pick,com.likeshare.zhiyeplanet,680170
Own日记,com.sumxiang.noteapp,423543
音乐日记,com.greattone.greattone,429023
甜语音,com.hi.sweet.main,732813
