QQ,/app/com.tencent.mobileqq,"手机QQ，只想与你更接近"
微信,/app/com.tencent.mm,"微信，是一个生活方式"
微博,/app/com.sina.weibo,"热点新闻资讯、视频直播，实时掌握"
阿里星球,/app/com.sds.android.ttpod,"粉丝娱乐无所不能"
QQ空间,/app/com.qzone,"随时随地，分享生活，留住感动"
MOMO陌陌,/app/com.immomo.momo,"陌陌-开启视频直播社交"
QQ轻聊版,/app/com.tencent.qqlite,"为低性能手机打造的精简版QQ"
百度贴吧,/app/com.baidu.tieba,"比天涯猫扑豆瓣纯洁的潘考中营"
MYOTee脸萌(拼出你的卡通头像),/app/com.miantan.myoface,"拼出你的卡通头像！"
YY,/app/com.duowan.mobile,"上YY，无聊全走开，陪你一起嗨"
QQ安全中心,/app/com.tencent.token,"QQ安全中心让你的QQ随时安全"
QQ国际版,/app/com.tencent.mobileqqi,"社交生活充满无限可能"
腾讯微博,/app/com.tencent.WBlog,"腾讯微博"
英雄联盟盒子,/app/com.duowan.lolbox,""
Youni有你,/app/com.snda.youni,"一款创新的手机社交应用"
Google+,/app/com.google.android.apps.plus,"全新Google社交网络体验"
新浪微博4G版,/app/com.sina.weibog3,"新浪微博分享移动生活"
人人- 潮流贴纸天天上新,/app/com.renren.mobile.android,"玩图就是这么爽，美图晒图交友社区"
比邻,/app/com.bilin.huijiao.activity,"比邻-语音交友，免费电话"
爱游戏,/app/com.egame,"快乐要简单，就在爱游戏"
nice,/app/com.nice.main,"时下最潮的图片社交软件！"
新浪微博 For Pad,/app/com.sina.weibotab,"体验2012版手机微博客户端"
米聊,/app/com.xiaomi.channel,"玩游戏、抢福利、逗小冰！"
百度贴吧极速版,/app/com.baidu.tieba_mini,"全面提升产品流畅性，更快更省流量"
小恩爱,/app/com.xiaoenai.app,"情侣恋爱神器，一键叫Ta起床"
哟,/app/com.justyo,"很无聊、很火的打招呼应用"
有缘网,/app/com.youyuan.yyhl,"1亿9836万男女在有缘网找对象"
堆糖,/app/com.duitang.main,"堆糖,美好生活研究所,让你学会生"
K歌达人,/app/com.app.hero.ui,"专为Ｋ歌爱好者设计的一款Ｋ歌软件"
CF掌游宝,/app/com.anzogame.cf,"CF最聚人气的手机软件！"
聚会玩-谁是卧底，杀人游戏，真心话大冒险集合,/app/com.tengchong.juhuiwan,"多人娱乐最佳应用"
爱唱,/app/cn.banshenggua.aichang,"视频k歌，一起唱吧！"
个性,/app/com.gexing.ui,"95后青少年头像、签名素材社区"
开心网,/app/com.kaixin001.activity,"最炫、最美、属于你的开心清新版"
YY HD,/app/com.duowan.pad,"支持pad和手机，视频娱乐"
Blued,/app/com.soft.blued,"国内领先的同志软件，同志都在用"
OPPO乐园,/app/com.oppo.community,"oppo用户的专属社区"
榴莲,/app/com.baidu.image,"美女红人短视频广场"
知乎,/app/com.zhihu.android,"知乎官方安卓客户端"
世纪佳缘,/app/com.jiayuan,"青春不常在，抓紧谈恋爱"
么么哒,/app/com.syezon.lvban,"全球最热的约会恋爱交友首选软件"
对面,/app/com.blackbean.cnmeach,"年轻人必备游戏化交友软件"
美啦,/app/com.meilapp.meila,"全民网红女神红人达人时尚聚集地"
9158美女直播,/app/com.Tiange.ChatRoom,"时下最热门的真人视频直播交友社区"
微拍直播,/app/com.weipai.weipaipro,"火爆的美女直播视频私密交友社区"
宝宝树孕育,/app/com.babytree.apps.pregnancy,"备孕怀孕育儿妈妈必备工具"
达答,/app/com.medialab.quizup,"达答--简简单单 答题交友"
百合婚恋,/app/com.baihe,"上百合网，找认真谈恋爱的人！"
冒泡社区,/app/com.skymobi.moposns,"冒泡社区安卓版来了！"
口袋植物,/app/com.hnmoma.expression,"全民植物养成，Q萌high到爆"
KaKao交友,/app/com.kakao.talk,"韩国人气很高的通讯软件哦"
豆瓣小组,/app/com.douban.group,"轻松找到活跃的兴趣小组并参与讨论"
笑神来了,/app/com.zuobao.xiaobao,"就算生活再苦逼，我们仍需小快乐！"
KK直播-美女视频交友,/app/com.melot.meshow,"高颜值单身，视频交友，互动聊天。"
阿里旺旺卖家版,/app/com.taobao.wwseller,"淘宝网专为淘宝掌柜量身打造的移动旺旺卖家版"
微信表情大全,/app/com.ywqc.show,"微信微博官方推荐聊天神器！"
配音秀,/app/com.happyteam.dubbingshow,"好玩的手机配音软件"
秘密,/app/secret.app,"每一个你都有相互取暖的力量"
LOFTER,/app/com.lofter.android,"网易旗下兴趣社交应用"
友加,/app/cn.dpocket.moplusand.uinew,"年轻人正在玩的社交直播"
酷狗直播,/app/com.kugou.fanxing,"就是歌手多"
有信,/app/com.yx,"游戏社交平台"
优酷拍客,/app/com.youku.paike,"优酷拍客-最好玩的短视频社交应用"
找对象,/app/cn.shuangshuangfei,"找男友找女友找对象就来这靠谱"
淘在路上社区,/app/com.scienvo.activity,"最热门旅行记录分享应用"
秀色-美女秀场,/app/com.showself.ui,"邂逅女神秀场，潘磕嫦百富美。"
珍爱网,/app/com.zhenai.android,"珍爱网手机客户端手机征婚相亲利器"
无限唱,/app/com.wuxiantai,"无限唱 在线手机ktv包房聊天"
点心拨号,/app/com.dianxinos.dxbb,"快速拨号、防骚扰、超级黄页、触宝"
Snapeee照片社交,/app/jp.co.mindpl.Snapeee,"只针对女孩子使用的卡哇伊图片社交应用"
新浪唱聊美女视频交友聊天,/app/com.sina.show,"客户端只是尚可，但妹纸真不少"
MRP模拟器(冒泡官方版),/app/com.skymobi.mopowydt,"用安卓手机玩功能机网游"
QQ个性签名,/app/com.gexing.qianming.ui,"最新、最全、最流行QQ个性签名！"
玩聊,/app/com.clou.sns.android.anywhered,"一分钟约到附近单身美女"
天涯社区,/app/cn.tianya.light,"内容创作、知识分享兴趣社交平台"
口袋・EXO,/app/com.yinyuetai.fangarden.exo,"口袋?EXO把小狼崽装进你的口袋"
电玩游戏,/app/com.mame.daykof97,"用体验最棒的街机拳皇97格斗游戏"
禁果社区,/app/inwaves.qngoo,""
Weico 3 微博客户端,/app/com.eico.weico,"简而不减，焕然新生"
辣妈帮-最活跃的女性分享交流社区,/app/com.wangzhi.MaMaHelp,"最好玩的备孕、怀孕、育儿辣妈社区"
掌上英雄联盟,/app/com.tencent.qt.qtl,"腾讯游戏英雄联盟官方app"
心动图片集,/app/com.weheartit,"找到你所有喜爱事物的最美丽图片的App"
约会吧,/app/com.youyuan.yhb,""
快约-同城约会交友,/app/com.ikuaiyue,"美女交友，同城约会，兼职交友"
不得姐的秘密,/app/com.budejie.mimi,"吐槽你周围的各种极品"
陌陌定位,/app/com.zhaomomo.Location,"定位陌陌好友"
粉扑,/app/com.dabanniu.hair,"最强美妆产品问答社区"
Fuubo微博,/app/me.imid.fuubo,"第三方微博客户端，丰富一下微博的功能"
微信炫字体,/app/com.ywqc.xuan,"微信炫字体，趣味聊天神器！"
手游帮-游戏最佳帮手,/app/com.muji.guidemaster,"刀塔传奇礼包攻略应有尽有！"
QQ网名,/app/com.gexing.wangming.ui,"QQ网名方便用户选择自己的网名"
BiBi――匿名聊天，调戏好友，搭讪陌生人,/app/com.renren.mimi.android,"匿名聊天，调戏好友，搭讪陌生人"
想恋爱,/app/cn.xianglianai,"线上聊天线下见面快速约会"
pixiv社区,/app/jp.pxv.android,"日本艺术家的社群，我们主要可以去淘漫画"
qt语音社区,/app/com.appbyme.app56511,""
女孩秀,/app/cn.intimes.nvhaixiu,"清新校服，邻家小妹，娇蛮御姐"
Weico新浪微博客户端,/app/com.weico.sinaweibo,"全新 Weico2.4.0 Android版，更流畅个性的微博体验！"
乌鸦,/app/de.wuya,"匿名爆料身边的秘密"
人人,/app/com.renren.mobile.apad,"找同学，上人人"
热恋,/app/cn.relian99,"最快最好的脱单必备神器"
闺蜜圈,/app/com.vanchu.apps.guimiquan,"女生的秘密后花园"
炫彩字体,/app/org.xinmei.xuanziti,"炫彩字体-微信聊天必备工具"
花田交友,/app/com.netease.huatian,"摆脱单身生活，快速寻找异性缘分。"
人人mini-专注校园交友,/app/com.renren.mini.android,"专注校园交友，发现同校陌生的她"
牵手恋,/app/com.qianshoulian.app,"最真实的千万单身男女相亲交友"
有恋网,/app/com.rdno.sqnet,"有恋，单身贵族的乐园"
脸盆网,/app/com.facebolw.sociax.android,"SNS 社交  爱情公寓 交友"
LINE自拍贴图,/app/com.linecorp.lineselfie.android,"LINE自拍照片转换为贴图"
领英,/app/com.linkedin.android,"全球社交招聘平台"
多玩约战,/app/com.yy.a.liveworld,"多玩约战出品美女真人直播秀场"
花瓣 - 采集你喜欢的,/app/com.huaban.android,"小编御用找图软件 竖图较多适合做壁纸"
漂流瓶,/app/com.jiubang.app.piaoliuping,"随时随地写下你的愿望，你的瓶子将漂向TA"
恋恋,/app/os.xiehou360.im.mei,"同城约爱，高颜值快速交友约会！"
谁叫我起床,/app/com.jianjian.clock.activity,"未知的TA，以及早安。"
微聚-交友约会神器,/app/com.weiju,"告别单身，马上约会。"
捉友 - 掌握亲友位置,/app/com.broventure.catchyou,"查看亲友的位置，捉住重要的人"
微信聊天泡泡,/app/com.ywqc.bubble,"卖萌神器,粉粉字体,日记必备"
汇友,/app/com.zte.hub,""
找大叔,/app/com.goodnewsapp.zhaodashu,"和优质大叔约会"
微信表情包,/app/com.dabing.emoj,"让你的表情动起来"
MSN聊天,/app/miyowa.android.microsoft.wlm,"第三方MSN应用，实现即时聊天"
Behance,/app/com.behance.behance,"在这里碰撞出灵感的火花！"
奇缘相亲,/app/com.xq.main,"全国相亲活动，奇缘寻爱之旅"
植物大战僵尸2聊天群,/app/com.weme.ggc.zombie,"《植物大战僵尸》玩家专用群聊工具"
掌上猫扑,/app/com.mop.activity,"千万网友都在用的看帖神器！"
暴走漫画,/app/com.baozoumanhua.aibaoman,"暴走漫画之节操都市"
手机Wifi热点,/app/com.dyxc.wifiap,"使用手机建立热点，共其他有wifi的设备使用"
相亲交友同城约会-百合网见见,/app/com.baihe.meet,"相亲交友同城约会-百合网见见"
百度贴吧青春版客户端,/app/com.baidu.tieba_variant_youth,"不一样的青春，不一样的贴吧！"
腾讯微博HD,/app/com.tencent.microblog,"腾讯微博Android Pad客户端"
啊噜哈,/app/cn.Longmaster.iPeng.Activity,"啊噜哈--分享欢乐时光"
微密,/app/com.weimi,"有图・有真相的匿名爆料神器"
朋友定位-足迹迷,/app/com.zujimi.client.activity,"与朋友一起分享位置！"
天天飞车 玩吧攻略,/app/com.itold.ttfc,"最给力的《天天飞车》社区！"
妈妈社区,/app/com.ci123.pregnancywap,"妈妈交流社区，怀孕育儿园地"
时空猎人YOYO社区,/app/com.u9.yoyo.sklr,"时空猎人最人气社区"
图吧-手机看图神器,/app/com.itubar.tubar,"型男嫩妹猎图的必备杀器！"
搞笑QQ动态表情,/app/lgc.funnyqq.activity,"汇集众多搞怪、搞笑QQ动态表情"
湖南卫视呼啦,/app/cn.whonow.whonow,"为欢聚，呼啦！"
街旁 - 城市生活、美食交友、优惠LBS！,/app/com.jiepang.android,"街旁，我们重新定义签到！"
QQ找对象,/app/com.appbyme.app45394,"交换qq找对象的必备利器"
嗨皮皮,/app/com.draw.huapipi,"动漫二次元福利生产社区"
明星汇,/app/com.mxhapp,"明星汇-手机必备娱乐粉丝社交神器"
Waze交通达人,/app/com.waze,"一款很酷的以驾车交通为基点的社交网络"
派派,/app/com.ifreetalk.ftalk,"聊天、语音直播，红包"
微信语音表情,/app/com.ywqc.showsound,"最具创意微信搞笑神器"
有缘约会,/app/com.youyuan.yyapp,"马上约会，马上有对象"
呱呱视频-美女交友直播,/app/com.guagua.guagua,"最火爆秀场，随时与女神互聊"
蛋宝聊天室,/app/mobisocial.omlet,"让你个性选择自己的社交方式"
QQ在线状态查询,/app/com.znn.qqonline,"想不想和心中的TA在QQ上来个不期而遇？"
说吧,/app/com.kugou.community,"说吧，汇聚你我的声音"
恋爱记,/app/com.lianaibiji.dev,"连续365天说我爱你送1314元"
爱吧,/app/com.aiba.app,"成功率最高的婚恋交友平台"
乐侃,/app/com.aini25.netchat,"一大波美女正在向你靠近！"
邪恶图片,/app/com.xieetupian,"各种邪恶图片供您欣赏 绝对笑喷"
秀吧,/app/com.hongdou.activity,"最嗨最爽最靓的视频聊天交友软件"
九秀直播,/app/com.ninexiu.sixninexiu,"美女直播激情交友，漫漫长夜不寂寞"
私密圈,/app/com.duowan.privacycircle,"私密圈，与真实的生活对话。"
好多动漫图片,/app/com.east2d.everyimage,"百万高清二次元动漫美图社区"
车友会,/app/com.autohome.club,"汇车 汇友 会生活"
植物大战僵尸2完美攻略,/app/com.youc.gameguide.zhiwu,"最完美的植物大战僵尸2攻略库"
节奏大师歌曲刷分辅助,/app/com.youc.gameguide.jzds,"手把手教你节奏大师刷分攻略"
新浪微米,/app/com.lanshan.weimi,"来微米和明星、女神一起直播吧！"
WiFi信号实况,/app/de.android.wifiscanner,"全方位展示wifi相关数据的应用"
EXO粉丝团,/app/com.appbyme.app4405,"EXO exo 吴世勋 鹿晗 kris吴凡"
豆瓣同城,/app/com.douban.event,"豆瓣同城活动手机客户端"
中国好声音官方客户端,/app/cn.impressmedia.thevoiceofchina,"中国好声音官方客户端"
微信通,/app/com.ts.wxt,"比微信更懂你"
么么直播,/app/com.memezhibo.android,"老司机最爱的真人美女视频直播神器"
抱抱-单身聊天交友,/app/cn.myhug.baobao,"单身男女聊天交友同城恋爱！"
新浪好声音-随时随地KTV,/app/tiange.sina.voice,"移动KTV，你可以随时随地K歌"
樱桃同性恋交友,/app/com.lovetongren.android,"全国最大同时支持男女同志手机应用"
丫酷美女视频聊天社区,/app/com.boxin.yaakuu,"天天与美女主播零距离聊天视频"
内涵社,/app/com.neihanshe.intention,"内涵社 - 最无节操内涵分享社区！"
夜都市,/app/waco.citylife.android,"夜生活助手,不只是陌陌交友"
四次元:新浪微博客户端,/app/org.qii.weiciyuan,"个人开发的简洁好用的新浪微博客户端"
微友,/app/com.weibo.messenger,"为新浪用户量身打造的聊天交友工具"
手机赚钱宝,/app/com.weightcount,"android手机上最有效的赚钱应用"
大家来K歌,/app/com.nbblabs.toys.singsong,"以歌汇友，甜蜜互动！"
双人定位,/app/com.mysoftware.mutuallocation,"本软件提供了双方许可条件下的互相定位"
恋爱,/app/com.juedui100.sns.app,"用恋爱 发现爱，从此桃花朵朵开！"
美女直播,/app/com.taiku.mpchat.mnzb,"大型真人美女视频互动平台"
GogoDate陌生人约会交友,/app/com.syezon.gogo,"最让人心动的约会应用"
Ask.fm问答社区,/app/com.askfm,"排名第一的问答社交APP"
小鱼网,/app/com.shengshi,"厦门本地资讯共享、同城交友论坛"
悠悠-图说心里话!,/app/com.duke.shaking,"悠悠，图说心里话，发现新朋友！"
脉脉,/app/com.taou.maimai,"离成功，就差“脉”出这一步"
微信表情包大全,/app/com.weixin.emojibox,"让你的微信聊天动起来"
QQ 个性化,/app/com.example.qq,"QQ个性网名，个性签名，个性分组等信息"
骑记,/app/cc.iriding.mobile,"组队骑行社交，俱乐部管理"
美丽约,/app/com.meiliyue,"出售时间技能的社交平台"
画吧,/app/com.haowan.huabar,"画吧是最好玩的手机涂鸦社区！"
丁香园,/app/cn.dxy.idxyer,"随时随地访问丁香园。"
贝贝,/app/com.ishehui.tiger,"★有趣的交友，不忐忑，很刺激★"
邦邦掌柜,/app/com.bangbang,"邦邦掌柜免费网络电话软件，实现通讯0费用。"
K歌房,/app/com.qixi.ksong,"美女直播，视频，唱歌，交友，婚恋"
鲜果美女,/app/com.thefansbook.weibotopic.xianguomm,"查看最新的鲜果美女图片"
口袋妖怪口袋吧,/app/com.koudai8.android,"您身边的口袋妖怪专家"
Flipagram,/app/com.cheerfulinc.flipagram,"为自己的相册配上背景音乐吧！"
**约会,/app/com.youyuan.jqyh,"约会交友，邂逅你身边的她"
魔方游戏宝,/app/com.mofang.mgassistant,"全球最热门手游玩家社区"
爱讲冷笑话,/app/com.coldworks.coldjoke,"我们爱讲冷笑话唯一官方应用"
薇蜜－女生闺蜜必备，男友鉴定神器,/app/com.xingqu.weimi,"女生匿名八卦点评男生"
聊天室,/app/com.chatimity.android.chatimity,"简洁、自由的轻量级聊天室"
简图,/app/io.egg.jiantu,"写字，配图，分享到微信和微博"
口袋fx,/app/com.yinyuetai.fangarden.fx,"把f(x)装进你的口袋！"
篱笆社区,/app/com.liba.android,"年轻家庭，生活社区"
婚礼相册,/app/com.baihe.marry,"记录爱情历程和筹婚经历的私有相册"
爱城找对象交友,/app/com.aicheng2199,"爱城2199 交友约会相亲平台"
柚柚育儿怀孕母婴,/app/dianyun.baobaowd,"备孕怀孕育儿问题解决专家"
Meow即rSC聊天,/app/com.minus.android,"Minus是一款拉近人与人之间距离的社交APP"
凯迪,/app/net.kdnet.club,"凯迪－发现信息价值"
飞聊,/app/com.feinno.felio,"飞聊是中国移动荣誉出品的即时通讯工具，拥有中国移动纯正血统，3G通讯时代革命性产品。使用飞聊可以和朋友们发送语音、文字、图片等消息，省钱又有趣，沟通更流畅。"
表白神器,/app/com.bbshenqi,"表白神器是熟人间恋爱、交友的私密"
微精选,/app/com.cola.twisohu,"微闻趣事大集合，量身定制微精选。"
花粉俱乐部,/app/com.huawei.fans,"华为粉们的天下"
爱玩4G,/app/cn.egame.terminal.client4g,"爱游戏，就来爱游戏！"
PlayStation中心,/app/com.scee.psxandroid,"索尼PS的手机控制中心"
跳舞吧视频交友,/app/com.Tiange.Tiao58,"与十万美女畅聊，随时观看精彩表演"
有恋约会,/app/cn.ulinked.activity,"陌生人交友约会的社区"
央视微博,/app/com.cntv.cntvweibo,"央视微博android版手机客户端"
云上家人安心,/app/com.sosocome.family,"对方关闭网络也可定位"
摇摇看,/app/com.goldia.yyl,"江西二套独家出品的手机互动软件"
音缘交友,/app/cn.ym,"单身男女，免费聊天。"
XMS,/app/com.ebuddy.android.xms,"功能不仅限于手机短信"
二人世界－情侣恋爱全纪录,/app/com.coupleworld2,"二人世界――最深入纪录的恋爱工具，最有情趣的私密情侣应用"
乐乐交友,/app/com.i366.com,"第一款一对一视频社交游戏"
乐享电视,/app/com.jstv.lxtv,"江苏广电独家打造的社交电视平台"
玩机宝典,/app/com.feiliu.wanjibaodian,"安卓用户手边最全的玩机攻略，玩转你的安卓手机"
豆瓣广播,/app/com.douban.shuo,"生活在此流动"
头条新闻,/app/com.thefansbook.topnews,"播报每日全球各类重要资讯、突发新闻"
漂流瓶子,/app/com.hnmoma.driftbottle,"轻松脱单恋爱必备神器"
Opera Mini Next,/app/com.opera.mini.next.android,"下一代Opera Mini的预览版本"
女孩的秘密,/app/com.douliu.android.secret,"1分钟找到附近单身妹子！"
飘飘,/app/com.piaomsg,"没有飘飘解决不了的寂寞"
约你,/app/com.lingtuan.nextapp,"无网聊天，邀约，不见不散！"
汤圆创作,/app/com.itangyuan,"年轻人就用手机写小说"
微可拍,/app/com.weico.plus,"你感兴趣的好照片！"
聊天约会,/app/com.vip186.zmm,"美女聊聊，打造全国最大的聊天、交友、约会互动娱乐社区！"
红娘网,/app/com.redwomannet.main,"严肃的交友平台！"
碰碰,/app/com.asiainno.pengpeng,""
趣拍,/app/com.duanqu.qupai,"人人都是综艺咖！"
玩拍－短视频分享社区,/app/com.avos.minute,"最火的短视频分享社区"
签到交友,/app/com.joelapenna.foursquared,"LBS鼻祖，签到分享获得奖励"
Vida 微图记,/app/com.moregg.vida,"分享记录生活，互动娱乐社区"
抬杠,/app/com.hoodinn.venus,"只想找人聊聊天"
靠谱妈―备孕、怀孕、育儿必备的备孕助手、怀孕管家、育儿知识大全,/app/com.bbt.ask,"5分钟解决备孕、怀孕、育儿问题"
女优百科,/app/com.avstarmagazine.main,"日本女优百科信息"
艾米手机视频,/app/com.mobimtech.imichat,"美女聊天室在线演艺。"
神聊 C  手机聊天室,/app/com.tuixin11.sms,"神聊 C 全球首家基于地理位置的手机聊天室"
小木虫,/app/net.discuz.emuch,"小木虫，学术科研第一站，官方出品客户端"
都秀嗨皮-,/app/com.doshow,"都秀嗨皮--聚疯狂 聚嗨皮"
兜兜友,/app/com.telenav.doudouyou.android.autonavi,"兜兜友-告别单身全新利器"
i时尚,/app/com.itrends,"i时尚 - 时尚无处不在"
友邻,/app/com.portaura.myaura,"发现身边的有缘人！"
美女爱自拍,/app/com.appbyme.app3754,"自己拍的，拍自己的，都拿出来现现吧！"
5126社区,/app/com.gaoqing.android,"5126社区-美女直播真人秀"
真心话大冒险,/app/com.TruthOrDare,"倒霉孩子来晒晒迨卖苷"
网名宝典,/app/com.ioteam.netname,"最新网名、最全网名、最流行的个性网名！"
嗡嗡--蚂蜂窝,/app/com.mfw.wengweng,"你的足迹是世界的风景"
秀吧,/app/com.bokecc.gs,"你在秀，我在看！"
换图-匿名照片交换,/app/com.yy.mosaic,"匿名照片交换社区"
AceBridge,/app/acebridge.android,"时尚菁英的精准社交App"
Hello语音,/app/com.yy.huanju,"最温馨好玩的语音交友社区。"
网易微博,/app/com.netease.wb,"做有态度的微博控，随时随地记录微生活！"
星座通,/app/com.chenqi.activity,"通过该软软可以查看你的生肖,星座,血型,星座"
随聊,/app/air.com.heyushikong.vchat,"随聊是陌生人手机随机视频聊天应用"
暴走漫画精简版,/app/com.baozoumanhua.androidlite,"暴走漫画精简版，看暴漫更畅快"
得意生活,/app/com.deyi.client,"周周免费看电影吃大餐"
微语音,/app/com.shorttaillab.weiyuyin,"微信必备插件 - 史上最NB的微信聊天插件"
黑猫-精准定位,/app/com.perfay.blackcat.ui,"您可以实时关注指定手机的地理位置、状态等信息"
叽友,/app/com.weme.im,"叽友群聊，不再寂寞！"
漂流瓶,/app/com.globalapp.floatingbottle,"漂流瓶，寻找你的缘分，寻找你的激情"
记录爱情侣空间,/app/cn.jiluai,"最有爱的情侣空间应用"
泡你妹,/app/cn.fjxq,"帅哥美女， 交友神器 。"
Pick图片社交,/app/jp.naver.pick,""
宠爱,/app/com.chongai.co,"全球首款高端社交应用"
教育通,/app/com.rdweiba.edu,"微课程交流互动平台"
经管之家,/app/org.zywx.wbpalmstar.widgetone.uex10075364,"经管类知识的互动学习平台,学习"
i秀 - 爱交友，疯狂秀,/app/com.ishow.ui,"i秀，梦想的起点，移动星工场！"
组队玩儿,/app/com.samsung.groupcast,"建立手机无线局域网"
YiBo微博客户端 -- 新浪微博、腾讯微博、搜狐微博、网易微博、饭否,/app/net.dev123.yibo,"聚合型微博客户端，支持新浪、腾讯、搜狐、网易和饭否微博，支持多账户跨平台同步发布与分享"
咔嚓 - 阅后即焚私密自拍聊天交友,/app/com.himissing.poppy,"最受欢迎的阅后即焚的私密图片社交"
KK觅友 KKtalk--陌生人移动社交,/app/com.kkliaotian.android,"KK觅友，拉近心的距离！"
Vkontakte,/app/com.vkontakte.android,"俄罗斯最大社交网站的客户端应用"
聊聊,/app/com.liao,"社交应用又出“召唤式”新玩法～"
NGA玩家社区,/app/gov.pianzong.androidnga,"热门攻略，前瞻资讯，应有尽有！"
皮皮精灵―微博定时,/app/com.fingerage.pp,"皮皮精灵 皮皮时光机 微博定时"
51空间,/app/com.fiveone.lightBlogging,"真实美女最多的SNS社区51.com荣誉出品"
iCo新浪微博客户端,/app/magic.yuyong,"最轻量，最清新的新浪微博客户端"
不夜城之**男女,/app/com.swordfishsoft.android.sexcity,"不夜城―隆重公测。"
Fancy,/app/com.thefancy.app,"全新电子商务平台"
Smooth微博客户端,/app/com.mzba.happy.laugh,"Smooth微博客户端"
手信,/app/android.skymobi.messenger,"手信是一款好玩、实用的通讯录社交软件。"
明星库,/app/com.simpleyang.app,"粉丝们的专属APP"
天天微交友,/app/com.appbyme.app21378,"寻找交友的快乐！"
友信,/app/com.youx.android,""
口袋?BIGBANG,/app/com.yinyuetai.fangarden.bigbang,"把大爆炸装进你的口袋！"
呱呱唱聊天天K歌,/app/com.guagua.guachat,"国内知名的视频互动交友平台"
动心-看美女，捧女神,/app/com.huinfo.mm,"上动心，看美女，捧女神!"
微信颜文字表情,/app/org.mfactory.social.emoticons,"微信辅助应用，提供了大量颜文字表情"
找到Ta,/app/com.tinder,"基于地理位置为你推荐对象"
掌上旺信,/app/com.taobao.wangxin,"淘宝推出的轻量级手机聊天应用"
美发秀秀,/app/com.delingrj.android.beautylife,"美发秀秀，看美图，学发型"
部落战争精品攻略,/app/com.wowka.gameguide.clashofclans,"最全的部落战争攻略库"
陌生人的对话,/app/net.devking.randomchat.android,"同城附近陌生人交友约会神器"
美美,/app/me.meimei.android,"留住最美的你！"
手心赚,/app/com.android.Guarder,"一款专门为你赚钱的软件"
谜语大全及答案,/app/com.andow.appRiddle,"千条谜语.离线阅读,每日精品推荐."
家人关爱――随时随地关注家人安全,/app/com.coomix.app.family,"随时随地关注家人安全"
恋恋,/app/com.xiehou,"跟熟悉的陌生人有个约会！"
软件数据线,/app/com.lyy.softdatacable,"随时随地无线传输文件"
可信,/app/ws.coverme.im,"私密微信与隐私保险箱"
掌上论坛,/app/net.discuz,"掌上论坛一款手机客户端浏览论坛的产品"
驴行天下,/app/com.apporig.traveller,"旅行类第一掌上社区！"
长微博,/app/cn.cdsama.longweibo,"突破140限制，就用长微博"
红围脖,/app/com.sina.hongweibo,"新浪红围脖"
ooVoo Video Chat,/app/com.oovoo,"ooVoo Android 可以进行免费的 6人群组视频聊天、即时通讯。"
陌路聊天,/app/com.haily.stranger,"寂寞聊天"
TSF 信息小部件,/app/com.tsf.shell.widget.message,"TSF专属小部件"
秒唱,/app/com.ys.youshow,"秒唱-30秒唱高潮"
文字变图片,/app/com.yigutech.texttopic,"轻松发长微博和适合图片场合"
爱情公寓,/app/com.ipart.android,"最受亚洲女孩欢迎的交友网站"
飞行棋―寻找喜欢玩飞行棋的朋友！,/app/com.ifudi.coushou.view.a9,"兴趣圈子从凑手开始！"
二柄,/app/com.diershoubing.erbing,"专注PS4/Xbox One玩家"
校园无忧网,/app/com.school51,"校园无忧网官方安卓客户端"
丽人之家,/app/com.apporig.beauty,"女性类第一掌上社区！"
有聊(百度贴吧官方版),/app/com.baidu.tieba.local,"本地语音群聊APP"
精武英雄,/app/com.qqpractice.activity,"开启QQ精武堂免费自修时代"
脸脸,/app/cn.dface,"随时随地发现生活新乐趣"
同城约会,/app/com.netease.citydate,"约会神器在手，马上有对象！"
画友,/app/com.imhuayou,"美术社交平台－让作品会说话"
我是我来电秀,/app/net.jijian,"打给你，秀出我"
对面交友,/app/com.blackbean.cnmeach02,"对面-美女，最潮的约会应用"
微信聊天动态表情,/app/com.weixin.gifemoji,"微信聊天动态表情，让你的聊天更有趣"
妞妞爱笑话,/app/com.lin.midea,"如果我给你的，和别人给你的一样，那就不要了"
Instructables创意分享,/app/com.adsk.instructables,"一个很有创意的分享平台"
班家-连接学校与家庭的教育交流工具,/app/com.banjicc.activity,"班家--连接校园与家庭！"
搭伴玩-约吗旅行去,/app/com.dbw.travel.ui,"旅游旅行捡人社区"
你画我猜 汉字版,/app/com.just521.mydraw,"中国画， 中国话， 你画我猜汉字版"
51交友,/app/com.fiveone.date,"真实美女最多的SNS社区51.com荣誉出品"
饭否,/app/com.fanfou.app," 饭否(fanfou.com) 客户端"
蜂鸟社区,/app/com.jfy.mobile.hummingbird,"摄影网站蜂鸟网客户端"
论坛助手,/app/com.quoord.tapatalkpro.activity,"风靡国外的论坛发帖辅助工具"
几米,/app/com.seclock.jimi,"基于真实位置实时群聊，可自建聊天室"
炉石传说盒子,/app/com.youc.gameguide.hearthstone,"最完美的炉石传说辅助攻略库"
对面觅友,/app/com.blackbean.duimianjiaoyou,"对面把妹：娱乐至上"
kds宽带山,/app/net.pchome.kds,"上海本土最具影响力的民生论坛之一"
短视频社交,/app/com.keek,"基于微视频的社交网络"
疯狂陪聊,/app/com.palmdeal.talk,"你无聊陪你玩，你有困难帮你出主意的小机器人"
瑞丽网,/app/cn.com.rayli.magazinehouse,"时尚看得到更买得到"
电话对对碰,/app/cn.langma.ddp,"免费通话、交友，尽在电话对对碰！"
口袋・少女时代,/app/com.yinyuetai.fangarden.girls,"把少女时代装进你口袋"
徒步去旅行 C 驴友大本营,/app/com.augmentum.op.hiker,"户外活动大本营！"
捡人,/app/cn.sh.scustom.janren,"可以捡到对象的旅游软件"
约你妹,/app/com.lingtuan.yuenimei,"成千上万男女推荐的安全应用"
口袋・C.N.Blue,/app/com.yinyuetai.fangarden.blue,"这里每天都拥有C.N.Blue."
Steam,/app/com.valvesoftware.android.steam.community,"Steam官方客户端"
移动微博,/app/cn.cmcc.t,"全国第一个支持手机直播的微博"
富聊,/app/com.esky.echat,"美女搭讪交友，男生交友不寂寞"
电子邮件客户端,/app/com.kaitenmail,"功能强大的电子邮件客户端"
笑话搞笑图库,/app/cn.com.faner.humor,"凡尔搞笑图库，提供在线搞笑、幽默服务。"
号外,/app/com.eemedia.superidol,"号外，最接近偶像的地方"
点点轻博客,/app/com.diandian.android,"点点--中国第一轻博客"
嗨一起,/app/com.hiyiqi,"嗨一起，淘玩伴！"
旅法师营地,/app/com.gonlan.iplaymtg,"卡牌游戏玩家集中营"
同城热恋,/app/com.qixi.citylove,"免费征婚相亲"
Rela热拉,/app/com.thel,"女生专属的交友、直播APP"
卡车之家,/app/com.truckhome.bbs,"提供卡车报价、新闻和工具的APP"
Exchange邮件客户端,/app/com.nitrodesk.droid20.nitroid,"Push mail邮件客户端，支持多邮件同步"
我打-游戏辅助神器,/app/com.kalagame.guide,"玩家必备的游戏神器"
智能家居,/app/com.yuantuo.ihome,"智慧生活，从物联启航。"
口袋・Super,/app/com.yinyuetai.fangarden.suju,"口袋?SJ把小少年装进你口袋！"
是我!,/app/im.civo.client,"穿梭全球，交换生活"
沃动上海,/app/com.smi.wcloud,"上海联通营业厅官方客户端"
豆瓣线上活动,/app/com.douban.online,"豆友们用图片分享生活中的快乐与新鲜事的地方"
良仓：生活家的良品分享,/app/com.liangcang,"每个人自由分享中意之物的部落"
全角生活,/app/com.life360.android.safetymapd,"社交网络"
生活纪录片,/app/com.liba.android.meet,"人生有许多故事，每一段都值得记录"
百合相亲,/app/com.baihe.date,"在百合相亲，简单高效找对象！"
校内秘密,/app/com.xiaoneimimi.android,"时下最火热的匿名校园交友应用"
真想聊多人视频聊天,/app/com.tiange.hz.xliao,"一款全新的多人视频聊天软件"
核雕文玩网,/app/com.appbyme.app23643,"核雕文玩网，共享爱好人生！"
若邻网,/app/com.wealink.job,"全行业在线招聘网站"
易联安全邮箱,/app/ect.emessager.email,"易联安全邮箱 移动办公专家"
小米分享,/app/com.xiaomi.xshare,""
简简单单-约会交友(荐),/app/com.jjdd,"女生最多、照片真实度最高的约会交友应用! "
米吧,/app/com.xiaomi.topic,"米吧是由小米公司推出的国内首个移动语音、图片"
图喔喔,/app/com.net114.tlw.getpicmainview,"图片社交应用，用图片来表达世界"
优艺,/app/com.woxingwoxiu.showvideo.activity,"女神邀你欢歌笑舞、演绎童话爱情"
拉拉公园,/app/com.redwolfama.peonylespark,"与附近的les不期而遇"
欢乐直播,/app/com.tiange.hz.happy88,"一款爽爆了的美女视频聊天APP"
Arming微博(新浪版),/app/com.armingstudio.weibo,"小巧、快速、高清显示的微博客户端"
聚友网,/app/com.myspace.android,"手机随时随地上聚友网，与好朋友分享快乐"
Spring新浪微博,/app/com.sprding.spring,"好用的新浪微博客户端"
密友,/app/com.sina.meyou,"微博关注的人太多，用密友和朋友保持联系"
QQ签名档,/app/com.appwill.reddit.lyqqstatus,"在这个“神马都是浮云”的时代,你的签名“给力"
掌上大学,/app/com.realcloud.loochadroid.college,"大学生趣味社交"
瓶子,/app/com.gamesloc.bottle," 真正的LBG游戏，及时关注周围的好友"
天气应用程序,/app/com.macropinch.swan,"设计明确，简单而又直观的天气APP"
单身在线,/app/com.wzzn.singleonline,"在线单身都在这儿！交友聊天免费"
悄悄话漂流瓶,/app/net.sjang.sail,"网络交友"
Topit图库,/app/com.topit,"图片分享社交网站topit.me安卓客户端"
军旗―寻找喜欢玩军旗的朋友！,/app/com.ifudi.coushou.view.a11,"兴趣圈子从凑手开始！"
智慧照片库,/app/com.flayvr.flayvr,"在酷炫的照片和视频专辑中拾遗"
我和你,/app/com.hkx.youandme,"情侣约会，手机定位找人软件"
写字先生,/app/com.font,"修身养性的文艺书法社区"
陪聊神兽,/app/com.lamarobot.activity,"无论你聊什么，它都会找打话题"
布谷提醒 生日微信短信祝福 ＆ 节日聚划算活动提醒,/app/com.my1net.gift91,"聚划算开团限时促销"
Banjo,/app/com.banjo.android,"基于地理位置发现附近好友的移动社交应用"
百搭女王,/app/com.mobibrothers.fittingqueen,"随时随地与闺蜜分享时尚态度"
视频达人秀,/app/com.kxshow,"看美女直播，就来视频达人秀！！！"
拓拓,/app/cn.gaialine.talkage,"一款基于手机通讯的移动社交应用"
美剧迷,/app/com.thefansbook.meiju,"美剧迷全新改版，为您精心挑选最新最全的美剧资讯"
寂寞单身约会,/app/com.youyuan.mmsp,"不再独自忍受夜夜孤独与寂寞"
杨幂D版,/app/com.myyangmi,"杨幂粉丝专属APP"
爆米花美女秀,/app/com.camundo,"爆米花美女秀，最热辣最风情的美女视频直播，免"
穿吧-真人搭配秀,/app/com.ruci.chuanba,"穿吧，真人搭配秀"
同城交友简单爱,/app/com.easylove,"简单爱，寻找最简单的爱情"
相亲交友百合网男才女貌,/app/com.perfectmatch,"相亲交友同城约会异性聊天首选！"
去哪儿找美女,/app/com.thefansbook.weibotopic.qunarmm,"去哪儿找美女"
推爱,/app/org.zywx.wbpalmstar.widgetone.uex11123053,"一款最靠谱安全的婚恋交友软件"
海底捞,/app/com.haidilao,"好火锅会说话"
面聊,/app/com.tjut.mianliao,"校园最in的短视频社区"
爸妈在哪儿,/app/com.coomix.app.familysms,"对爸妈的关爱如影随形"
Couple,/app/com.tenthbit.juliet,"最适合情侣使用的程式"
时空网,/app/com.gxsky.android.bbs,"时空网安卓客户端"
TT译聊,/app/com.ruptech.chinatalk,"TT译聊，让你与世界紧紧相连！"
同同,/app/tt.android,"国内第一款GAY和LES社交软件"
疯点,/app/com.agesets.im,"专注于真实的大学生社交网络"
心理医生,/app/cn.xrong.mobile,"心理医生"
微水木,/app/com.demon.weism,""
整容通整形大师,/app/com.szst.hgzrt,"赴韩整形 你值得拥有！"
照片发至未来,/app/com.throwbackapp.throwback,""
爱滔客手机对讲,/app/cn.com.ipoc,"爱滔客(airtalkee)，最真实的语音交友社区"
陪陪,/app/com.tshang.peipei,"万千魅力女神陪您聊天陪您玩"
猜猜(匿名与小伙伴表白倾诉约会),/app/com.caicai.app,"匿名与小伙伴说真心话"
肥皂心情,/app/com.Feizao.app,"用漫画分享心情"
微领地,/app/com.gypsii.elingdi.activity,"新浪官方出品，基于位置的移动社交应用"
爆笑江湖,/app/com.daywin.secret,"爆笑江湖，消灭不开心。"
车途邦,/app/com.xd.ctb,"史上最强大的汽车保姆应用软件"
悠悠,/app/com.jingling.yoyo,"悠悠，开启了一种全新的社交方式"
咪客装扮,/app/cn.micat.ui,"咪客装扮―要你好看！"
哇啦,/app/com.socialtv,"东方卫视官方电视互动应用"
聚同,/app/com.gay59,"聚同，你身边的好基友。"
笑掉大牙&极品笑话,/app/com.u8yes.joke.activity,"娱乐仓库、笑料宝典，没有你不哈哈大小的理由。"
视缘交友,/app/com.zky.shiyuan,"视频交友娱乐平台"
天翼3G俱乐部,/app/com.lenovocw.music,"一款基于智能手机的娱乐软件"
LINE微片,/app/com.linecorp.snapmovie,"LINE拍摄・编辑视频的应用"
VClub新浪微博客户端,/app/com.flyjava.yiweibo,"基于微博分析、提供丰富的应用和用户体验"
百合非诚勿扰,/app/com.itotem.sincere,"百合非诚勿扰是百合网为广大手机用户推出的移动"
POCO照片,/app/cn.poco.wblog,"POCO照片(原POCO365)，是一款手机照片和微博图片管理工具。"
芒果圈,/app/com.hunantv.tazai,"随时随地加入芒果台互动，轻轻松松赢得大奖"
GPS辅助器,/app/net.canaryx.gpsaids,"GPS通讯辅助工具"
爆笑校园,/app/com.wisedu.campusjoke.activity,"集合全宇宙最爆笑、最精彩的校园生活段子"
YOHO!E潮流,/app/cn.yoho.evogue.activity,"潮流,随行而至。"
玩啥e族,/app/com.javgame.wansha,"玩啥"
雅虎通中文版,/app/com.hiyahoo,"全球用户量最多的即时通讯软件之一"
北海365网,/app/org.zywx.wbpalmstar.widgetone.uex11120320,"北海365网"
天天饮食,/app/com.thefansbook.ttys,"天天饮食"
我要打羽毛球,/app/com.ibadminton,"我要打羽毛球"
喷嚏图卦,/app/com.cimi.pic.news,"让我们更清楚地了解这个世界！"
Ameba日本版:Ameba,/app/jp.ameba,"各种日本明星博客网站~"
夜讯,/app/com.yeamo4,"夜讯-点亮你的夜生活"
哈图,/app/com.appmagics.magics,"「超现实体验移动社交」"
Who Talking - 腾讯微博客户端,/app/com.orient.whotalking,"腾讯微博第三方客户端"
摇摇电视,/app/com.star.yytv,"微博新用法，电视新玩法"
珍爱&百里挑一,/app/com.zhenai.blty,"都市单身男女青年提供在电视上相识、相恋的平台"
吹泡泡搞对象,/app/com.blsm.rlnn,"随时随地找对象，就看你的了"
洋葱圈 - 体育社区,/app/com.sponia.ycq,"分享体育快乐"
美发秀发型助手,/app/com.mifashow,"美发秀有你附近发型师的信息!"
搜道美女时钟,/app/com.sodao.beautytime,"以1分钟展示一个美女，每天每个城市展示144"
娱乐猫,/app/com.yulemao.sns,"娱乐社交"
Slingshot照片分享,/app/com.facebook.slingshot,"帮Facebook用户分享某个“瞬间”"
表情mm,/app/com.siyanhui.emojimm,"免费下载明星表情"
星梦,/app/com.chinaidol.ui,"星梦―汇赛事聚偶像凝粉丝"
天天看看美女,/app/cn.com.yutian.qsyk.activity,"天天看看，要你好看！"
探探,/app/com.p1.mobile.putong,"约不约，先看脸。叔叔，我们不约。"
优聊,/app/cn.youliao365,"单身男女专属聊天交友平台"
语玩-同城交友约会聊天室,/app/cn.longmaster.pengpeng,"视频相亲直播，快速邂逅意中人。"
Chance,/app/com.chance.ui,"你能看见的人，都被映射在你的手"
闹钟控,/app/com.rumtel.clock,"听见你为我设置的闹铃是幸福"
8PM,/app/ivgrp.co.yoyo9,"8秒速拍?即时约见"
奇遇,/app/com.snda.qiyu,"潮人必备时尚交友软件！"
Hi-夜店,/app/wen.ddsjw.mhd,"交友搭讪微博控"
健康减肥4加1,/app/com.goog4fit,"健康减肥4加1带您进入数字运动新世界!"
爱真心婚恋,/app/com.izhenxin,"恋爱不分场合，邂逅无关地点，火"
开心明星脸,/app/com.tapindata.happyfamousface,"开心明星脸是测试与明星相似度的应用"
同学闹钟,/app/me.dtclock,"真人互助起床应用，猜猜明天谁会叫你起床？"
博客管理工具,/app/org.wordpress.android,"支持wordpress博客的工具"
画聊：涂鸦聊天交友,/app/com.haowan.hualiao,"画聊是一款涂鸦聊天交友软件。 "
9monsters,/app/jp.co.applibros.alligatorxx,"同志APP诞生"
神马浏览器,/app/jp.co.fenrir.android.sleipnir_test,"功能强大的浏览器"
扣扣,/app/com.cndw,"扣扣交友,从陌生人到朋友!"
笑P孩,/app/com.lin.idea,"笑P孩，把快乐带回家"
陌聊,/app/com.leu.moliao,"最熟悉的陌生人，尽在陌聊~"
沪江外语碎碎,/app/com.hj.ssn,"分享你学习、生活的碎片，刷微博，学外语"
玫瑰婚恋交友,/app/com.meiguihunlian,"玫瑰婚恋交友，帮你迅速告别单身！"
拒宅-找伴出去玩,/app/com.juzhai.android,"拒宅是一款脱宅利器！助你找伴出去玩！"
无聊时刻,/app/com.fengxun.wuliao,"最新鲜的无聊破事与俗图"
姐的那点事儿,/app/com.hulutan.cryptolalia,"女人的私密花园"
多朋兴趣社交,/app/com.xlhtol,"玩多朋―帮你找到更多志趣相投的朋友！"
百度小知,/app/com.baidu.xiaozhi,"百度小知，是一个可爱、靠谱的语音问答小精灵"
迅雷方舟,/app/com.xunlei.walkbox,"互动、交流、分享、海量资源、无限存储"
108社区,/app/com.changshuo.ui,"随时关注身边事，就上108社区！"
星巴克中国FC,/app/com.thefansbook.starbucks,"星巴克粉丝会 FANS CLUB"
PIXIV插画鉴赏,/app/com.kaede.aa_pixiv,"鉴赏Pixiv上的各种精美插画"
Maaii：免费通话及消息聊天,/app/com.maaii.maaii,"Maaii?免费通话和聊天"
台球――寻找喜欢打台球的朋友！,/app/com.ifudi.coushou.view.a18,"兴趣圈子从凑手开始！"
口袋・防弹少年团,/app/com.yinyuetai.fangarden.bts,"防弹少年团 快来认领你的小防弹！"
嘣嘣怦怦邮箱,/app/com.fuzixx.dokidokipostbox,"嘣嘣怦怦邮箱[2.9] - 最快和最简单的即"
告白墙,/app/cn.hupoguang.confessionswall,"一款以时间为线索进行方便告白应用"
杀人游戏―寻找喜欢玩杀人游戏的朋友！,/app/com.ifudi.coushou.view.a1,"兴趣圈子从凑手开始！"
推推聊天室,/app/app.taolesschat,"全国最火爆的手机聊天室，随时随地的交友聊天。"
开心爱,/app/com.kaixinai.love,"开心爱：找感兴趣的人聊天"
推特客户端,/app/jp.r246.twicca,"Twitter第三方版本"
OMGTALK匿名聊天,/app/net.yebaihe.tool.omgtalk,"野百合制作一款匿名聊天软件"
敢拍敢秀,/app/me.ganxiu.activity,"只能看10秒的邪恶图片社交应用"
方言Chat,/app/com.yilonggu.local,"一款基于微信发送方言语音APP"
推兔,/app/com.caishi.tuitu,"微博应用推兔手机版"
站台-同城邂逅神器,/app/com.ubox.station,"同城邂逅神器"
众信悠哉旅游,/app/com.uzai.app,"众信春节送豪礼，全家人的海外新年"
圈圈,/app/com.baitian.projectA.qq,"全国最大的95、00后交流社区"
开源中国,/app/net.oschina.app,"开源中国社区"
饭团-TOP,/app/com.ishehui.x48,"连续100周排行第一。"
师兄帮帮忙-有困难找师兄,/app/com.sxbbm.mobile,"予人玫瑰，手有余香"
化龙巷,/app/com.hualongxiang,"化龙巷官方app ―常州新闻资"
自驾对讲机,/app/com.jjftp.ptt,"专为自驾出游设计"
学化妆找小米-跟小米老师学习化妆美容技巧,/app/cn.zhui.client814933,"跟小米老师学习化妆美容技巧，成就完美新娘！"
聊吧,/app/com.tapindata.tochat,"找人聊天,从此告别孤单"
爱的档案,/app/com.ureading.loverecords,"一款家庭情感档案管理软件"
微播美女直播,/app/com.rednovo.weibo,"最好玩的视频交友聊天软件"
新浪读书,/app/com.thefansbook.xlds,"新浪读书"
搞笑谜语,/app/OTbearAnswerGX.namespace,"“猜谜语”与“查谜底” 搞笑有趣的谜语"
行善,/app/net.imore.client.iwalker,"走路做公益"
多聊社交网络电话,/app/com.dotalk.social,"最省钱的网络电话"
色影无忌论坛2013,/app/com.xitek.wujiforum2013,"为摄影爱好者提供交流的网络平台"
智能家居,/app/cc.wulian.ihome.hd,"远程控制，监控质量，安全保护"
28星宿,/app/oms.mmc.independent.fortunetelling.fate.xingxiu,"想知道你和对方的星宿配对么？"
智@考研,/app/yan.android.client,"为考研达人量身定制的考研资讯平台"
约陌,/app/com.colcy.wetogether,"活动 约会 聊天"
口袋・Infinite,/app/com.yinyuetai.fangarden.infinite,"专属Infinite的追星神器"
缘来交友,/app/cn.zhui.client517653,"随时随地上缘来，下一个转角遇到爱"
省钱宝免费电话,/app/hk.ttub.ucall,"省钱电话，沟通无价"
篮球――寻找喜欢打篮球的朋友！,/app/com.ifudi.coushou.view.a19,"兴趣圈子从凑手开始！"
My全民直播,/app/com.ztgame.dudu,"美女视频直播，语音K歌交友"
脑筋急转弯,/app/jones.nzjzw,"脑筋急转弯"
《全球使命》掌上应用,/app/com.zygames.m.android.qqsm,"《全球使命》掌上应用2.0"
密码酷,/app/net.ask123.mima96,"让你查密码，论数字，不再是难事！"
男生宿舍-社区交友,/app/com.wisedu.hostel,"打造年轻人专属的移动交友社区"
流量拦截王-节约流量&实用应用&微博分享,/app/com.mm.plugins.contactsprotect.APNSwitch1,"防止手机应用随意下载资源 "
海狸娱乐,/app/com.yunva.yaya,"激情、动感、火辣的视频直播"
求约会,/app/com.date,"至诚相约、想你所求"
推特联系人,/app/com.handmark.tweetcaster,"社交网络"
靠近,/app/com.yuanlai.android.yuanlai,"开启你的移动社交生活！"
私密聊天,/app/com.sepialabs.glassboard,"一款主打私密聊天功能的应用"
17SNK台球,/app/com.snooker.activity,"中国首家台球潮人服务平台"
学生圈,/app/com.sec.uskytecsec,"专属高校师生的综合信息交流平台"
地宝论坛,/app/org.zywx.wbpalmstar.widgetone.uex10086840,"地宝论坛为地宝网论坛客户端"
全校通,/app/com.xwg.cc,"为中小学量身打造的移动通讯平台"
神机工场,/app/com.lenovo.mgc,"参与众测，和机友一起吐槽赢奖品！"
像素鸟炫耀器,/app/com.ycm.bird,"点击屏幕 ＞ 输入你要的分数 ＞ 自动截图分享 ＞ 吓傻小伙伴！"
无线邻居,/app/com.yeeron.wifineighbour,"无线邻居，无处不在的邻居"
小野猫,/app/com.android.sexycat,"最性感的情趣社区平台"
全民股神,/app/com.tradehero.th,"最受全球投资者欢迎的炒股软件"
口袋巴士论坛,/app/com.wanmei.ptbus,"手机游戏第一玩家论坛"
拍么,/app/com.nvshengpai.android,"中国最大视频互动交友社区"
闪遇,/app/com.hjt.im,"全球首款匿名手机通话类社交产品"
美萌,/app/com.wangzhi.beauty,"中文最大女生社区， 萌妹纸成精必备"
TwitCasting Live: Live Stream,/app/com.sidefeed.TCLive,""
Petaco可爱记事本,/app/jp.co.kakao.petaco,"通过记事本分享自己的计划"
中华论坛,/app/com.china.app.bbsandroid,"中国最具影响力的移动社区平台"
追星族,/app/cn.com.starchaser.android.browser,"【追星族】粉丝追星和饭后八卦的必备应用。"
寒山闻钟,/app/com.glavesoft.suzhou.main,"寒山闻钟"
宠物约会,/app/com.honorwater.petdating,"约会吧，以宠物的名义~"
口语角儿,/app/com.kouyujiaoer.kouyujiaoer,"交朋友练口语, 轻松学英语"
云筑圈,/app/com.yunzo.coc,"专属于商人、企业家的移动社交软件"
DIY LINE 贴图 (免费 , 免注册),/app/com.iceworksgroup.line.sticker,"DIY LINE 贴图(免费)"
创业e家,/app/com.gys.cyej,"中小微企业移动创富平台"
钓鱼之家,/app/com.lexun.sqlt.dyzj,"最强钓友论坛，解答各种钓鱼问题"
爱网游,/app/com.GamerUnion.android.iwangyou,"为手机网游玩家度身打造的社交软件"
寻觅,/app/com.yotian.love,"上寻觅邂逅缘分，寻觅自己的幸福！"
魔线,/app/com.yunxun.moxian,"魔线+客户端"
99CU多人视频聊天,/app/com.tiange.hz.jiujiucu,"一款全新的多人视频聊天软件"
瑞丽美妆,/app/com.rayli.maquillage,"瑞丽美妆-你的美妆随身社区"
Ami说,/app/com.amigo.emotion,"Ami说-朋友圈子吐槽神器"
减压吧,/app/com.yuedong.relax,"减压吧，一个放松的地方！"
新军事武器库,/app/com.ikantech.military,"环球新军事论坛"
明星动态,/app/com.chinahgf.idol,"快捷获取偶像动态信息的手机应用"
上海最关心,/app/com.liba.attention.shanghai,"总有你关心的本地新闻便民市井八卦"
天下网,/app/cn.com.tx.chat.android,"展示自我独特个性"
Muzy图园,/app/com.muzy,"一个国外的图片分享网站"
蜜咔,/app/la.mika.android,"专属于80、90后的图片分享应用"
Yan-烟友召唤神器,/app/com.yktx.yan,"约烟神器，烟友小伙伴，一键召唤"
翼秀吧,/app/com.sycf.ty,"实时在线视频聊天、在线K歌、跳舞、视频交友"
招财猫创业问答,/app/org.plugbase.zcm.activity,"创业、投资、加盟问答平台"
我叫MT聊天群,/app/com.weme.ggc,"《我叫MT》玩家聊天工具"
找找_移动,/app/net.polegame.zhaozhaonews,"找找,让我们不再失去彼此"
osmino chat C 最好的无名聊天， 论坛并问题服务!,/app/com.osmino.wb,"- 论坛 - 聊天 - 交友 - 落格  -"
一分钱电影票,/app/com.gewarabd,"“一分钱”看贺岁豪片，就等你来！"
斯塔音乐,/app/com.xmht.instamusic,"分享音乐到Instagram"
又又-约会恋爱婚恋很简单,/app/com.uume.tea42,"恋爱不需要陌生人，诚信约会很简单"
Biu,/app/com.woniu.huanwei,"与陌生人分享彼此的视野"
tataUFO-大学生轻社交平台,/app/com.android.tataufo,"大学生必备社交神器！"
微信内涵表情,/app/com.qwbcg.emord,"生成好玩内涵表情图片的社交福利"
葡萄社交助手-阅读朋友,/app/so.putao.community,"微博来电秀阅读朋友"
上网助手,/app/com.dianxinos.toolbox.netflowmgr,"上网助手，随时随地掌握当前流量使用情况"
天天唱-美女直播娱乐交友平台,/app/com.sy.app,"美女直播娱乐交友平台，欢乐必备！"
锋绘动漫,/app/com.ifenghui.face,"指绘和3D动漫制作交流分享平台"
PU口袋校园,/app/com.xyhui,"全国第一高校成长服务平台"
星座密语,/app/com.momo.yuka.star,"星宫神秘莫测，每日发布星座权威排行"
夜爱直播,/app/com.tiange.hz.paopao8,"一款全新的多人视频聊天软件"
美丽美,/app/com.meilimei.beauty,"美丽美，让你更美丽的APP"
邻伴,/app/net.linban.app,"跟附近的人聊天"
微博通,/app/cn.wbto.weibo,"微博通一个客户端支持新浪、腾讯、搜狐、网易等"
推图,/app/com.mzpai,"时尚个性的手机拍照分享应用"
陌游―游戏玩家的专属圈子,/app/com.chatgame.chatActivty,"游戏玩家专用社交工具"
Welike微博客户端,/app/com.sxy.ui,"最好用的客户端！"
巴哈姆特,/app/tw.com.gamer.android.activecenter,"华人地区最大的电玩动漫社群网站"
花瓣美女 - 让美女心动的美女,/app/com.huaban.beauty,"花瓣美女, 花瓣网(Huaban.com) "
寂寞姐语录,/app/com.sequel.it.budejie,"百思不得骑姐，你一定要读寂寞姐语录。"
爱宝宝,/app/net.abaobao,"最好玩的幼儿园和家庭的互动工具。"
MSN Talk Pro,/app/com.xrath.jmsnx,"MSNTalk 厌倦QQ的你 不妨一试"
艾米直播-有逼格的美女秀场,/app/com.mobimtech.natives.ivp,"云集优秀美女主播,在线视频互动"
大咔,/app/com.letv.star,"用影像记录我们溢于言表的精彩生活…"
美女秀场直播间,/app/com.sina.show.english,"美女主播最多的视频聊天交友软件"
Seesmic社交管家,/app/com.seesmic,""
千尺看图-图看微博,/app/com.onekchi.picture,"看美女，看美景，爱看什么就订什么"
aSM 水木社区客户端,/app/com.athena.asm,"水木社区Android客户端"
帮您解忧,/app/com.appwill.reddit.needadvicecn,"何以解忧，唯有解忧！"
酷米客GPS定位系统(实时定位追踪和足迹回放),/app/com.coomix,"基于LBS和GPS卫星定位系统"
编织人生论坛,/app/com.appbyme.app71974,"编织人生论坛官方客户端"
前生后世缘-缘分测试&有趣应用&微博分享,/app/com.lastlife,"想知道你的前生和今生有什么缘分吗"
孙子兵法2,/app/air.com.kidmobile.szbf2,"孙子兵法2适用于游戏大赛，可以跟网络对战"
文字转图片,/app/com.zz.xinfo,"文字转图片工具，适应于新浪微博"
派说,/app/com.paidai,"电商人的学习、社交、直播APP。"
XDA手机论坛,/app/com.quoord.tapatalkxdapre.activity,"国外智能手机论坛xda-developers"
这儿,/app/com.up.there,"央视力荐手机应用"
快聊,/app/com.jiubang.app,"1对1聊天室,自动配对,马上连线聊天"
浏览器转换,/app/com.nightshadelabs.anotherbrowser,"不用复制链接直接转换浏览器"
查好友,/app/com.seeme.activity,"内部共享的组织通讯录"
失恋大药瓶,/app/com.leftinfo,"情感失意者必备的治愈系软件和疗伤圣地"
宅男腐女必看冷笑话,/app/com.appbyme.app1014,"今天，你冷了没有？"
众筹,/app/com.subject.zhongchou,"众筹网，为支持创业而生"
vv酷视频聊天,/app/air.www.vvku.com,"vvku互动娱乐社区"
占卜算命,/app/oms.mmc.fortunetelling.loverspair.ziweihehun,"专业恋爱婚姻分析，祝您爱情甜蜜"
乐活分享,/app/com.youa.mobile,"国内首个生活消费分享社区。"
VIPABC On The Go,/app/air.com.tutorabc.vipmobile,"全球跨师资天天24小时服务"
BlackLight微博,/app/us.shandian.blacklight,"新浪微博第三方轻量级客户端"
PaPa,/app/com.um.papa,"PaPa是一款针对陌生人交流的移动社交"
8684广场,/app/com.chinabus.square2,"广场是大家一起交流、分享生活经验的社区应用。"
看电影杂志,/app/com.thefansbook.kandianyingzazhi,"电影杂志"
棒棒糖―宝宝成长好帮手，高品质亲子社区,/app/com.ywqc.baby,"宝宝成长好帮手，高品质亲子社区"
幽默一刻,/app/com.enjoy,"幽默一刻"
智点调查,/app/com.SmartPoint.app,"新颖有趣的调查和积分回报"
厦门旅游美食攻略,/app/com.thefansbook.xmlymsgl,"厦门旅游美食攻略"
爬行天下,/app/com.thefansbook.weibotopic.paxingtianxia,"查看最新的爬行资讯"
狗狗汪星人-宠物论坛,/app/com.apporig.petdog,"宠物类第一掌上社区"
靠垫儿,/app/com.kaoder.android,"靠垫儿，百闻不如一荐如故！"
飞信同窗,/app/cn.com.fetion.win,"飞信同窗是专为大学生用户打造的个性校园应用"
心理测试,/app/cn.xrong.mobile.test,"性格测试、职场测试、情感测试"
SNSGallery,/app/com.snsgallery,"SNS相册，具有编辑和分享到人人和微博的功能"
动漫东东,/app/org.zywx.wbpalmstar.widgetone.uex10110696,"动漫东东安卓客户端"
磨房,/app/net.doyouhike.app.bbs,"自助旅行和户外运动的出发地"
UM 联信,/app/cn.intwork.um3,"联信是免费通话商务社交软件"
戚薇App,/app/com.android.moloon.u2App.qiwei,"戚薇的官网社区上线啦！"
QA恋,/app/com.iqiubo.love,"QA恋，体验恋爱美好。"
爱情36计,/app/com.hotty.lianai,"致逝去的青葱岁月,那些年,我们一起把的妹子"
窝窝,/app/com.vikaa.wowo,"窝窝，温馨微博大家庭"
华夏收藏网,/app/com.handcool.laoguhui,"打造国内文化艺术品收藏行业的旗舰品牌，引领艺"
宠物交友 掌上爱宠朋友圈,/app/com.chinapet.leepetmove,"我们不是陌陌，宠物交友是真实爱宠物的朋友的掌上社交平台"
花花相册,/app/net.huanju.yuntu,"一款免费无限存储空间"
人脉网,/app/com.renmai.renmai_com,"通过人脉网手机移动平台，随时随地拓展人脉关系"
爬山―寻找喜欢爬山的朋友！,/app/com.ifudi.coushou.view.a20,"兴趣圈子从凑手开始！"
帮帮,/app/com.zhihuiuni.bangbang,"帮帮，快速帮你解决问题"
交友,/app/com.baihe.meet3,"交友-见见"
领爱,/app/com.duoyi.lingai,"领爱-从遇见，到相恋"
财吧,/app/com.rdweiba.caiba,"一款以资讯、竞技、互动、展示四维一体的平台"
撸点新闻,/app/com.baidu.hao123ludian,"撸点新闻，汇聚每日最搞笑的新闻"
看相大师,/app/com.vip186.kanxiang,"“相由心生，心能改命”也！"
就是羽泉,/app/com.xingyunhudong.yuquan,"羽泉组合官方APP"
口袋・T-ara,/app/com.yinyuetai.fangarden.tara,"口袋・T-ara追星神器"
爱水木,/app/org.leeall.ismth,"水木社区Android客户端"
搞怪,/app/com.appbyme.app983,"最逗乐搞怪的娱乐应用"
哎呦呵iuher,/app/com.zytimes.xmpp,"电视社交兴趣微群吃货雷达"
K歌城市,/app/com.kmcclient.kmcclientrelease,"k歌城市-唱歌从此有了新方式。"
结伴游,/app/com.jbytrip.main,"旅行约伴利器，拼吃拼车拼房一手掌握"
与家人分享照片，是最幸福的事！,/app/com.wu.family,"家人之间的分享与关爱"
微镜头,/app/com.vtion.androidclient.tdtuku,"微镜头，发现图片价值。"
倾城,/app/com.android.quanyun,"倾城手机客户端是陪你玩转沈阳的城市生活伙伴。"
智能WiFi,/app/com.adroidzscpc.smarterwifijp,"延长电池寿命"
Sharpee艺术分享,/app/com.csform.sharpee,"知名数字艺术社区Behance的客户端"
酒友,/app/com.netease.jiu,"爱酒人的朋友圈"
全家乐聊,/app/com.jeejen.family.leliao,"全家聊天"
来盟,/app/com.wee.event,"指尖上的兴趣活动社交平台"
磨房.活动.约伴,/app/net.doyouhike.app.event,"磨房.户外.活动.约伴"
奔驰车友会,/app/cn.medp.benzclub,"奔驰车友最方便最快速的交流平台"
创梦客,/app/cn.cmke.shell.cmke,"创梦客-创业融资社交软件"
n分之一,/app/com.jacpy.exchange,"陌生人的信息交换平台"
我们爱讲冷笑话,/app/com.ytxt.mmhatchforimg14472,"网罗世间百态，搞笑趣图齐分享！"
天天群聚会,/app/com.daywin.ttqjh,"我们聚会吧，国内最大的互联网群"
行者直播,/app/com.hantai.voyager,"爱旅行、会生活、上行者直播"
iUU多媒体免费短信,/app/com.iuumobile.activity,"最贴近手机短信使用习惯的多媒体聊天软件"
一起秀直播,/app/com.shejiao.yueyue,"超火爆的真人美女视频直播app"
凌晨一点-情趣交流社,/app/com.threeti.yongai,"羞羞的两性关爱交流社"
同城约会吧,/app/com.mylove,"同城约会找对象神器"
约*,/app/com.yue.ai.yuanfen,"约会、找对象、把妹，一步到位！"
求爱,/app/com.jiayuan.qiuai,"帮助大众单身男女找到对象的软件"
来疯直播,/app/com.youku.crazytogether,"没有妹子陪？想要帅哥疼？"
映客直播,/app/com.meelive.ingkee,"明星演唱会现场直播开始啦"
求恋爱,/app/com.qiulianai.main,"摆脱单身，告别寂寞，就上求恋爱！"
腾讯手游宝,/app/com.tencent.gamejoy,"玩转腾讯手游，省心省力省钱。"
结缘,/app/com.yicheng.jieyuan.com,"恋爱相亲，摆脱单身，必备神器！"
缘分婚恋-女生版,/app/com.yuanfenhunlian.main,"摆脱单身！单身男女脱光神器。"
快爱同城约会,/app/com.kuailianai.main,"寂寞男女，同城约会，解决需求！"
在这儿―发现新朋友！,/app/com.foxflypro.android,"在这儿是中国最大的以结交真实朋友为目的的移动互联网平台！"
最右,/app/cn.xiaochuankeji.tieba,"自古吐槽出神人，很有意思"
缘分同城交友,/app/com.yuanfen.main,"寂寞男女，摆脱单身，解决需求！"
同城热恋,/app/com.tongchengrelian.main,"告别单身上同城热恋马上有对象"
口袋・TFBOYS,/app/com.yinyuetai.fangarden.tfboys,"TFBOYS官方APP！"
大麦麦田,/app/cn.maitian,"订阅偶像演出行程动态，获得购票权"
蜜爱,/app/com.miai.miai.app,"单身男女，同城蜜爱。"
疯狂恋爱,/app/com.jiqinglianai.main,"疯狂恋爱-人气爆棚的脱单神器！"
花椒直播,/app/com.huajiao,"花椒直播-美颜椒友，疯狂卖萌！"
人脉军刀,/app/net.iusky.iuclient,"5分钟完成极其贴切的人脉关怀利器"
豆瓣,/app/com.douban.frodo,"为你提供有价值的生活参考"
第一弹,/app/com.diyidan,"超人气动漫二次元ACGN资源平台"
装*神器,/app/com.duowan.bi,"分分钟成为装逼集大成者"
藏趣,/app/com.icangqu.cangqu,"全球最大藏家交流平台"
同城恋爱,/app/com.tongchenglove.main,"寂寞男女，同城约会"
微博国际版,/app/com.weico.international,"简单轻松国际化新浪微博客户端"
一直播,/app/tv.xiaoka.live,"有颜，有趣，有料，等你来撩"
烟火,/app/com.zhouyehuyu.smokefire,"陌生人同城约会聚会神器"
斗图神器,/app/com.bugua.fight,"海量至贱表情，最专业的斗图软件"
搜脉,/app/com.example.ui,"全国最全面的移动采购、推广、商"
甜蜜恋人,/app/com.youban.sweetlover,"同城美女视频交友，3分钟可约"
艺友,/app/com.yiyouapp,"找老师  找画室  找画友 就上艺友"
超级名片,/app/com.iein.supercard,"超级名片，我的名片！最in的商务社交工具！"
星窝-秀场交友,/app/cn.xingwo.star,"偶像粉丝在线语音互动社交app"
企鹅电竞,/app/com.tencent.qgame,"腾讯旗下的电竞社区平台"
有我-聊天交友,/app/com.jiaoyou.youwo,"互助交朋友，真心换真情"
掌上洛克,/app/com.QQ.angel.webApp,"第一时间了解洛克发生了什么"
棒直播,/app/com.melot.game,"网红必备的美颜直播赚钱神器"
TIM,/app/com.tencent.tim,"TIM，QQ办公简洁版。"
MIUI论坛,/app/com.miui.miuibbs,"专为发烧友便捷访问MIUI论坛"
Keep+,/app/im.keep,"让您和朋友更亲近~"
同城在线约会,/app/com.miaoyuanhunlian.main,"摆脱单身，告别寂寞，！"
缘份吧-同城交友、找对象、恋爱、约会必备神器,/app/com.xiaochen.android.fate_it,"提供真实高效的大众婚恋交友服务"
微博轻版,/app/com.sina.weibolite,"为低配手机设计的轻量级微博"
同桌游戏,/app/com.tongzhuo.tongzhuogame,""
嘿秀,/app/com.remair.heixiu,"嘿秀，最炫酷的真人视频直播APP"
IMVU Mobile,/app/com.imvu.mobilecordova,""
Tplus图片社交,/app/com.tplus,"最In最Nice图片社交聊天软件"
夜约同城交友,/app/com.yeyuetongcheng.main,"实名认证，同城约会，邂逅有缘人！"
助手版贴吧,/app/com.baidu.tiebar,"上贴吧更方便"
蜜爱婚恋,/app/com.miai.hunlian.app,"告别单身，高效婚恋交友。"
花间,/app/com.yr.huajian,"高颜值女神一对一视频聊天交友"
面聚-约会聚会交友,/app/com.dingphone.time2face,"安全快速的面对面交友平台"
乐嗨秀场,/app/com.lehai.ui,"真人互动直播交友高清视频在线娱乐"
云电脑,/app/co.liquidsky,"随时随地玩pc游戏！"
迷尚美图,/app/ssyx.MiShang,"随时随地，收集分享美好图片"
微鲤看看,/app/cn.weli.story,"美好生活资讯社区"
爱活动(专业版)C中国第一款O2O活动社交平台,/app/com.ahd.m.main,"中国第一款O2O活动社交平台"
制服直播-美女视频,/app/com.zhifu.live,"聊神器，制服美女等你撩!"
趣味测试,/app/App.Package,"参与测试、认识自我"
EXO-L,/app/com.smtown.exo_fanclub.androidapp,"EXO官方全球粉丝俱乐部"
齐齐直播,/app/com.guagua.qiqi,"真人视频互动，海量热辣美女直播"
约看Yoker,/app/com.haomee.yocker,"约看Yocker 有的看就有的聊"
他社区,/app/com.tomsix.android,"他社区，中国最活跃的位置交友社区,为奥运加油"
疯播直播-美女视频,/app/com.fengbo.live,"直播就上疯播LIVE"
KK图文表情,/app/com.hxkjkktw.scp,"分享图文表情到QQ、朋友圈、微博"
今日发现-新闻交友必备,/app/com.witcool.pad,"新闻社交 语音弹幕 全球首创"
装*神器,/app/io.influx.hotface,"装逼卖萌,开启表情交流模式"
开桌,/app/com.yacol.kubang,"让你尖叫的饭补红包上线啦！"
遇到视频聊天,/app/com.yunlian.yudao,"寂寞单身一对一视频聊天"
BIGO LIVE - Live Broadcasting,/app/sg.bigo.live,""
DNF助手,/app/com.tencent.gamehelper.dnf,"DNF资讯攻略一手掌控"
来电,/app/com.tencent.lightalk,"免费电话，高清显号"
QQ说说管家刷赞拉圈助手,/app/com.dzan.ssds,"尾巴来源任你选，是赞是评随你心"
微商加粉王,/app/com.qixiao.wefans,"加粉神器，分分钟坐拥百万粉丝！"
园园Live,/app/sg.bigo.xhalo,"治愈孤独，主题群聊交友神器。"
地狗出行,/app/com.didi.activity,"车联社交app应用"
水晶直播,/app/com.tiange.live,"全民视频直播，美女在线交友"
好好住,/app/com.hzhu.m,"我的家居生活分享社区"
暖暖交友,/app/com.warmvoice.voicegames,"虚拟恋人语音约会社区"
Soul,/app/cn.soulapp.android,"吸引灵魂伴侣"
趣比通信,/app/com.liquable.nemo,"开心涂鸦给朋友的免费聊天工具"
柏拉图,/app/com.dingphone.plato,"更懂你的聊天交友APP"
创业宝,/app/com.sywb.chuangyebao,"精品课程限时免费"
玩吧,/app/com.wodi.who,"聊天游戏两不误，心动邂逅任你撩"
秒赞秒评大师,/app/com.miaozandashi,"快速提升空间人气"
空间宝,/app/com.qzone.bao,"QQ空间访客统计及刷赞工具"
俩俩,/app/cn.chono.yopper,"俩俩-有趣的单身活动交友平台"
TT语音,/app/com.yiyou.ga,"最强手游礼包领不玩公会开黑爽翻天"
橙娱乐,/app/com.allyworld.jwyx,"开放式演艺资源公共平台的实用软件"
伊对视频相亲交友,/app/me.yidui,"视频相亲，真诚恋爱聊天交友找对象"
盘丝洞,/app/com.psd,"高颜值美女在线直播交友"
宠物说,/app/com.petsay,"让你的养宠生活科学省心"
引约,/app/com.lottoxinyu.triphare,"约友必备神器， TA就在那等你相遇"
槽厂,/app/com.happyjuzi.apps.cao,"图片都能发弹幕，吐槽到底了"
运吧司机版,/app/com.weiming.dt,"运输配货哪家强物流货运找运吧"
叽喳校园 (推荐),/app/com.example.xiaopang.xiaopang,"专为大学生设计的校园社交应用"
谁是卧底,/app/com.wepie.wespy,"还有你画我猜、真心话大冒险等桌游"
交易猫,/app/com.jym.mall,"手游充值"
有宠,/app/yourpet.client.android,"宠物服务大全（养宠必备）"
MingQQ,/app/com.zym.mingqq,"基于WebQQ的第三方迷你QQ"
爱时间,/app/com.slkj.itime,"交友就是这么任性；"
乡识,/app/com.ui.imhereapp,"乡识"
寻欢,/app/com.duowan.makefriends,"寻欢，寻找你喜欢的那一个"
光圈直播,/app/com.guangquaner,"玩转手机直播，狂抢千万红包"
钓鱼人,/app/com.lchr.diaoyu,"找钓场、渔具店，学钓鱼必备神器"
手机高手,/app/lexun.sjgs,"为用户提供资源下载与解决手机问题 "
生辰,/app/com.chanyouji.birth,"生之时死之钟"
玩美,/app/com.kunbo.wanmei,"匿名通话交友，用声音交朋友"
手机PC摄像头,/app/com.kinoni.webcampro,"让你的手机当做高清晰度的电脑摄像头"
打工圈有缘交友,/app/com.julanling.dgq,"下载就抽百元话费 身边女生都在玩"
内圈,/app/com.wxc.Yoo,"内圈-影视圈人脉交流平台"
果冻社区,/app/com.ciapc.gd,"果冻社区，说出心声，闻声识情。"
到这儿,/app/cn.m15.app.daozher,"发现和分享身边美食美景"
咕噜咕噜,/app/cn.morningtec.gacha,"G站带你玩转游戏"
孕妈交流互助,/app/com.weilian.miya.activity,"妈妈学习备孕怀孕育儿知识的宝典"
简书,/app/com.jianshu.haruki,"简洁优美的阅读内容，喜欢这种情怀"
初页,/app/com.cloud7.firstpage,"微信动态海报制作神器"
祝福短信,/app/net.joydao.spring2011,"让祝福在指尖传递"
口袋微博,/app/com.android307.MicroBlog,"一款为Android手机开发的新浪微博客户端"
见面-私人约会顾问,/app/cn.yszr.meetoftuhao,"你的私人约会顾问"
IS语音,/app/com.qinhe.ispeak,"释放个性全民直播-爱整蛊爱主播"
Discord语音交流,/app/com.discord,"适合游戏玩家的语音聊天工具"
AsDear ,/app/cn.com.zoneyet.gagamatch,"搭讪老外神器，多语言社交APP"
在场,/app/com.zing.chat,"拼团活动、精彩城事、现场社交"
花熊,/app/cn.toput.hx,"自制魔性表情，聊天斗图外挂神器！"
Dubsmash配视频,/app/com.mobilemotion.dubsmash,"为经典声音配视频的社交APP"
豆腐,/app/com.taptech.doufu,"腐女必下载的app"
广东广播电台网络收音机,/app/InternetRadio.gd,"随时随地收听电台节目"
亲戚圈,/app/com.jiapu.qinqi,"亲戚圈---最简约不简单的温馨手机应用"
17,/app/com.machipopo.story17,"国民老公投资的直播分享平台"
Q友乐园,/app/cc.qzone,"快捷的QQ空间助手应用"
元气弹,/app/com.freebox.fanspiedemo.app,"这个娱乐社区很萌啊，最主要的是有表情包"
语音导出,/app/com.playwfd.wxvexporter,"合并并导出微信语音聊天记录"
玩车集中营,/app/cn.jwjd.wanche,"玩车集中营，汇集车友车讯"
易班,/app/com.yiban.app,"实现教育的梦想"
好景,/app/com.haojing,"好景―随时随地分享所见所闻  "
帅吧男装搭配,/app/com.shuaiba.handsome,"女生帮男生搭配衣服"
王者荣耀掌游宝,/app/com.anzogame.wzry,"王者荣耀的超人气攻略助手"
说不得,/app/com.sbd.client,"最文明的大学生互助交友神器"
我请客―最直接的约会交友神器,/app/cn.com.my.treat.app,"高效时尚的约会交友神器"
路人,/app/com.luren.android,"和路人分享新鲜事，发现附近的新鲜事"
V聊,/app/com.vliao.vchat,"邂逅网红 遇见大V"
AA派对,/app/com.android.partyforfriend,"都市生活攒局神器"
非诚勿扰,/app/cn.mobgo.pie,"陌生异性交友应用，专注于移动社交领域，为年轻用户打造强大的社交产品。"
推推-本地语音交友,/app/app.taolesstuitui,"交身边的朋友，聊身边的趣事"
PP语音-电话聊天交友,/app/com.ppcall.ppcall,"美女帅哥私密电话聊天社交"
和讯微博(社交、财经微博、理财、投资乐园、投资达人、财经专家),/app/com.hexun.weibo,"理财投资炒股专用微博"
CIO俱乐部,/app/com.chinabyte.cio,"CIO俱乐部"
火柴盒,/app/cc.huochaihe.app,"虽然你我会下落不明 你知道我曾"
追啊,/app/com.hc.hulakorea,"追啊-追韩剧必备神器"
有间杂货店,/app/com.vocinno.griefstore,"解忧杂货店，专治不开心"
萌声,/app/com.yizhuan.cutesound,"致力打造萌萌的次元声音交友社区"
红人神器,/app/com.qzone.hongren,"空间必备的手机应用"
唱吧直播间,/app/com.changba.live,"唱吧美女的视频直播社区"
录音宝,/app/com.iflytek.recinbox,"方便录、容易听，最好用的手机录"
菠萝饭,/app/com.joyworks.boluofan,"海量耽美漫画、小说免费看！"
聊啪私密交友,/app/com.jt.liaop,"拯救孤独患者，聊啪治愈寂寞"
微来婚恋,/app/com.wealike.frame,"用最少的钱规划完美约会路线"
哈米-温暖的陌生人,/app/com.mijie.homi,"哈米，公认的最温暖的陌生人社区！"
女性助手,/app/com.hrsoft.girl,"女人情感生活好帮手"
JUJU,/app/la.juju.android,"JUJU，更懂二次元。"
PI贴身口译员,/app/com.jiguangda.Interpreter,"在线翻译APP，出国旅游必备神器"
名人朋友圈,/app/com.sencent.mm,"满足YY，佬都是我朋友"
LINE@,/app/com.linecorp.lineat.android,"针对企业用途而制作的客户端应用"
兴趣部落,/app/com.tencent.tribe,"兴趣部落腾讯官方兴趣社交产品"
黑白校园,/app/com.heibai.campus,"90后大学生校园生活超级管家"
红豆Live,/app/com.uxin.live,"语音直播软件，直播门槛低了，颜值不高的也可以直播了"
MM,/app/com.mmapp,"语音社交软件"
一罐,/app/club.jijigugu.yiguan,"从社交恐惧中萌生出来的社交APP"
快手直播伴侣,/app/com.kwai.livepartner,"快手公司研发的手游直播软件"
路口－购物神器,/app/com.lukouapp,"路口――帮你买到全网最低价！"
一伴婚恋相亲,/app/com.yiban1314.yiban,"同城交友、一键脱单首选平台"
超级星饭团,/app/com.superstar.fantuan,"超级星饭团，让粉丝轻轻松松即时"
心悦俱乐部,/app/com.tencent.tgclub,"腾讯游戏福利帮你一网打尽"
空间小窝,/app/com.tencent.HappyRoom,"QQ空间装扮类应用"
想要_轻游戏社区,/app/com.hohool.mblog,"在这里，把 “想要” 玩出来！"
卧趣,/app/com.android.ooch,"新颖的娱乐互动平台"
微兼职,/app/com.fj.wjz,"查找附近的兼职工作"
牙牙关注,/app/com.attention.app,"娱乐岂止于乐"
Feeling,/app/com.feeling,"大学社交,头像随聊天进度逐渐清晰"
空间人气王,/app/com.likeqzone.renqi,"玩转QQ空间的辅助工具，高效增长人气"
乐萌抓娃娃,/app/com.loovee.fastwawa,"命中率超高的抓娃娃App"
饭团TFBoys,/app/com.ishehui.x544,"TFBoys资讯，行程，图片每天"
单身交友,/app/com.hzsj.dsjy,"专为单身汪打造的脱单密器！"
想你,/app/com.minus.lovershouse,"情侣必备恋爱游戏，一起让浪漫满屋"
移动门户,/app/com.paragon.mts.ma.android,"获取有关其资产负债表的实际数据"
推播―匿名城事,/app/me.tuibo,"匿名城事，同城社交，有趣有料"
星座运程,/app/com.sheep.astro,"最专业的星座安卓应用"
Google Duo,/app/com.google.android.apps.tachyon,"谷歌又一款能够视频聊天的应用，然并卵"
处CP,/app/me.ddkj.cp,""
Master 达人,/app/com.shishiTec.HiMaster,"学兴趣，就来Master达人！"
甜甜圈(互动新生活),/app/com.melot.ttquan,"最神奇最贴心的生活互动工具"
探索世界,/app/com.appbyme.app4579,"让探索世界来为你解谜吧！"
Meing,/app/com.huanshi.awe.another,"创建3D形象邂逅命中CP"
百度奥运贴吧,/app/com.baidu.baiduaoyun,"随时参与奥运赛事互动，尽在百度奥运贴吧。"
说说刷赞王,/app/com.zonebao,"再也不愁没人气~"
谷歌空间,/app/com.google.android.apps.social.spaces,"google分享空间"
一加社区,/app/com.oneplus.bbs,"一加手机社区安卓端APP"
微精,/app/com.weijing.android,"微精，推你所想"
隐身色,/app/com.yinshen.se,"时时浏览各微博热图"
淘心,/app/com.hotmate,"提倡价值社交的社交APP"
猎爱,/app/com.lieai,"同城约会交友，猎寻你的最爱"
私密话语,/app/com.simihua.act,"诉说自己的难言之隐; 窥探别人的秘密隐私"
Lugo路过--室外最好玩的游戏化社交应用,/app/com.footmark,"室外最好玩的游戏化社交应用"
触聊,/app/com.dldianke.chuliao,"寂寞男女激情约会"
符号图案,/app/com.xixun.textimage,"符号图案1.0.9版，欢迎使用"
POCO美女秀,/app/com.poco.beautifulGirl,"POCO美女秀是由国内最大原创图片分享"
斗图表情,/app/com.dangao.face,"为你聊天保驾护航 斗图必须有"
安能饭否,/app/com.ch_linghu.fanfoudroid,"饭否Android客户端"
多闪,/app/my.maya.android,"好友小视频社交"
官术,/app/com.xxt.offical,"不想当官的男人不是好男人！"
360企业云盘,/app/com.qihoo.cloudisk,"360企业云盘客户端"
民萌,/app/com.PhantomSix.animedb,"动漫宅工具软件"
迈体育,/app/cn.tmi,"最好玩的体育竞猜客户端，重金需找预测帝。"
麦萌对手戏,/app/com.mengfm.mymeng,"写剧本玩配音神器，声控必备社区"
我在找你,/app/com.wzzn.ilfy,"在线单身都在这儿！交友聊天免费"
中学生联盟,/app/com.mrocker.mumian,"最火爆的中学生网络社区"
新漂流瓶,/app/com.yilahuo.driftbottle,"会上瘾的匿名交友软件"
刻桌-校园匿名新鲜事,/app/com.julytea.gossip,"本年度最有趣的校园匿名图片社交"
EC,/app/com.eclite.activity,"移动CRM领跑者"
人人红娘,/app/com.eluanshi.renrencupid,"朋友圈婚恋交友脱单神器。"
猫眼图博 (拍照美化交友社区),/app/com.redwolfama.pictwitter,"猫眼相机，拍照与交友"
极限分享,/app/com.simpleisok.android,"一键同步发送到多个关联微博"
捏ta,/app/com.moemoe.lalala,"以二次元的三观建立的社区"
QZZN论坛,/app/com.aliyun.pwmob.bbs_qzzn_org,"QZZN论坛手机客户端"
表情豆豆-聊天必备工具,/app/com.facetech.emojiking,"聊天必备表情工具"
3G无线上网无限流量卡论坛,/app/org.zywx.wbpalmstar.widgetone.uex10051765,"3g无线上网、4G无线上网、无限流量手机卡、笔记本电脑无线上网、平板电脑无线上网、手机GPRS上网套餐、无线上网交流平台"
应用多开助手,/app/com.huihui.multopen,"稳定支持微信双开应用多开的分身版"
每日一卦,/app/com.flex,"每日一卦，每天一个心理测试"
真人刷赞大师,/app/com.zhizi.zrszds,"真人刷赞与众不同"
坏男孩,/app/com.mei.melkor,"追女生指南 约会恋爱助手"
图片搜搜,/app/com.bstoneinfo.pics,"美图下载微信表情"
大板凳,/app/com.dabandeng.activity,"不用打开浏览器直接用大板凳客户端浏览多个论坛"
Tutu,/app/com.tutuim.mobile,"Tutu - 图片弹幕吐槽交友"
轻音直播,/app/com.pajia.qinyin,"最好玩好美的直播"
恋人网,/app/com.wmlover,"单身的人不妨试一试，万一成功了呢"
YY手游语音,/app/com.duowan.gamevoice,"无限连麦畅聊，开黑上分神器"
铃铛宠物,/app/com.goumin.forum,"让养宠更简单、更快乐"
热恋同城,/app/com.reliantongcheng.main,"快速邂逅同城帅哥美女。"
lettrs,/app/com.lettrs.lettrs2,"用书信传递情义与温度"
兔兔精灵极速微博,/app/com.tutujl,"看大图不用等、没信号也能用的新浪微博离线客户端"
谷歌社交网络,/app/com.google.android.apps.updates.widget,"随时随地发表你的个人信息,分享你的照片,动态"
车轮社区,/app/cn.eclicks.chelun,"车轮，中国最好玩的车主掌上社区！"
夜色**,/app/com.gdhk.jmbz,"同城、找对象、恋爱、婚恋、约会"
影约――约人看电影,/app/cn.oursound.moviedate,"电影约会神器"
速递易,/app/cn.sudiyi.app.client,"社区综合生活服务平台"
句子迷,/app/com.example.juzimi,"路过心上的句子"
小米社区,/app/com.xiaomi.bbs,"米粉的大本营"
火辣健身,/app/com.hotbody.fitzero,"火辣健身，要你好看！"
Hello Pal跟老外聊天学外语,/app/com.hellopal.android,"语言学习社交平台：跟老外聊天"
十年后,/app/me.tenyears.futureline,"十年后是一个基于梦想的社交应用。"
Bitstrips表情符号,/app/com.bitstrips.imoji,"你个人的表情符号！"
微光,/app/com.qingqi.dianbo,"多人连麦看剧看电影"
美女视频,/app/com.tiange.vshow,"美女视频，网络天下美女"
YiBo微博客户端 夜间模式皮肤,/app/net.dev123.yibo.nightskin,"YiBo微博客户端 夜间模式皮肤"
斗图表情包,/app/com.content.pc.stamps,"听说你想斗图？"
守望先锋掌游宝,/app/com.anzogame.ow,"守望先锋超好玩的游戏攻略社区"
炫舞小灵通,/app/com.tencent.gamehelper.xw,"腾讯出品QQ炫舞官方移动应用"
果冻橡皮章-刻章子神器,/app/la.guodong.orange,"刻章子神器"
出面,/app/com.foxrole.android,"一款改变位置的社交即时通讯软件"
优诺,/app/com.mchen.upromise,"用社交的力量粉碎拖延症"
盖饭GetFun,/app/com.getfun17.getfun,"明星娱乐动图"
星座,/app/com.lxl.constellation,"今天运气怎么样?看星座呀!"
诱动,/app/com.zztfitness,"【至真堂】你身边的同城运动社交"
玩电影,/app/com.mofunsky.wondering,"其实，我是一个演员！"
幸会,/app/com.xinghui.xhsns,"基于聚会的移动应用，名片的电子化移动化社交化"
电子圈-电子行业社交及招聘,/app/com.dianziquan.android,"电子行业精准社交招聘平台"
磁力云播神器,/app/com.clybapp,"前排出售老司机卡"
17,/app/com.machipopo.media17,"思聪投资的一款交友软件"
BB群呼,/app/com.liansheng.bbqunhu,"社交交友|聊天婚恋|结识约会|"
OOXX,/app/com.im20.snsvote.activity,"一款集提问建言和投票功能于一体的SNS应用"
Vellamo网页基准,/app/com.quicinc.vellamo,"评估Android设备上的浏览器性能"
你的日记,/app/com.oh_name,"「你的名字」同款日记"
嘀浪微博,/app/com.icekirin.weibos,"多微博客户端 新浪 腾讯 嘀咕 饭否"
潮信,/app/im.chaoxin,"潮信 - 和重要的人聊重要的事"
人人飞传,/app/com.flay.photo,"人人飞传将为您记录生活最精彩的每一个瞬间"
ZERO零,/app/com.fenzotech.zeroandroid,"分享图片配文字的文艺应用"
网信,/app/com.sxit.mimsg,"跨运营商，免费发短彩信、语音、视频的聊天软件"
口袋书香,/app/com.appbyme.app3858,"口袋经典美文，让您时刻感受心灵的震撼"
艺宝,/app/com.bobaoo.artist,"艺术家与藏家的制胜之宝，爱上艺术爱上艺宝！"
一半,/app/com.qh.half,"照片分一半拼接，创意十足的应用"
分享时刻Moments,/app/com.facebook.moments,"按活动拍照并于活动后集中分享的应用"
百变语音秀,/app/com.hanyv.diy,"让你的QQ/微信语音换个声"
Highing,/app/cn.highing.hichat,"和1100万嗨星人嗨到爆"
GO聊,/app/com.jb.gosms.goim,"支持收发在线信息的GO短信插件"
云脉CC社区通讯录,/app/com.scan.android.society,"最潮最给力的手机社区通讯录"
一米兼职,/app/com.yimi.activity,"免费找兼职"
宜兴在线,/app/com.www.ccoocity.ui,"挖掘宜兴精彩 铸造宜兴辉煌"
微博新闻,/app/com.jimu.news.activity,"搜刮全微博最实时的新闻资讯"
邻居,/app/com.soufun.neighbor,"“远亲不如紧邻”，加入邻居，让邻居热起来吧。"
周公解梦―运程命理&周易测算,/app/oms.mmc.independent.ad.zhougong,"周公解梦中的周公，即是周公旦"
啵啵,/app/com.sound.bobo,"啵啵 - 分享版本一样的声音"
