李晨,1
新锐,1
爱慕,2
内测,3
出来,5
第二,1
还要,1
个性特征,1
为主,2
乐园,1
looking,1
郑中基,1
贴纸,11
卡拉,1
玩暖,1
受音,1
省时,1
难以置信,1
奥运,8
出本,1
军衔,1
二等奖,1
正常,2
侧面,1
爱意,3
订阅,3
精神面貌,1
非常简单,2
世纪,3
线下,17
线上,8
见面会,1
极品,1
女孩子,1
第一,18
入睡,2
突发,2
官员,1
代金券,1
外套,1
审核,8
美美,5
为了,5
单机游戏,2
脾性,1
widget,1
代购,3
在家,4
拼脸,3
怦怦,3
收图,2
按弹,1
翻译,1
之旅,4
新闻,15
产品,35
内涵,3
淫秽,1
目前,17
机制,7
一次,11
妙趣,1
星座,8
爱恨,1
一款,57
日子,2
遭遇,1
修复,36
点亮,1
嗓音,1
showself,1
夜夜,2
占据,1
快乐,21
蜜蜂,1
91,1
90,4
消费类,1
95,3
一步,1
看上,2
精减,1
生活圈,2
精准,16
发钱,1
扫码,1
军事论坛,2
wang,1
爱情,17
want,3
首站,1
猜词,1
名片,30
漏过,1
名牌,1
意见,10
LV,1
how,1
一段,5
品牌化,2
居住,4
保持一致,1
微商加,1
加个,1
柏拉图,4
微博控,1
速聊,1
看人,2
乐在,3
玩来,1
入手,1
错误,2
情绪化,1
那天,1
集结,1
feedback,1
家务,1
强大,7
收听,2
归来,1
牵挂,2
精力,1
准时,1
姨妈,3
物种,1
一样,31
名片设计,1
动态显示,1
改造,1
价值观,1
SenseTime,1
贺卡,2
灵敏,1
配音,4
基地,1
地说,1
媒体,10
APP,36
集线,1
API,2
高能,2
定制,14
微博想,1
美女秀,9
做主,3
爸爸,3
底部,3
杠精,1
干扰,1
连线,5
有关,3
突出,1
做到,1
群体,6
精分,1
开心,8
五类,1
婚恋,23
帅锅,1
六个月,1
微商,3
司机,7
全部,12
13532,1
私秘,1
闺蜜圈,3
Vine,2
连续,2
宁静致远,1
互诉,3
导师,2
团购,3
膜拜,1
开服表,1
趣吐槽,1
魅力,8
芦荟,2
service,3
舞台,2
国家,5
奇梦异景,1
双方,4
将近,1
详情请,1
牵手,2
干掉,2
弹指,1
全线产品,1
各类,6
行驶,1
开店,1
立体声,1
意识,1
挂机,1
喜帖,1
群中,1
赶紧,5
观看,10
嬷嬷,1
40088,1
群主,2
古典,1
事儿,3
无处,1
解锁,1
精华,2
华晨,2
献上,1
或组,1
奇缘,3
收到,7
上海滩,1
机场,1
台词,1
百科,1
新时尚,1
公开课,2
天下,6
百种,2
供需双方,1
shtml,1
一个亿,1
匆忙,1
秘密,5
编辑,9
互赠,3
日常,3
打卡,1
K900,1
定向,1
天书,5
微可,1
确认,2
多点,1
精品,7
观点,2
秀秀,7
惹火,1
专题讲座,1
学校,3
感受一下,1
视觉,2
Android,30
PS4,3
萌妹,7
作家,2
明确,1
今日毕,1
lots,1
美食家,1
些许,1
网上,5
麻将,1
347366097,1
开始,8
微博,162
一个个,1
达人主播,1
戈壁,1
卫衣,1
PSN,1
打发,3
热门话题,2
周秀娜,1
股神,2
艾特,1
背景,6
同样,6
令人,1
失效,1
寂寞,23
通信录,1
看边,1
平庸,1
有图,1
红遍,1
元素,1
发送,42
极具,3
伺服器,1
喜怒哀乐,1
网信,7
全面,17
师资,1
最火,1
同桌,1
讨论区,3
同梦,1
爆笑,2
代表,2
强度,1
LOL,4
player,1
打动,1
舍命,1
打个招呼,2
移动,35
大头照,1
最炫,1
分辨率,2
日志,8
第四季,2
没想到,1
一站式,6
错过,5
陌刷,1
漂流瓶,1
策略,1
水平,5
最热,6
收发,11
女朋友,2
收取,1
并列,1
挑选,7
GPRS,3
删档,1
灵感,8
智能,13
同款,1
密友,1
tfboy,1
免去,2
han,1
北京,1
愉快,2
easy,2
别忘记,1
山是,1
同步,22
主人,2
抛绣球,1
无心,1
开学,1
明细,1
品味,6
自测,1
邮件,13
萌宠,3
超过,15
指指点点,1
MP3,1
信号,4
长期,1
for,6
基友,6
商铺,1
Facebook,14
法律,1
萌宝,1
异常,3
想交,3
夜店,4
Weico,4
各种,30
主角,4
天黑请,2
常驻,1
纽带,1
装进,2
一波,1
农场,1
免单,1
二维码,3
流畅性,1
eico,3
王朝,1
Use,1
减肥,2
只爱,1
以衣,1
深沉,1
解释,1
萌娃,1
汤圆,3
第三种,1
support,2
最爱,2
法师,2
忧郁,1
登场,1
happy,1
正太,1
收入,4
用爱,2
成长,17
零是,1
adlink,1
愿望,1
申领,1
大冒险,7
书法,2
之手,1
devices,1
警察,1
技能,7
蓝色,1
微博时,2
杀手,1
涉及,1
麻烦,1
虏获,1
sohu,1
上市,1
主体,2
脚步,2
需花,1
派对,2
天下网,2
左右,5
渲染,2
王是,1
旋转,3
段落,1
花样,1
虚拟世界,1
正如,1
体重,1
time,1
男生,6
符号,1
金鹰节,1
用户群,2
泡美眉,1
拥戴,1
美眉,5
hold,1
三国,2
一对一,8
后援,1
素材,2
回传,1
外出,1
打开,12
一房,1
记录,33
一手,2
之海,1
乏味,1
1700,2
振动,1
有害,1
平台,71
壮大,1
千百,1
通话质量,1
一批,1
浪费,1
scei,1
匆匆,1
接机,1
神码,2
M9,1
良仓为,1
恰巧,1
途径,1
参与,5
同时,31
无关,1
实例,1
记忆,3
总是,2
ME,2
MC,2
MM,3
MT,3
年度,6
推送,10
MX,1
真实,39
love,1
试用,8
属于,15
断绝,1
强制,3
男神们,1
开启,20
by,4
叶子,1
协会,1
神秘,6
教授,1
正在,11
粉丝,39
全世界,5
这一,1
饮料,1
国庆节,1
互联,1
这个,10
收录,1
维度,1
事实,2
新鲜,10
强势,1
卡死,1
巴西,1
夜深人静,1
美的,1
理财,2
我充,1
强力,1
起舞,1
这件,1
这些,4
测评,3
日历,2
横向,1
相匹配,1
想象力,2
自拍,7
so,1
测试,20
各级,1
总有,12
能手,3
分钟,11
合适,4
继续,5
Widget,3
灵活,1
第一款,3
HotFace,1
Unlimited,1
角色扮演,3
生动,3
Pad,1
抚慰,1
张张,1
那么,5
个人空间,3
打招呼,6
XMSsupport,1
挂满,1
玩法,14
真声,1
行业标准,1
告别,9
平凡,2
最美,2
万人开,1
有奖,2
Live,4
内柔,1
接收,4
孕期,2
259745836,1
春节,2
计划,3
充电,1
金秀贤,1
填充,1
费力气,1
无痕,1
哥布林,1
传达,5
9158CS,1
上千,2
跳蛋,1
巨额,2
传输,2
BlackBerry,1
应用服务,1
打电话,2
最好,8
在内,2
交基友,1
涵盖,1
保留,3
one,1
单身,15
卸载,1
一愚,2
kuan,1
误操作,1
法则,1
诱人,1
拾遗,1
大城市,1
470883265,1
无力,1
气衰,1
vclub,1
深情,5
类似,3
外加,1
次元,1
开器,2
独享,2
遍及,1
直播,75
密度,1
极强,1
增进,1
nicer,1
提供者,1
世界,30
highingshequ,1
肾上腺素,1
智能手机,1
折扣,4
之源,1
选条,1
男神,11
5800,1
范围,1
用纸,1
外事,1
总攻,1
最终,1
爱范儿,2
拜托,1
欢迎您,1
作品,13
我来定,1
双手,1
脚本,1
至高无上,1
练习,1
传到,5
过小红,1
朋友,96
常非,1
售后,1
一步步,2
轻点,1
大人,1
疑虑,1
同意,1
脾气,1
恰好,1
求职,3
多彩的,1
自有,1
景点,1
星厨,1
xms,3
配美图,1
著名,1
戚薇,1
科学,2
安装包,3
海蜜,4
畅快,4
打字,2
日记本,2
范儿,2
直接,31
需要,21
Welike,1
一千万,1
激发,1
中若,1
weibo,8
无论何地,1
That,1
体验,71
契合,1
电影资讯,1
拼贴,2
发不出,2
苦闷,1
恰如,1
先锋,1
手机用户,1
自查,1
节日,6
生命,2
市面,1
浏览,29
4006040010,1
孤单单,1
猫眼,2
多种,8
搭配,20
导出,1
不动声色,1
自明,1
高达,1
直拨,2
再也,10
美物,1
升职,2
真心,2
何时何地,1
一条,5
心理咨询,10
挡住,1
理解,1
统计,1
新颖,2
音频,5
导入,3
各式各样,2
DIY,11
在园,1
三千,1
情感话题,1
环绕,1
大众,8
封面,3
大会,1
烦躁,1
车友会,1
投诉,2
路况,1
形象,4
jinrifaxian,1
节操,2
其本,1
大佬,1
不够,1
即使,4
好运,2
两性话题,1
激动,1
大作,3
列表,12
月光,1
勇敢,1
红颜,2
我国,1
万千,5
意见反馈,10
精度,1
Hotmail,1
卖东西,1
爆炸,1
选择,35
父亲节,1
今日,3
vimi,1
随便,4
套餐,2
趣味,21
world,1
效率,3
密室,1
吸烟,3
低速,1
泄露,1
屁屁,2
拼车,1
温馨,8
选手,1
滑动,5
已读,3
不断创新,1
通关,1
比邻,5
考验,6
传讯,1
开发,6
明白,1
愚人节,2
个性化,5
干渴,1
开口,2
变换,1
纯粹,1
Message,1
邂逅,18
寒域,1
高超,1
好货,3
陌声,1
开创,1
盆友,2
采纳,1
NN,1
工作,8
一支,1
有时候,1
世界地图,2
高考,1
外国,3
3362746417,1
多一点,2
醒来,3
with,3
各种各样,1
王源,2
精心,5
agree,1
文玩,2
ad,1
地理位置,9
How,1
Hot,1
at,1
变成,3
国际,5
消失,5
行且,1
三全,1
异地,2
FLEXIBLE,1
登陆,8
球鞋,3
路友,4
精彩,50
438710371,1
一旦,1
派发,1
示例,1
路口,5
近距离,2
符合,1
即时,20
加快,1
低成本,1
爱好者,7
数百万,1
荣登,1
开怀一笑,1
监听,1
总结,2
数百个,1
系列,2
通信,6
v1.1,1
v1.0,2
分身,12
ta,7
指尖,1
热心,1
数以百万计,1
点赞,7
三五,1
社交圈,4
幸运,3
种类,2
二胎,1
ri,2
丰满,1
亿万,1
装饰,2
首款,7
单键,1
扎堆,2
最低价,1
即刻,1
卡片,1
属地,1
第三名,1
具有,2
最新,44
亿人,2
留言,6
9158,7
喧闹,2
Xbox,1
速配,6
登入,1
别着急,1
点开,1
求助,5
experience,1
获得,18
难隐,1
三个,4
本色,1
最旺,1
收藏者,1
备孕,2
周到,1
一笑,1
想处,1
星人,2
集混,1
作为,4
难得,1
周刊,2
大厅,1
archives,1
厕所,1
more,3
接续,1
欧巴,1
数百位,1
年轻人,12
飞行棋,1
同类,2
资讯,41
大叔,2
澳洲,1
充满,6
即可,25
常跑,1
佳缘,2
成群,1
stated,1
好奇心,2
天宫,1
秋水伊人,1
清除,3
知名企业,1
Highing,4
重阳节,1
映客,6
演出,1
美满,1
唐嫣,1
love98,1
电脑设计,1
指点江山,1
与众不同,4
临摹,1
文件共享,2
秘书,1
下一题,1
比较,2
综合,4
老铁,1
路上,6
处理,3
最有,2
幻宠,1
比微信,1
严到,2
用来,1
内置,2
发送到,2
Chacha,1
只有,8
Dikidiki,1
化整为零,1
天堂,1
稍纵即逝,1
轻滑,1
医疗,2
友情,2
always,2
低调,1
菜鸟,1
看笑话,1
伦敦,1
随即,1
输入,6
Clash,1
男性,2
优惠券,3
自称,1
Soul,4
ppcall,1
缤纷,2
心灵鸡汤,1
现实生活,2
医生,2
爱玩,2
茫茫人海,2
陌生人,11
比起,1
天天,19
只是,5
我用,1
开业,1
阿瓦,4
比赛,4
关键词,5
借助,1
搭载,1
栏中,1
主宰,1
放松,1
实名,3
花粉,6
好酒,1
广受,1
构建,3
压力,2
演唱会,3
超高,3
彩条,1
刘诗,1
天马行空,1
夜有所梦,1
Club,2
免费,76
恰恰,1
有声有色,2
GO,4
without,1
进入,10
digu,1
play,1
获取信息,1
LiquidSky,3
多朋,8
过山车,1
chuangyebao3158,1
习惯,1
一种,7
等等,6
兑换,6
距离,12
大全,4
Google,6
也许,2
exo,1
万人,4
另一端,1
37607,1
帐户,1
想得到,2
Weico3,3
加密,4
弱智,2
申请,5
酱紫,1
财务,1
大图,2
Wifi,1
汪峰,1
欠费,1
参加,10
演员,3
易上,1
作品集,1
Gmail,2
友是,1
315,2
较为,1
一模一样,2
趣事,3
文档,2
Sony,1
欢聚,1
available,1
销毁,1
一经,1
出现,5
阳阳,1
户外,2
connection,1
广告,8
男星,1
看官,1
先货,1
那个,5
炸天,1
顶部,3
演唱,1
玩玩,3
状况,1
漫画家,2
回到,3
桌游控,1
在乎,2
居家,2
大型,2
明明白白,1
挽回,1
多媒体,5
应对,1
拨号,1
一罐,1
XMS,13
有意思,5
传送,1
遇到困难,1
传递,3
殿堂,1
网络故障,1
成功率高,1
填上,1
每一分,1
校花,2
大圣,1
易信,1
微博短,1
发布新闻,1
一群,1
组团,2
那些,7
胎教,2
实力,1
觅友,2
周围,5
只想,3
Download,1
随后,1
种种,1
在于,1
真人秀,2
其缝,1
先进,1
要求,5
拼音,1
房间,9
我们,111
看好,1
陈奕迅,1
热门音乐,1
Talk,1
等级,5
竞赛,4
SMS,2
爆棚,2
困了,1
接种,1
候车,1
一米,2
风云,1
承担,1
孤独症,1
旁观者,1
体育,4
纯文字,1
多所,1
国内新闻,1
怎样,1
HIMSN,1
汇报,1
物流,4
上传,25
bd,1
亲睐,2
挂牌,1
数万名,3
频道,13
Hello,5
最强音,1
随地,1
跳出,1
毫无,1
公学堂,3
鸭梨,1
寻觅,5
潮信,9
步伐,1
交易所,1
售价,1
Youni,8
占用,2
当然,9
红色,2
无人,1
承接,1
场合,1
无事,1
审美,2
舌尖,1
革命性,1
徘徊,1
组合,1
之物,1
亿人次,1
用户,139
line,3
拓拓,2
彩排,1
up,1
累计,1
失眠,2
飞扬,1
174619291,1
界面,28
广场,9
教师节,1
篱笆,1
笔记,2
上下,2
耽误,2
EXCLUSIVE,1
节约,4
举办,1
指导,2
摹写,1
同窗,1
奔放,1
荣耀,2
行踪,1
指定,1
升高,1
配色,1
解脱,1
独创,2
桌游,4
我伙,1
催泪,1
想念,1
搭讪,15
居好,1
不亦乐乎,1
开发商,1
资费,1
霸道,1
hello,1
美术,3
实归,1
youni,2
CMWAP,2
宵诺,1
send,1
音质,3
团队,9
希望,5
sent,1
这代人,1
发起,6
回归,3
跑步,1
刷新,11
乐享,1
Fixed,1
微信,115
充分利用,1
乐于,1
千条,1
配货,7
坚持,2
准确度,1
白客,1
当红,1
追踪,1
index,1
Lonely,1
公问,1
白宇,1
翻译成,1
遵循,1
年代,1
湖南卫视,1
判断,1
射过,2
助兴,1
网剧,2
回忆,4
great,1
拼餐,1
receive,1
花眼,1
白富,1
扑克,1
appinn,1
大家,26
归类,1
网络科技,1
打个,1
商品价格,1
途中,1
音调,1
红豆,2
及时,13
简讯,1
互通,4
next,1
打下,1
装逼,1
首批,2
兼职,10
暗示,1
SOLID,1
之类,1
HTC,2
超逗,1
保有,1
想关,1
私房话,2
网友,4
多浆,2
端的,1
回应,1
high,1
Policy,1
咔用,1
广大,1
足迹,1
直白,1
数以万计,1
学生,13
怪才,1
互邀,1
看回,1
大学,1
百搭,4
遇见,17
Apple,1
陌上,2
One,2
小额,1
并且,8
混发,1
轻聊版,3
恶搞,2
光棍节,1
根据,22
自然,1
择偶,1
冲突,3
云端,9
支付,7
对战,4
微博是,1
产业,1
亮点,8
2018,1
2015,5
2014,5
2016,3
2011,1
2013,3
效果,8
大声,2
扫描,5
手中,1
主动,9
短裙,2
短裤,1
词汇,1
最潮,3
VIP,2
课程,1
不经意,2
邀请,10
布谷,3
母亲节,1
Network,1
完购,1
画面,5
贵族,5
盒子,1
套路,3
之美,2
美文,1
各方,1
一点,2
越摇越,1
信用卡,1
情话,2
丢失,4
点唱,1
文明,2
链接,4
歌迷会,1
推理题,2
亲签,1
WIFI,1
宗旨,3
入洞,1
漫画,15
车牌,1
限时,2
爆料,4
细心,1
助力,1
容量,1
拒绝,12
欢迎,21
Vcard,1
大妈,1
唯美,2
订购,3
甜蜜,7
奖金,3
腾讯,27
团长,1
第三方,1
信仰,1
pansidong69,1
青春活力,1
信任,1
mitalk,1
4000,3
推荐,49
富友,1
婚礼,5
紫色,1
名校,1
安全可靠,1
包包,1
轻松,60
放心使用,1
苦苦,3
飞波,1
大奖,2
基于,15
机型,4
黑团战,1
版本,31
无话可说,1
文本,3
备份,3
运吧,10
喜好,2
培训,3
私有,1
色情,2
忘掉,1
事件,5
新闻资讯,7
真人,20
帅哥美女,5
Undo,1
聊天工具,5
机会,5
后续,1
means,1
MIUI,1
知识面,1
发现自己,1
口袋,13
痛恨,1
古今,1
双开,14
氛围,2
群内,1
要是,1
闺蜜,10
深知,1
进度,1
操作,22
采用,3
一百,1
heibaixiaoyuan,2
胡莎莎,1
好消息,1
遵守,1
轻轻松松,1
PP,1
PU,1
枯燥,3
回家,2
悲伤,2
获取,17
股票,1
PK,1
email,1
大师,5
ifanr,1
近日,1
yunba,2
恐怖,1
手机号,3
包含,3
恐怕,1
带队,1
保护,9
一直,4
事业,1
眼前,2
说话,6
co,1
cn,10
情谊,1
cc,1
一看,1
情调,2
解读,1
人大,1
解说,2
畅享,1
Get,1
财富,1
Phone,1
电子邮箱,1
世界各地,4
边玩,2
有些,1
品位,2
追女生,2
看到,13
保持,3
发表,4
数据分析系统,1
有人,8
浓浓,1
难受,1
前进,1
牙牙,7
驾豪,1
软萌萝莉,1
一瞬,1
陈赫,1
改进,8
悦心,1
组建,4
个练歌,1
android,4
周杰伦,1
月子期,1
文件传输,1
上瘾,1
最棒,4
无敌,1
AppStore,1
脉搏,1
php,1
猫星,1
4.0,2
热剧,1
off,2
天域,1
元旦,1
网址,2
有个,2
恢复,1
遗憾,1
头条,2
撩妹,1
知识,14
定义,3
军队,1
自由,10
点击,16
自用,1
回复,9
顾问,2
web,1
群友,3
随心,9
近期,3
做人,1
群发,3
根本,4
化妆,3
八分音符,1
尊重,2
告知,2
征战,1
描述,5
政府,1
拍录,1
冷笑,2
穿衣服,1
影视娱乐,1
加入,21
人拉入,1
好地解决,1
即将,1
供选择,1
乡村,1
注意事项,2
大小,3
穹庐,1
网名,3
集成,2
发说,2
虚假,3
翻页,1
比肩,1
谢安琪,1
练字,5
爱美,1
孤单,7
登录,20
从小,1
一瓶,1
真知灼见,1
指南,4
定位,33
聚美,1
带进,1
陈学冬,1
主营业务,1
From,1
一生,2
社交生活,1
发言,2
而且,7
没底,1
MINI,1
骰子,1
pixiv,3
魏一宁,1
icoushou,1
狼人,3
count,1
验证,4
炫丽,1
套装,1
智能化,2
劲舞,1
心门,1
马拉松,1
疑问,4
牵线,1
意想不到,1
拖动,1
两岸三地,1
本质,2
而云,1
轻按,1
连接,6
准确,7
能歌善舞,1
抱怨,1
艳遇,1
节目,4
倒计时,1
多款,3
像存,1
坚守,1
坚实,1
畅所欲言,1
佳人,1
pingchat,1
CP,4
畅玩,1
这样一来,1
compassion,1
信用,2
品牌,10
逗比,1
沙发,1
日程,1
创业者,5
贴士伴,1
SNS,2
怎样才能,1
就近,1
PlayStation,8
晚上,1
事物,4
条件,6
旨在,4
买过,1
意味着,1
鬼故事,2
真爽,1
佳丽,1
真爱,2
总之,3
壁纸,7
界面显示,1
见证,2
私密,24
五年,1
心血,1
精灵,2
n477381565,1
v3.0,1
传统节日,1
聊起来,1
才艺,10
随意,5
闲来无事,1
收益,1
首家,1
不错,6
喜糖,1
赶快,1
最后,1
一分钟,1
入围,1
点滴,13
自立自强,1
飞吻,1
产生,4
取胜,1
MOBA,1
男友,4
chongwushuo,2
穿越,7
邻居,6
实景,1
花田,5
门户,2
催婚,1
贴心,14
组成,5
看清,1
3200,2
友及,1
场所,1
明天,1
精彩内容,6
mimsg,1
下载量,1
详细信息,1
梦语,6
刷屏,2
无厘头,1
吸引,4
K800,1
随性,1
兄弟,1
中小企业,2
胎儿,1
神兽,3
总会,2
大牛论,1
2896326613,1
提车证,1
神力,2
神功,1
美女如云,1
6.5,1
6.0,1
不满,1
Tips,1
赞秒评,3
手酸,1
回放,4
认识,21
认证,22
印象,1
成就,4
BUG,9
采取,1
juhuiwan,2
才能,5
Minus,1
冗余,1
好伴侣,1
息息相关,1
胃口,1
卷发,1
不靠,1
网格,1
奇妙,3
语气,1
疫苗,1
芳心,1
超新星,1
冰箱,1
香港,3
前面,1
实时,51
让你能,6
路线,2
剧情,1
暴涨,1
部分,10
演技,2
爪机,1
独有,3
学习,7
哪部,1
续作,1
扮演,3
见解,1
而言,4
++,1
匿名,6
选中,1
陌生,6
198346093,1
报道,3
微博微信,1
下面,1
截图,2
V2.0,1
56913,1
语音版,1
随拍,1
每天,34
同一,2
Clans,1
度低,1
秀币,2
连连看,1
探索,1
手艺,1
没玩过,1
百度,20
有点,1
查看,51
紧跟,2
港股,1
压抑,2
展览,2
额外,1
Build20111222,1
走进,4
谈恋爱,1
纯净,1
同人,1
遗忘,1
用户名,2
学会,2
伤心,1
换上,1
看法,2
色彩,3
尝试,2
音乐,22
内事,1
秘籍,3
单聊,1
最新消息,2
被窝,1
QQ,84
青春,3
机器人,4
掳获,1
棋牌,1
哪里,1
1713646988,1
过生日,1
高尔夫,1
园内,1
一万,1
重逢,1
一下,4
十二,1
入口,1
抛弃,1
周末,2
迅速,4
上档次,1
keywords,1
随时,38
真的,5
一丝,1
亮亮,1
一个,85
排队,1
紧急情况,1
其他,25
手机号码,2
而生,3
如遇,2
dj,1
de,1
瞬聚,1
那群人,1
归属感,1
真相,1
最全,8
赢取,4
最具,4
纵享,1
十万,2
网游,8
美容,7
阶段,1
一些,5
状态,15
储存,1
点歌,6
亮丽,1
密照,1
一人,3
一亿,1
越高,1
羞羞,1
蝉联,1
想法,7
周公在,1
穿衣,2
自信,3
盖伦,1
拨打,2
单人游戏,1
com,62
一份,1
这才,1
更高,1
自主,2
安卓,7
保存,19
至上,1
最合适,4
高逼格,1
美发店,1
舆论,1
索取,1
一伴,4
纸笔,1
实战,1
场景,9
研究,1
东东,1
不仅如此,1
一位,1
一体,10
剧本,9
丰富,22
拍摄,5
聊儿,1
经过,2
图形界面,1
奇幻,2
连衣裙,1
身临,1
心跳,2
身为,1
军火库,1
回执,3
中如有,1
艾米,1
多元,1
形式多样,1
版权,2
书中,1
X86,1
主流,2
进来,1
最逆天,1
身份,10
从未,3
在线,41
同时在线,5
目的,1
至今,3
消费,12
德玛,1
古着,1
自从,1
contact,1
the,4
艺人,4
操盘,1
电话会议,1
你造,1
正确,3
密码保护,2
梦象,1
热榜,3
征婚,1
各大,4
天气,2
百富,1
优酷,1
宅女,1
围绕,3
电脑,14
吆喝,1
美好,10
爱情故事,2
美女,51
良仓,19
慎言,1
登机,1
万篇,1
标准,6
没有,33
女真人,1
周公,20
相遇,5
美妆,9
美妙,2
依次,1
图书,1
扎发,2
车上,1
无缝,8
共进,1
上网,4
就要,4
脱口秀,3
最受,4
森林,1
神器,30
有用,2
超大,1
多到,3
迷茫,2
大方,1
跟风,1
第四种,1
三种,1
求救,2
生活照,1
电聊,2
游记,1
就行,1
上线,12
横竖,1
美白磨,1
安全,32
way,1
优选,1
关注度,1
性能,12
何地,2
寻医,1
热线,3
买不到,1
大王,1
是不是,4
业务,4
筹婚,1
庞大,2
文字,37
方面,2
钟汉良,1
军事,2
监控,1
聊友,1
五大,4
五湖四海,1
举报,3
爆头,2
对手戏,4
楼盘,1
文学,1
会长,2
属性,2
王权,1
饱盒,1
Windows,4
鼓励,1
390212325,1
无处不在,3
模特网,1
释放,6
联通,4
现场,14
场次,1
严格,4
症候群,1
当中,2
说了算,2
诚信度,2
通知,20
当下,2
当上,1
赢得,1
面膜,1
萌生,1
各地,4
服务,57
贴图,10
快来,6
家里,2
排行榜,6
运营商,4
电子邮件,4
麦萌,2
恐惧,1
处于,1
讨论组,2
表达,18
打出,2
图音,1
多层,1
首发,4
收纳,1
火影忍者,1
流逝,1
创业项目,2
中国电信集团,2
此类情况,1
名字,1
WhatsApp,4
力推,1
一部分,1
影讯,1
表述,1
只差,1
精确,4
集合,3
想想,1
玩乐,1
奢华,1
当今,2
其实,2
出书,1
助您,4
最少,1
qzone,1
全微博,1
market,1
爸妈,1
指数,2
钞票,1
限量版,1
幻想,3
条码,1
club,1
手表,1
nidereji,1
流量,22
头发,1
载入,4
飞屏,1
首创,7
好玩儿,2
看一看,1
MMO,1
can,2
关闭,4
记录在案,1
燃念,1
羽毛球,1
两部,1
iPhone6,1
从此,6
玩伴,1
出任,1
安心,2
wbdzb,1
交抱友,1
有空,1
齐聚,3
胶囊,1
关键,2
公信力,1
xumingxiao,1
图集,1
预测,1
诗书,1
越飞越,1
热帖区,1
杜绝,3
美国,1
美图,1
OAuth,1
神奇,3
kuro,1
H.264,1
精神,1
拓展,1
百合,8
数码,1
上火,1
攻音,2
首充,2
千名,1
宝宝,28
礼品店,1
男士,3
超乎,2
男声,1
包括,12
更让人,1
销售,1
淋漓尽致,1
集团,4
百城,1
最强,2
不知情,1
一整夜,1
chuangyebao,1
土壕,1
集结成,1
头像,20
特色,38
上班,2
挂件,1
不远处,1
秀场,6
结识,12
转采,1
领袖,5
奖励金,2
说真的,1
张翰,1
稿酬,1
草泥马,2
er,1
官方网站,15
小姐姐,1
扫一扫,2
GTalk,1
fx,4
聪明,1
多年,2
用心,4
shows,1
所有,40
话题,25
唯一,7
前所未有,2
影视,4
武器,3
超给力,1
产品简介,4
通用,1
有礼,1
最快,3
睡觉,1
包房,1
飞快,1
生物,1
摄像头,1
古诗词,1
语文,1
高颜值,6
飙歌,1
自启动,1
之一,7
维系,1
之下,1
成人,2
放弃,1
公里,2
讨论,15
蘑菇,1
九宫格,1
草稿箱,1
省电省,1
妙趣横生,1
简简单单,2
突破,1
杀人,2
最爽,1
英语,1
栏目,2
断层,1
临帖,1
线时,1
版块,7
99CU,1
男女,4
工作量,1
心中有数,1
星球,5
足不出户,1
多彩,2
瞬间,25
信约,1
聊得,2
多开,13
防闺蜜,1
新世界,2
友好,3
强烈,1
mrp,1
海聊,1
助手,18
放心,7
Web,3
五子棋,2
赢家,1
夜总会,1
情趣,6
胶卷,1
最多,4
非常适合,2
最大,9
PC,3
带回家,1
旅游,6
任你选,1
美化,3
调调,1
抢购,1
联系方式,6
华为,2
虚拟,7
华丽,1
XT910,1
障碍,4
主播,22
广泛,4
Instagram,5
这次,1
协作,1
快捷,9
大幅度,1
我一语,1
微博上,1
疲惫,1
电话,16
助攻,1
名至,1
绽放,1
外界,1
排麦,1
变形金刚,1
题材,1
网是,3
网易,2
除了,4
赋予,1
秀出,7
美容品,1
百兆,1
有缘,15
限制,3
适配,2
对面,7
乌猫,1
搞笑图,1
家长,12
蒙面,1
可能性,1
男孩子,1
美发,12
未读,2
睡不着,1
过节,1
征求意见,1
基础,7
Beta,1
包时,1
伺机而动,1
bodasunshine,1
小姨妈,1
应援,2
美剧,6
方方面面,1
lukou,1
抱抱,1
抵现,1
82558730,1
可靠,5
御姐,2
没法,1
聊天,133
彩妆,1
违反规定,1
基本,2
一次性,5
探班,1
充分,3
必要,1
Better,1
或是,6
对阵,1
WEFUN,4
社群,1
微博轻版,1
看护,2
密码,4
太累,1
多多,3
联络人,1
多样,1
专辑,10
店铺,1
愿意,3
一个月,2
友录,1
导致,2
白活,1
手机短信,2
touch,2
山上,1
ps4,1
百变,6
告白,1
聚交,1
刷取,1
天地,1
real,1
read,1
护肤,3
手软,1
音悦台,1
using,2
图片库,3
股友,1
路线图,1
消磨,1
品类,1
无眠,1
秀发,1
电视,2
发消息,3
具备,3
大气,2
人脉,4
希冀,1
淘货,2
图释,1
扫地,1
张艺兴,1
若干,1
按照,3
现金,1
练歌,1
个人主页,2
精挑细选,1
吃喝玩乐,2
早安,1
爱侣,1
珍惜,1
网新,1
心融,4
可锁,1
打破,3
Add,1
朦胧,2
神往,1
your,5
Store,4
通信安全,1
恋上你,1
这档,1
性知识,1
精美,6
物品,3
闪耀,2
权贵,1
人体器官,1
易用,3
勾搭,4
不间断,2
经得起,1
领赏,3
工具性,1
利器,3
富有,1
多家,1
这样,4
少女,1
妹达人,1
1200,1
好不容易,1
保准,1
聚会,10
Banjo,5
构成,2
笙箫,1
客观,1
查看器,3
主权,1
充值,1
粉丝团,1
基站,1
天生一对,1
you,11
圈内,1
揭示,1
大海,2
文化,11
主机,4
无从下手,1
依托,2
热恋,3
默契,1
写字,6
上百,1
喜爱,23
爱人,2
史大驼,2
实名制,4
可闻,1
爬山,1
5225000,1
上榜,2
内嵌,1
千万,19
藏家,1
经验,9
已知,1
趋势,2
拍照,18
各位,4
真心话,8
天穿,1
玩图,3
讲述,1
感兴趣,11
支撑,1
网站,12
上分,2
对话,9
勇士,1
杀马特,1
操控,1
instagram,1
大爱,1
媒体报道,1
五个,1
android2.3,1
框里,1
casual,1
反应,1
timeline,1
爆个,1
存钱,2
流行,7
风格,21
录入,2
怎么,17
饭团,3
跟着,1
看美,1
大片,1
数据量,1
大牌,1
当地,1
自娱,1
S4,1
美丽,8
网络流量,1
takes,1
之后,4
之名,1
钓友,1
墙纸,1
其中,1
苹果,6
款式,1
427842462,1
骚扰,3
千位,1
的话,6
服务平台,5
后台,13
7000,2
科普,1
其它,12
货运,4
录像,1
官方,61
SM,1
心想事成,1
没烟,1
SD,1
出国,1
一定,7
呼叫,1
太慢,1
英文单词,1
圈助,1
一家,1
受欢迎,4
尽量,2
圣衣,1
上桌,1
CMNET,1
照骗,2
镖车,1
良好,4
跟踪,1
一对,2
趣比,2
help,2
甄选,1
什么,37
张杰,1
变得,6
文件,5
即点,1
饭否,9
事情,2
响应,1
长压,1
yi,1
yo,3
宽容,1
极易,1
当周,1
真情,1
亲友,3
Flipagram,8
录取,1
应用程序,7
实用,6
圣诞,1
激活,1
渴望,4
角色,9
深夜,3
内心,7
beyond,1
提问,10
玩吧,2
女神,37
能够,13
今夜,1
休闲活动,2
汉子,2
汉字,2
问题,44
圈出,1
今天,4
李钟,1
集中,1
是因为,1
谈天说地,3
一天,8
照顾,1
映票,1
宣传,1
阿哲,1
相互信任,1
内幕,1
miss,1
好评率,1
记得,2
不仅仅,1
微播,6
群组,7
修正,3
隆重,1
而成,1
邮箱,21
运行,5
一头,1
一套,1
在校,2
线索,2
加粉,7
现象,1
而战,1
非凡,1
一好,1
集体,1
企鹅,2
攻略,13
888,1
有恋,1
漫展,1
火速,1
知音,2
征信,1
不打不相识,1
五星,1
531118660,1
出品,5
有缘人,5
除写,1
独白,2
可视,1
326864,1
百个,1
导演,1
民生,2
暗号,1
百万,4
让玩家,2
整合,3
来自,14
666,2
iTunes,1
圈圈,3
网红,3
节省,6
切入点,1
孕妈,1
阅读,12
知道,34
魅族,1
同一个,2
健身,2
网综,1
为空,1
迅联,1
内外,2
1.87,1
爱唱,1
坚信,1
baihehunlian,1
当前,5
聚合,7
玩到,3
财物,1
出口,1
音乐节,2
大比拼,1
1v1,2
颇具,1
颜色,3
之内,1
苏州,1
机构,2
pictures,3
真是,1
图评,1
出发,2
教师,1
扁平化,1
粉王,1
倡导,1
情人节,2
找货,1
私信,19
停不下来,4
影音,1
幸福,5
实现,25
价值观念,1
上海,11
食谱,1
诸多,1
秀丽,1
时鲜,1
挚爱,1
晚安,1
YouTube,1
私下,1
wacomi,1
软萌,1
Online,1
不能,11
文体,1
自带,2
一张,4
服务质量,1
到达,1
交际圈,1
实物,2
深度,3
简而,1
录制,1
0000,1
打扰,4
牧场,1
开桌,2
机智,1
直播间,3
打打,4
首个,2
灯火阑珊,1
玩友,2
停止,1
无法,9
变声,4
最劲爆,1
ready,1
即省,1
hellos,1
emoticons,3
打折,1
生活,90
拒做,1
科技,4
宽屏,1
私人,4
三步,1
满足,14
uses,1
反对,1
大礼包,1
网罗,5
340159588,1
一不小心,1
迟迟,1
这么,11
一小,1
查找,10
内存,6
车座,1
天下事,1
不好意思,1
歌能,1
917710000,1
找运,1
有料,2
...,13
一局,1
运费,1
运货,1
见面礼,1
like,1
转账,2
志趣,1
精简版,2
万款,1
福利社,1
jinrifaxian123,1
万次,1
天籁,2
省去,3
但是,1
青团社,1
对账,1
新文化,2
接头,1
发源地,2
有限公司,5
找车,1
独家,7
随着,1
相聚,1
延迟,3
稿费,3
内存空间,1
玩偶,1
电信卡,1
访客,3
提醒,40
战连麦,1
漫天,1
算法,2
羞涩,1
内容,57
消息,74
messaging,4
而是,1
张扬,1
自我,8
屏蔽,3
设计师,6
射鸡,2
等待,7
王国,2
信找,1
江西,2
协同,1
..,1
反复,1
共鸣,2
霸服战,1
支援,2
选定,1
电通,1
定期,3
利用自身,1
省力,1
info,1
功能模块,1
载体,1
背后,2
Twitter,11
期间,1
之前,2
暖心,2
玩儿,2
取消,1
平民,1
专门,4
540651435,1
拜师,1
Ta,21
全宇宙,1
TT,2
惊艳,1
独特,9
对象,10
玩具,1
宽带,8
拜年,1
附带,1
省到,1
识别,8
国内外,3
一切,15
月份,1
抢饭,1
Gif,1
dilang,1
一则,1
亲妈,1
黄子,1
看着,3
做梦,1
财经,2
爱好,8
一刷,1
一刻,1
Now,1
开放,9
深受,2
圈子,19
明星,57
facebook,4
没装,1
筛选,5
社会各界,1
态度,3
看看,12
事不决,1
2.22,1
2.24,1
页面,10
等候,1
获知,1
zi,1
十分,2
建百人,1
藏匿,1
长大,1
接地,1
生态,1
异性,17
生活态度,1
感谢,3
日报,2
进程,1
动人心弦,1
信息沟通,1
倾诉,6
具体,1
后宫,2
纸本,2
天猫,1
韩剧,1
声音,41
三者,2
归属,1
能力,7
再也不会,1
相连,1
后实,1
相近,1
加盟,4
wohenizaiyiqi,2
心里,2
一半,3
指甲,1
内含,1
呈现,7
验证码,1
愉悦,3
星星,2
生意,1
辣妹,1
自动,36
自助,1
辣妈,5
脸萌,2
深刻,1
特立独行,2
开播,1
豆瓣,3
大多数,1
择天记,1
界面设计,1
免费手机,1
凸显,1
客户端,39
鸡情,1
一句,7
卡路里,1
眼睛,2
一台,1
真正,10
省心,3
一個,1
在线播放,2
最会,1
LBS,4
用作,2
Exchange,1
预约,2
书写,4
快用,1
咔嚓,1
资源,11
万条,1
飞传,3
这份,1
亲密,6
021,1
iPhone,3
另一半,2
优质,10
你一言,1
海量,21
碎片,1
最佳,7
在意,2
多人,13
排行,6
防小三,1
出差,1
多么,3
多久,1
成败,1
700,3
网络,44
叫醒,6
一步到位,1
OCR,2
困扰,2
滚动,3
联赛,1
拒当,1
透过,1
停播,1
优越,1
外挂,1
交易市场,1
一年,3
高富帅,3
多万,3
猜猜看,1
美剧迷,4
3158,3
左滑,1
专题,4
多个,29
爱家,1
同城,11
方言,2
盼望,1
爱宠,4
可能,9
深入,3
频率,1
飞信,7
在校学生,2
无损,1
整装待发,1
只为,1
消消,1
彩信,2
下载,29
绿萝,2
惩罚,1
privacy,1
上报,1
除夕,1
邓紫棋,1
一元,1
滑板,1
目标,5
软萌萝莉音,1
三方,2
商家,12
挂念,1
早上,1
婚姻,5
片酬,1
大礼,3
应用,93
有权,1
票友,1
政策,2
评论,31
用人,1
appnz,1
建议,16
56,1
吴亦凡,1
存储,7
闲暇,1
擦肩而过,2
写作,1
排解,5
边唱,1
Messaging,1
大神,16
概念,1
水果,1
互通有无,1
不解,1
衷肠,1
何以,1
卡通画,1
珍爱,2
下载安装,5
71563799,1
之处,1
永无止境,1
人际交往,1
之外,1
miliao,1
休闲游戏,2
忠实,1
星探,2
回答,1
良品,4
BOSS,1
120,1
队友,1
微博带,1
从线,2
见面,5
不要,6
警惕,1
除此之外,2
劲歌热舞,1
必须,2
打歌,2
接受,1
地图,8
反动,1
computer,1
Meizu,1
取暖,1
美甲,1
非常,9
依然,1
管理,18
创造,7
质量,4
曲目,2
中学生,1
renren,2
关联,1
边刷,2
发邮件,2
平板,6
明信片,12
无效,2
系统,25
诉说,5
指点,1
依照,1
产检,1
敲开,1
色相,1
作战,1
玩家,24
收款,1
题目,2
并肩作战,1
相识,3
Yahoo,1
激扬,1
一场,4
赚钱,3
端到,1
来袭,1
日本,2
友信,1
运输,4
骰神,1
绿色,6
特长,1
查询,9
名人,7
And,2
smartphones,1
喜悦,2
修改,24
街头,1
管理员,1
进群,1
生日,4
回复率,1
韩国,4
组织,11
Shanghai,1
时间,35
成绩单,2
重要,10
偶遇,2
云盘,3
提高,9
服务项目,1
名义,1
热爱,8
畅游,1
party,1
俗话说,1
恐惧症,1
http,29
探探,1
拉近,4
生效,1
召唤,4
水晶,1
置身于,1
逃离,6
BD,1
饭堂,1
夜晚,2
一同,2
40,1
阿姨,2
来说,3
雅虎通,1
电子杂志,1
Web2.0,1
上架,1
弹幕,6
By,1
小窍门,1
不让,1
幼儿园,5
信息,73
一员,1
品牌设计,1
不论,2
经典台词,1
一周,1
联系人,6
平时,1
家里人,1
社会化,1
家居生活,1
免费发,1
上台,1
twitter,3
杂志,3
招商,3
98%,1
打榜,4
网球,1
棒棒糖,1
对得起,1
一品,1
接入,2
发送给,1
求粉,1
游戏类,1
准备,3
码通,1
精湛,1
其名,1
演绎,6
滤镜,14
UI,3
上来,1
见闻,1
UC,3
独立,2
预算,1
更能,2
江湖救急,1
相见,1
学历,1
热点,4
费用,5
hi,1
huayouapp,2
营养,3
一盘菜,1
加点,1
林俊杰,1
万户,1
小伙伴,22
话费,7
局限于,2
为准,1
浏览器,5
激情,2
日日,2
MSN,10
次方,1
iplaysoft,1
开抢,1
副本,1
官正,1
删减,1
宝为,1
不虚此行,1
财神,1
上映,1
Razr,1
散论,1
看点,1
friends,1
不在话下,1
播放,5
独树一帜,1
热火,1
被叫,1
劳动,1
冬至,1
部位,1
即日起,1
包装,1
确保,1
基准,1
herook,2
热辣,2
魔法,5
炫酷,3
此外,4
服务器,2
会为,1
篮球,1
日有所思,1
爆米花,4
只言片语,1
关系,7
仿佛,2
运笔,2
鲜花,1
绘图,1
方便快捷,5
触碰,2
塔罗牌,1
赞同,1
口味,2
同城群,1
加载,2
全力,1
两种,3
看过,2
鲜艳,1
国际象棋,1
成功,10
严肃,2
尽情,6
精选,11
终端,1
情况,12
net,4
不留,3
摄影,5
G7,1
搜榜,2
怪事,1
不用,30
一点点,1
网络游戏,1
花钱买,1
来电,3
100,6
欧豪,2
吉祥物,1
收集,5
跨网,1
商务,8
iliangcang,1
详细,2
很污,1
消除,1
萌音,2
Privacy,1
拿到,1
Also,1
联盟,4
也好,1
call,1
尊享,1
毫无顾忌,1
难为情,1
爵士乐,1
kge,1
读书,1
以为,2
养只,1
以下,4
以上,15
客服,29
主要,29
过滤,4
难过,2
Chrome,1
数码影像,1
分开,1
留存,1
未来,1
想要,22
想吐槽,1
录歌,3
陌陌,8
掌上,5
第一次,1
数量,2
改变,2
陪聊,2
别处,1
ebuddy,1
校园,26
数千个,1
新品,1
WeChat,2
欢唱,1
简单,36
无须,1
榜样,1
会吐槽,1
第一步,1
玩得转,1
真实性,1
忍受,1
小两口,2
数千万,2
不知,1
便捷,22
极限,1
再见面,1
keyboard,1
完善,2
手指,4
遇到,9
黑丝,2
模式,29
乔迁,1
调戏,1
一言一行,1
翩然,1
公众,14
小视频,2
如大号,1
临时工,1
公会,13
定时,6
鲜肉,5
显示方式,1
即能,1
查阅,2
音悦,1
电子签名,1
大胆,1
全天,1
杨幂,5
女星,1
流程,4
每次,6
收钱,4
因为,4
网络服务,2
开发者,3
和谐,3
达意,1
发型,17
遇男神,1
搭建,2
拿出,2
兼容,3
Planet,1
Go,2
独家代理,2
礼物,23
从而,1
狂欢,4
盖楼,1
messages,2
不看,2
脑洞,2
严苛,2
引爆,1
必有,1
传上去,1
脸红,1
为货,1
座机,2
珍贵,1
花椒,1
服务商,1
少男少女,1
晒单,1
李敏,1
帅哥,20
照样,1
厂商,1
约伴,1
步骤,2
投资,3
配图,1
笔形,1
约会,65
女生节,1
求脱,1
感知,1
iebook,1
人与车,1
将会,4
刻板,1
ming,1
线路,2
万黄,1
fanfou,2
开麦,1
大脑,1
不定期,4
纠偏,1
关键字,1
人气,21
跃然,1
驾到,1
志趣相投,8
开黑,4
魔漫,1
吊炸天,1
郑凯,1
公交,2
建议您,2
香车,1
异次元,2
固定,1
consumer,1
显示,16
挑出,1
富豪,2
QQshow,1
万美元,1
穿梭,1
追加,1
热议,1
独自,2
点评,5
Free,2
页模式,1
热词,2
情商,1
客户,4
极速,3
摆脱,3
拥有,26
撩菜,1
彰显,3
巧妙,1
几秒,1
想象,2
语言,6
片源,1
Internet,1
住宿,1
体力,1
00,8
豪气,1
相片,4
看词,1
女性,9
基金,1
心水,1
怦然心动,3
全国,13
追剧,1
原始,2
冒泡,3
图文混排,1
相爱,2
带上,2
全场,3
Nokia,1
跳舞,5
全在,1
供需,1
通信软件,1
英文,1
jimuu,1
积累,2
匹配,14
完全免费,8
粉色,1
蔡依林,1
浩如烟海,1
毕夏,1
时间轴,1
闹钟,18
币时,1
成圈,1
情报局,1
调整,1
搞定,2
想赞,1
CC,1
购后,1
CF,5
CD,1
指标性,1
更强,1
应该,1
史上,2
Droid,1
闹铃,2
命中注定,1
歌王,1
交往,4
逃脱,1
同学,7
陪伴,6
有限,1
it,6
繁琐,5
im,2
in,9
本土,2
id,1
商城,4
转给,1
EFUN,2
督促,1
本地,10
萌颜,1
froyo,1
kik,1
引用,1
怀旧,1
压感,1
80%,3
受到,4
800,2
英雄,4
超低,1
互传,3
忽悠,1
手机,144
围观,4
挥霍,1
nudge,1
意义,1
结果,1
新区,4
笑话,6
加盟网,1
融网,1
whatsapp,1
更要,1
订做,1
结构,3
健康状况,2
进度条,1
细节,8
红包,10
礼盒,1
驿站,1
成员,4
电影院,1
金字塔,1
蓝天,1
海淘,1
www,30
推广,1
名声大噪,1
晒图,1
畅销,1
还会,1
商品,11
使用,73
网络连接,2
看见,1
性感,1
午夜,1
参考,4
完全,6
培养,1
地位,1
发发,1
俱乐部,2
装修,11
乐途,1
程序,1
射击,1
本命,1
发到,3
收看,1
外猛,1
酷炫,4
down,1
netease,1
熬夜,1
打造,38
注定,1
说出,5
高质量,2
逛逛,1
互不,1
数据,13
骑行,3
视频,113
DNF,3
不犯,1
解决,9
低头,1
有钱,1
黑名单,1
天赋,1
烦扰,1
综艺,3
全方位,6
下班,1
地上,1
网购,2
7x24,1
所具,1
2500,1
多种形式,2
惊爆,1
经济,3
改善,1
tuotuo,1
互联网,16
后花园,1
比如,4
众筹,2
表情,44
送映票,1
特性,2
陈伟霆,1
送给,1
看大图,1
精美绝伦,1
杨钰莹,1
危机,1
富聊,4
表演,10
仅限,1
coushou,1
通讯录,17
tfboys,2
可爱,8
决战,2
相约,1
心情,16
O2O,2
yeds10000,1
读状态,1
置身,1
这是,7
成周公,1
网络红人,2
老人,2
寂陌,1
再说,1
时想,1
心思,2
Rela,5
穷游,2
老乡,5
适用,4
联网,4
设有,1
粗暴,1
金融,2
优美,2
女主播,11
人来,1
几十个,1
绝妙,1
自己,101
交到,3
更省,1
缩放,2
几十万,3
推倒,1
热点话题,1
猎奇,1
妇女节,1
标签,9
推出,19
海报,4
量身,5
活泼,1
米粉,1
养宠,2
uface,1
一网打尽,1
价格,5
联络,3
创新,6
交友,133
风采,3
财运,1
工作人员,1
封号,2
竖屏,1
相通,1
发展,2
各种类型,1
键入,1
生日会,2
停靠,1
就是,27
求评,1
影响力,2
那一刻,1
敲打,1
追名逐利,1
更白,1
高效快捷,1
心愿,4
缘份,1
喜欢,43
每日,18
草稿,1
共情,1
sns,1
MMOFPS,1
年龄,4
批量,7
解开,1
二套,2
四个,2
金蛋,1
共同爱好,3
talk,1
布局,2
时尚生活,2
青睐,1
画友圈,1
化装舞会,1
旅行,8
落户,1
零距离,7
主色调,1
从事,1
月经期,1
橘子,1
桥梁,2
造成,2
模块,5
云脉,2
820,1
梦想,7
请加,2
任务,6
绝密,3
所属,2
进行,33
时光倒流,1
动作,1
建立,11
特技,1
模型,3
绝对,4
实践,1
好用,2
滴浪,1
宵夜,1
心扉,1
儿童节,1
乐翻天,1
相簿,1
请勿,2
吐槽,12
人数,2
weico,1
终点,1
那里,2
App,16
跨界,1
联系,30
单人,1
欢快,1
Yan,4
此刻,3
开阔,1
极限运动,1
carry,1
西亚,1
发帖,1
发布,30
第二课堂,5
与其,1
走来,1
动人,1
用户服务,1
缺火,1
抢红包,1
行动,2
11,1
10,15
13,1
12,5
15,3
14,1
17,8
16,2
19,1
18,4
伴侣,5
拉票,1
按钮,6
两不误,2
炒股,4
单个,1
抖音,1
抓住,1
performance,1
单一,1
200,1
207,1
签收,1
魔术,1
娱乐场所,2
女友,5
疑问请,1
新建,1
珍藏,3
Emoji,1
图文并茂,1
show,2
心理学,1
中文网,1
演唱风格,1
We,4
高亮,1
井柏然,1
来秀,1
再近,1
无障碍,3
指耕,1
享有,1
一应俱全,2
母婴,5
好书,1
完整性,1
新奇,3
无闻,1
瘦身,2
不离,1
例如,1
质感,2
指示器,1
存档,1
同伴,1
美女视频,9
评为,1
功能丰富,1
制作,13
周边,11
二次元,8
配备,1
自定义,9
80456,1
讲故事,1
旅行社,1
把玩,1
评价,4
市场,2
商店,6
jp,1
综合性,1
ji,2
重磅,2
住友,1
震撼,2
可微博,1
太爱堆,1
我间,1
开通,3
此后,1
前往,2
它们,3
电话本,1
大本营,3
婚博网,1
注册,27
图片,103
预览,3
追寻,1
全彩,1
闲适,1
李易峰,2
成就感,1
特效,3
伊对,3
便民,1
举行,1
声控,2
评估,1
同性恋,2
新增,24
困镜,1
时时,1
热舞,1
创意,10
使出,1
夜间,3
群聊,20
熟人,3
逆时针,1
脱口而出,1
经期,3
港湾,1
跑不了,1
控件,1
流畅,14
对白,2
微博艾特,1
影视剧,2
人才,3
盘丝洞,4
可知,1
了解,26
社交互动,1
kdnet,2
白费,1
心弦,1
走上,1
视野,1
化解,1
串串,1
然后,7
示范,1
顺滑,1
不管,7
等你拿,3
响起,2
引约,3
配对,3
全屏,7
小众,1
全局,1
TA,37
根据地,1
风险,2
Pinterest,1
优秀,3
专注,5
马勒,1
输赢,1
个人用户,1
完备,2
无需,13
追网剧,1
游戏,125
每月,3
每期,1
AI,1
丰富多彩,2
听歌,1
每条,2
诚心,1
战歌,1
支持,94
俚语,1
无非,1
兴趣,33
上面,3
摄像,1
原创,12
原则,1
新娘,2
接口,2
新生代,1
手游,16
特有,1
可用,2
合唱,2
预订,4
Kge,2
锦囊,2
快聊,1
字帖,3
以物识,1
时机,1
满眼,2
特权,6
数款,1
红娘,4
tengxun,2
聊天室,10
videos,1
稳定,4
风靡,1
性格,5
Blog,1
容错过,2
七夕节,1
无阻,1
通道,1
ifudi,1
歌神,1
忙碌,1
上限,1
趣闻,2
淘江,1
通通,1
走掉,1
小二,1
窗口,2
凯迪,1
moxian,1
大赛,3
无限,12
每晚,2
冰雪,1
职业,2
送礼,3
297949643,1
人群,4
江湖,1
装备,4
通过,59
房产,1
内容提要,4
歌曲,2
聊聊天,2
聚会地点,1
出彩,1
高保真,1
货源,2
国内,12
人比小嗒,1
分享,159
逆袭,4
TA3,1
评分,2
道具,1
第一站,1
超多,4
祝福,14
iuu,1
评判,1
主题,19
POP3,1
关注,46
竞技场,1
在读,1
主页,3
不敢,3
含义,1
淘宝,9
高分,1
zero,2
单身男女,13
MIPS,1
战士,1
gl,1
塔罗,1
iOS,2
元宵节,1
崩溃,6
手游电,2
5000,3
联机,1
罐头,4
菠萝,1
奢侈品,1
拉拉,1
无所顾忌,1
发型师,2
设置,27
赛事,5
小冰,1
意境,1
以往,2
90%,2
控制,3
决策,3
砍价,1
写下,1
Hangouts,1
小偷,1
未知,2
时尚服饰,2
问答,13
讯息,5
摇一摇,7
逼格,1
OUT,4
表白,19
stable,1
精致,3
影片,1
逻辑,2
缩略图,2
承担者,1
以帖,1
日语,1
交互方式,1
女生,18
火爆,9
中心,7
share,2
疯狂,5
熊掌,1
重新,6
二百五,1
第一笔,1
comfort,1
确幸,1
很累,1
顺时针,1
相机,8
普通,2
必备软件,1
个性,27
日记,16
辅助,3
发型设计,1
联手,3
20161230,1
Q版,1
好友,109
上衣,1
两步,3
微薄,1
洞里,1
无论,19
旅途,1
翻天,4
24,11
25,1
20,3
21,1
22,1
毕业,3
29,3
PLUS,1
现场直播,1
魔线,2
759643V2EX,1
精英,1
马上,13
发微博,2
两款,1
2G,1
小区,3
easily,1
画得,1
衣服,1
pao,1
2387779295,1
不来,1
局限,1
小号,1
飞起,1
应有尽有,7
古老,1
1.75,1
1.77,1
农药,1
交朋友,9
Cool,1
网页,5
询问,1
尾巴,1
oneniceapp,1
新浪,39
姚贝娜,1
无极限,1
清唱,1
独霸,1
民间,1
港澳台,1
盗取,1
313673724,1
有能,1
银行,1
耳语,1
画廊,2
人设,1
带妹,1
周遭,1
整理,2
透明,1
纷纷扰扰,1
一夜情,1
火热,3
迥异,2
朋友圈,19
大量,8
展示,15
紧紧,2
告诉,8
如果,35
萝莉,2
小红花,1
重构,1
built,1
智商,4
8839158,1
画友们,1
畅聊,11
不是,8
忽略,1
循环,2
规定,1
人类,2
ka,1
kg,2
kf,1
kk,3
聚集地,5
收藏,14
懂得,2
发短信,3
画师,1
保持联系,2
感悟,2
无趣,4
经纪,1
通话,19
立现,1
减压,2
枪林弹雨,1
C2C,1
Magic,1
单击,1
秘诀,1
确定,1
确实,1
挖掘,3
通讯,6
心语,1
iamhighing,1
资产,1
感想,1
园园,2
搜索,41
赠送给,1
交互,5
视讯,1
娇嗔,1
柚妈,2
诗歌,1
游山玩水,1
清单,4
歌手,6
解不开,1
受启于,1
权益,1
留下,1
高效率,1
新机型,1
担心,14
娇喘,1
缓存,6
po,1
歌房,2
不愁,1
启用,3
垂直,3
刮目相看,1
邓超,1
市井,1
不想,4
童年,2
骑马,1
萌化,1
融汇,1
酒托,1
起床,15
基本功能,1
超小,2
主播腔,1
合作,9
缘分,26
流淌,1
核查,1
组队,1
腊八节,1
调用,1
960,4
小吃,2
所在位置,1
好坏,1
到处,1
留住,4
货款,1
笑一笑,1
公聊区,1
收获,2
恋人,9
密聊,3
过程,13
蜜友,1
看得见,1
极致,1
衍生,1
艺术,4
自留地,1
探讨,1
股市,6
条款,1
八卦,6
努力,2
eBuddy,1
幽默,2
不怕,6
哀家,1
感慨,1
搜罗,5
快节奏,1
好听,1
chongwushuo2014,1
级别,1
难题,4
www.51,1
怀孕期,1
官网,6
绿植,1
好吃,1
snap,1
画家,1
triphare,1
MOMO,1
画室,2
心结,3
bit,1
值班,1
TFBoys,4
方力申,1
林志颖,1
隐私,9
别人,18
互动性,1
满满,4
google,1
这里,105
消耗,6
Messenger,5
嘀咕,2
固件,2
拨通,1
contacts,1
广阔,2
鞋子,1
30M,1
300,2
何必,1
坐在,2
职场,2
无论是,3
时光,8
增加,17
高喊,1
拼图,1
联想,2
女王,5
投入,1
所有人,5
看不到,1
通知书,1
在手,4
Entertainment,1
持续,1
生辰,1
化学反应,1
进门,1
建材,1
引吭高歌,1
invite,1
开场白,1
动动,2
逐步,1
sdo,2
庆典,1
耳边,2
任何,29
全天候,1
超带,1
Vellamo,3
离开,1
领略,2
退松,1
图标,5
通行,1
尽知,1
single,1
T恤,1
草机,1
优惠,9
老公,1
Mac,2
久伴,1
苦于,1
恩爱,3
旗下,4
插画,3
目的地,1
行为,2
战略规划,1
宅腐基,1
树洞,2
2003,3
2000,5
2007,1
2004,2
行业,4
静静地,1
编发,3
发美照,1
现有,4
zoek,1
商业模式,1
超全,1
所以,3
小奇,1
源源不断,3
奖励,2
以坑,1
无法自拔,1
盗墓,1
实用信息,1
张贴,2
带动,1
预产期,3
层次,1
身体,2
广播,4
钢笔,1
潮人,1
小夜,2
点靠,1
宠物,11
段子,6
特点,20
设计,20
51942756,1
3G,4
师傅,1
草根,3
方案,2
国外,2
解乏,1
房子,1
access,2
中国,26
喊麦,1
3g,1
3d,1
带到,1
老师,9
价廉物美,1
受众,1
简单明了,1
忧伤,3
到手,3
语聊,2
8123,1
IMAP,1
sina,3
新微博,2
微软,1
30,5
36,2
35,1
冠名,1
食性,1
送达,1
抽烟,4
心灵,12
寻美图,1
复旦,1
公告,2
展现,4
嘻笑怒骂,1
FB,2
无广告,4
脱光,1
强烈推荐,2
体会,1
米油,1
年轻,3
狂热,1
萌萌,5
新鲜事,5
剪辑,1
照片,91
得到,10
普通用户,2
小白透,1
真诚,2
YY10,1
两性,1
创始人,1
最给力,1
志同道合,10
0.6,1
满意,2
超值,1
语音,71
受人,1
犹豫,3
只在乎,1
YY,16
Yo,4
过瘾,1
完上,1
客户资源,1
attachment,1
无用信息,1
覆盖,3
店里,1
老式,1
耳目一新,2
对手,1
往来,1
无聊,15
更是,2
手游类,1
战况,1
心理健康,3
小孩,2
重温,1
还原,2
可怕,1
无限量,1
架构,2
地下城,1
ll,1
结算,1
Androidv1.0,1
记账,3
著色,2
守护,5
ly,1
火种,1
大部分,1
规则,1
操作步骤,1
技巧,5
kaixin,1
热门,40
更新,55
打赏,8
触手,1
热闹,2
客服热线,4
人用,1
军功,1
超受,1
单张,2
十字路口,1
没人,1
地区,3
咨询服务,1
机要,1
人生,16
欢乐,7
超低价,1
几条,1
礼品,3
战力,1
淘神,1
多端,2
力量,1
互叫,1
功能,184
更改,1
护理,2
图文,11
线长,1
互刷,1
脱单,3
WebDAV,1
收费,1
实验性,1
好多,1
退款,2
翻倍,2
酒水,1
好好,8
急性子,1
激萌,1
新游安卓版,1
乐趣,14
斗牛,1
ipad,1
以后,2
理念,2
应接不暇,1
白名单,3
来源,2
失语症,1
金钱,1
搜狗,1
搜狐,4
轮流,1
各国,2
微调,1
蓝白色,1
互加,1
冥冥之中,1
有着,1
互动,73
互助,7
关机,1
自动识别,2
复杂,2
新人,1
孩子,2
兔兔,1
公园,1
高大,2
白领,3
减少,5
门类,1
kzhuo,1
四射,1
第一种,1
卧底,7
掷骰子,1
剪刀手,1
准妈妈,3
成为,26
text,1
博宝,2
许愿,1
致力于,8
staff,1
可是,1
ni,3
群里,1
纪录,2
博客,5
前五,1
公共,1
简介,4
商业,1
改为,1
成书,1
热腾腾,1
抗衡,1
家族,3
致梦,1
意向,1
原生态,1
装备库,1
纪念,2
心理,9
劳动节,1
延时,1
网络相册,1
缓解,2
关怀,3
全免费,2
以及,21
睡前,2
四季,1
房有车,1
更换,3
福利,16
位置,31
wj,1
highing,1
淘网,1
读取,2
专业知识,2
戳戳,1
男才女貌,4
把握,2
龙抬头,1
刮刮卡,1
积攒,1
闲聊,1
以前,3
大学生,5
34305053,1
插翅,1
火线,5
高德,2
码率,1
魏晨,2
开聊,1
商会,1
环球,2
轻量级,1
非主流,1
短信,36
中医,1
电竞,7
袜子,1
排卵期,1
任你玩,1
夜生活,11
瓦力,2
在线视频,3
手机游戏,3
云集,2
人物,3
信息技术,1
营养师,1
ios,1
终极,1
兴趣爱好,3
短信息,1
人版,1
妹纸,2
摇出,2
定位导航,1
利益,2
做起,1
中去,1
表示,2
youmeonly,2
死人,1
对方,17
利用,6
字体,2
二人,9
tong,1
绝佳,1
提神,1
画友,2
工作者,1
奖品,4
提示,13
热量,1
地域,1
闭眼,2
心目,2
享用,1
不辍,1
赵丽颖,1
有趣,37
高贵,1
泡泡,1
小说,10
不止,1
三联,1
舞蹈,1
有赏,2
经理,8
读写,1
形式,6
相框,1
稳定性,6
情侣,33
公号,1
德州,1
公司,9
摇动,1
提供商,1
小喇叭,1
门票,1
卧室,1
导航,4
原来,3
以内,1
难道,3
诚信,6
认真,2
四大,1
详情,3
游玩,7
翡翠,2
佳缘求,1
散步,2
猎人,1
作者,1
小年,1
快速,39
任你挑,1
肾宝,1
积木,1
品质,3
大奖赛,1
购买,10
速度,7
黑卡,3
电子名片,2
绝不,2
生成,6
bug,7
如此,6
限定,1
情书,2
画功,1
对应,1
战场,3
铃声,2
畅谈,2
数据线,1
疑难问题,1
VClub,1
48,1
detail,1
不断进步,1
何不,1
为此,1
情人,2
妹子,11
他人,2
工作日,1
菜单,5
情仇,1
有富友,3
2385324982,1
送礼物,3
4G,3
Build20120105,1
聚在一起,2
点选,2
就点,2
是否,9
他们,16
传媒,1
CEO,1
神经病,1
手绘,2
Toast,1
黑丝上,1
如同,1
注册商标,2
小圆君,1
转存,1
对家,1
校园生活,4
改版,7
赠送,2
G3,1
G2,1
拉到,1
发生,8
缘来,2
更快,2
彩铃,1
jiaoqiwo,1
惊喜,12
单调乏味,1
两大,1
录至,1
GG,1
分组,7
单日,1
Steam,3
直达,1
针对,4
嘴巴,1
亲朋好友,2
新番,1
写日记,1
治愈,3
接近,1
enjoy,1
融为一体,1
提高效率,1
韩语,1
找对象,10
技术,6
停下,1
货币,1
版微博,1
解决问题,1
高手,3
姐妹,8
枪械,1
自语,1
军棋,4
请拨,1
扶持,1
好评,5
欣赏,4
瞎折腾,1
众山,1
室外,1
人体,2
里面,9
个人资料,7
会友,6
Support,1
人人,23
屋主,2
爱聊,1
吃饭,3
to,9
版本升级,2
m9,1
人们,4
就业,3
勿扰,1
案例,2
浪费时间,1
me,2
mi,1
mt,1
禁欲,1
访谈,1
买个,1
nideriji,1
其乐无穷,1
人为,1
双击,1
倾力,1
圣诞节,1
念头,1
台湾,1
不断,9
清晰,11
清明,1
声优,1
传播,2
伴奏,5
tongxunlu,1
tanzhi,1
满意度,1
王者,2
不同,20
图库,2
退出,3
不会,6
找寻,5
账号,17
详尽,1
Hero,1
东西,8
皮肤,2
星巴克,1
400,7
玩游戏,10
跑酷,1
最靓,1
拼接,1
足球,1
已有,4
最靠,1
西柚,1
圈起来,1
套用,1
清新,15
几张,2
惯例,1
单机,1
创业,29
经历,6
帐号,14
宜兴,3
238057304,1
育儿,7
连麦,7
阿里巴巴,1
摇滚,1
汇集,7
相同,5
花费,3
分类,10
自觉,1
新知,2
使用者,1
说不定,1
青年,3
哪儿,4
time2plato,2
草原,1
烟友,2
纵览,1
坐拥,2
花千骨,1
小手,1
中秋节,1
解决方案,3
好感,5
购物,11
来回,1
首页,6
卖萌嘟,1
取得联系,1
费时间,1
烦恼,12
酒吧,6
关心,5
纸上谈兵,1
即时通讯,3
恐龙,1
自行,1
防止,1
Galaxy,2
集齐,1
lbs,1
好身材,3
服饰,5
熟悉,2
妙语连珠,1
国战,1
资料库,3
绘画,1
礼包,6
形成,1
舒适,1
度过,3
合租,1
一览,1
应用软件,2
创作,8
歌唱,1
企业,9
一触,2
模组,1
改名字,1
竟然,2
行程,3
善解人意,1
联合,1
耽美,1
老掉牙,1
到底,3
专题报道,1
以歌,2
不减,1
对待,2
满屏,1
许多,6
放送,1
不冷,1
职业联赛,1
不决,1
健康,4
优化,26
理想,3
不再,28
最酷,2
创造性,1
几大,1
中元节,1
概念设计,1
说明书,1
勇于,1
小时,16
返回,2
第一个,1
一身,1
不光,1
招财猫,2
答案,4
理性,1
360,4
统战,4
html5,1
惊叹,1
送别,1
米兰,2
崭新,1
maxtong,1
方向,1
身边,32
多重,2
1.5,2
九套,1
患上,1
绿色软件,1
录音棚,2
1.8,6
基本上,1
此类,1
排名,2
挖出,1
同行,1
用途,1
简短,1
没人能,2
内容简介,1
百项,1
遛狗,1
几分钟,2
自身,2
众多,9
弱音,1
榜前,1
传情,1
犀利,3
都市,15
不停,11
一边,2
重写,2
陆续,3
第一位,1
搞笑,9
照亮,1
荣获,4
迎娶,1
8000m,2
家居,7
优势,6
去掉,1
动态,61
心事,7
直观,2
冒个,1
附近,45
公正,2
娱乐圈,1
感动,4
全球,19
无意间,1
致力,2
Heart,3
包罗万象,2
接触,2
两张,1
易懂,1
岑西西,1
时为,1
心仪,11
Topit,1
时下,5
50,1
Nexus,2
落下,1
姿势,3
发现,61
时代,3
不卡,1
出自,3
孤独,6
爱之旅,2
环保,1
有木有,1
会员,11
热血传奇,1
Life,1
更好,7
把妹,1
心中,3
不华,1
贵子,1
感到,3
更多,1
嘻嘻,1
帮忙,1
非你莫属,1
支付宝,1
每位,3
命运,1
报告,1
鹿晗,2
CNBLUE,1
颜值,4
增长,1
娱乐,34
检测,1
上手,1
家庭,5
怎么样,1
冷艳,1
谈情说爱,2
传承,1
金币,4
以案,1
gif,2
十足,2
感受,8
采集,3
新版,4
经验交流,1
相册,14
神音,1
一起,67
落伍,1
时会,1
每个,18
智慧,1
添加,40
相关,7
娱乐社区,1
地牢,2
when,1
小窝,3
无所谓,1
美颜,10
共享,18
即发,2
高效,12
因此,1
lialiago,1
车载,1
时侯,1
认为,3
不到,8
车车,1
授权,1
外语,1
加盟店,1
一路,3
美食,14
融入,2
名人堂,1
妹泡,1
整体,3
comments,1
踢毽,1
Soulmate,1
melot,2
号码,1
运单,4
完美,8
YiBo,1
一般,1
全程,2
同城圈,1
艺术家,7
现在,10
7X24,1
抄经,1
搭理,1
摇摇,1
默默,2
吐息,1
cool,1
level,1
室内,3
意思,1
文件夹,1
quick,1
爱不释手,1
协议,2
全力以赴,1
转发,11
刘烨,1
过眼云烟,1
永不,5
520,1
521,1
电信,9
订约,1
保障,11
拼出来,1
家具,4
美音,2
双向,1
车联,1
提供,70
永久,3
立体,1
成立,2
挪威,1
flayvr,9
随机,8
燃眉之急,1
豪礼,3
万智牌,1
互怼,2
Visit,1
总动员,1
恋爱,30
原理,1
李宇春,1
毕生,1
被装,1
msn,1
核实,1
iphone,1
更团,1
需求,11
男萌妹,1
甜甜,3
中有,2
敬请期待,1
互动式,1
Push,1
艺宝,2
整个,3
玩过,2
常用,1
哪家,2
适合,10
合作伙伴,2
夜约,1
Terms,1
堆糖,2
83763333,1
澳门,1
相当,2
收件人,1
运势,1
玩转,3
提交,2
运动,4
酒店,1
城市,7
死神,1
不少,1
感恩节,1
音缘,1
CTWAP,1
积分,7
imadeface,1
嘴型,1
开创者,1
不必,1
脸型,1
迷上,1
灵魂,7
读数,1
conversations,1
不分性别,2
化妆品,10
竭诚,1
字符,1
TOPIT,2
来往,2
不得,1
倾听,5
教育,2
飞龙,1
重度,2
黏性,1
浪漫,10
触动,1
京东,2
疑惑,1
一股,1
UGC,1
商界,1
高校,7
防护,1
弊端,1
consultant,1
体系,11
配置,2
两性之间,1
动漫,21
柚柚,2
由于,2
发图片,2
谢谢您,1
100%,3
Tumblr,1
神马,1
Touch,1
1000,1
朴实,1
引导,1
社区,55
妈妈,6
肆意,1
版本号,1
约束,1
baihe,2
开放式,1
御龙,1
迷你,1
首选,4
同学聚会,1
证婚,1
装扮,9
柜台,1
医学,1
and,11
纪念日,1
招聘,2
any,2
狂躁,1
帮助,27
阴阳,1
靓女,4
脉库,1
霸气,1
中文,2
阅后,5
找到,77
全称,1
更名,1
第二种,1
icon,2
触发,1
精美图片,2
迟到,1
掌控,2
插件,4
没人要,1
几千条,1
431234509,1
彼此,11
交相,1
简约,3
地方,12
手机软件,2
剧组,1
专为,12
束缚,1
掌握,16
球球,1
热情奔放,1
征途,1
专业,28
精打细算,1
不如,3
随心所欲,1
试遍,1
重塑,1
屏幕,5
1V1,1
三五个,1
高清,11
数学家,2
时空,1
空降,1
产业链,1
飘逸,1
多项,2
新界面,1
视频聊,1
起来,20
先生,4
项目,9
专享,4
精彩表演,1
数额,1
更添,1
荣誉,3
会带,2
23,1
来夜,1
容易,4
推理,2
隶属,1
不多,1
达人,6
故事,21
影业,1
蓝牙,1
想不到,5
60,2
相对,1
64,1
爱豆,2
重复,3
50%,1
纠结,2
Bug,1
500,2
只须,1
产生共鸣,1
相容,1
串流,1
名企,1
达令,1
WAP,1
相守,1
核心,6
全网,6
融合,2
6S,2
失败,3
TagBasedTFIDF,1
凑手,8
iPod,1
更加,18
促销,1
潜力,2
饶有趣味,1
中国移动,2
带来,10
入驻,3
违反,1
检查,1
转园,1
html,2
口碑,2
你定,1
angelababy,1
解答,5
4008882211,1
战斗力,2
毛笔,2
傻傻,1
越受,1
概览,1
IT,4
IM,2
IN,1
靓发,1
It,3
奖杯,1
干货,2
新闻热点,1
触手可及,1
Loading,1
用本,1
总能,2
情缘,1
歌声,3
最新更新,1
铅笔,1
涂鸦,9
980,2
328450463,1
blog,1
软妹,2
圆角,1
超有,1
防晒,1
土鳖,1
来客,1
资料卡,1
深藏,1
便会,1
约战,2
网络小说,1
来定,1
yunmai,1
还有,18
桌面,5
受不鸟,1
使命,1
觉得,2
结伴,2
清楚,2
对唱,1
圣地,1
国漫,2
边聊,1
录音系统,1
legal,1
好帮手,1
逛街,4
键盘,1
复制,4
社团,1
尽享,1
on,5
ok,1
of,3
解码,1
奇闻,1
读懂,1
来访者,1
or,2
评测,1
青年节,1
陈翔,1
tencent,1
无穷无尽,1
空间,33
唱歌,23
结交,8
出行,1
症状,1
之言,1
邀约,3
气氛,1
找回,3
协调,1
小游戏,7
允许,2
限量,3
亲身,2
纹身,4
加强版,1
中意,2
yopper,2
罗列,1
一巴掌,1
端午节,1
模特,5
你好,1
EXIF,1
嘀浪,1
脱机,1
种草,3
网络电话,1
画技,1
扫雷,2
复原,1
马克杯,1
众包,1
gexing,3
歌好,1
pansidong,1
还是,21
出装,2
sushuang,1
图像,1
画手,1
需一人,1
标题,1
爷爷,1
公投,1
体积,1
最高,6
气泡,2
方式,37
情绪,5
wifi,14
便于,1
论坛,9
all,4
diss,1
感觉,6
靓丽,2
发收,1
情感,18
物语,1
养护,1
权利,1
小苹果,1
注意安全,2
抢先,1
以来,1
egame,1
接龙,1
GIF,2
音效,2
详细资料,1
好物,5
知名,6
往代,1
商户,3
MENU,1
人心,1
心声,6
迪士尼,2
橱窗,1
很少,2
货主,1
冷门,2
design,2
期刊,1
养成,1
追星,4
更佳,2
love.163,1
手册,1
0755,1
幕后,1
道歉,1
刷赞,1
手写,2
动画,6
背包客,2
更会,1
更优,1
定位系统,5
说明,9
之间,13
百货,1
官方论坛,1
小熊,1
allows,1
温柔,2
博物馆,1
犯难,1
暂时,1
同城俊,1
一目了然,3
Style,1
情怀,1
最萌,2
66262666,1
texts,1
掏出,1
Muzy,1
价值,3
FeiLiao,1
活跃,2
高玩,1
吉凶,1
杨洋,1
高性能,2
翼秀,1
密码锁,1
甚至,11
专区,6
说不出,1
rednovo,1
省钱,5
掌游宝,2
前提,1
谁家,1
解析,3
达到,2
驴友,3
再次,1
身高,1
好玩,23
5.0,1
理由,1
瑞丽,9
听听,2
长途,2
温暖,9
曾经,2
淘到,2
Desire,1
决定,4
痕迹,3
领取,3
符合要求,1
环境,11
人性化,3
跟上,1
过年,2
才华,2
工厂,1
偶尔,4
Linux,1
类前,1
关于,7
诚挚,1
LINE,1
电商,2
启发,3
新服,1
服装,2
style,1
书香,1
渠道,2
忘记,3
众人,3
忘词,1
人工,4
光棍,1
乘坐,1
面对,1
接入点,2
银行卡,2
创建,17
一页,1
文身,1
调制,1
叫好,1
出门,1
魔幻,1
接下来,1
管家,4
增益,1
一颗,1
黄金,1
同龄,1
搜寻,1
聊天记录,3
海外,4
充值卡,2
顺利,1
得秀,1
头衔,2
之音,1
完整,8
爆豆,1
活在,1
扩大,1
各路,5
引领,1
未向,1
资格,2
梦境,18
功与名,1
卡通,2
魔币,1
htc,3
工具,21
明码标价,2
存在,2
傻乐,1
千玺,2
能领,1
问好,1
飘过,1
五路,1
走开,1
便利,2
领先,4
启动,3
领养,1
动态平衡,1
侠客,2
很快,2
讨厌,2
奔腾,1
越多越,1
几个,3
手动,2
指引,1
信而要,1
赶走,1
走心,2
直到,1
手势,4
几万,1
囊中,1
情报,1
升级,19
特定,1
风向标,1
解救,2
手办,5
buff,1
骗过,1
编码,1
轻轻,1
清理,1
70,1
影像,1
猜拳,2
盖章,1
猎手,2
塔尖,1
拼爆,1
短暂,1
梦幻,4
魔声,1
寻欢,1
全是,1
聊聊,2
饮食,1
设定,8
连在一起,1
带给,1
发愁,1
提升,12
类型,4
保护视力,1
nidong,2
何时,2
汇聚,7
造就,1
试衣,2
门户网站,1
时时刻刻,1
追梦,1
时尚,25
部落,14
are,1
2.3,2
2.2,1
2.1,2
2.0,2
选项,2
Cubie,2
淘在,3
状态栏,1
标题栏,1
电台,5
绝无,1
立即,4
终于,2
实用功能,1
买家,3
可以,271
奇迹,1
0592,1
树下,1
确立,1
中等,1
模样,2
时段,1
涂鸦板,1
成本,2
皮鞭,1
对于,7
之选,3
全有,1
pk,7
刘海,1
好看,2
铁杆,1
飞聊,6
OOXX,7
敲门,2
商机,2
吃货,2
随时随地,62
除非,1
紧密,2
handcent,1
让你在,7
摄影师,3
很多,12
御姐萝莉,1
空车,1
时差,1
帖子,2
保证,6
立刻,4
性别,4
小贴士,1
叫座,1
结合,8
完成,8
看个够,1
只能,2
出大,1
部件,1
央视,3
领域,3
追捧,2
两大类,2
到位,2
气盛,1
着急,1
清爽,2
v2ex,1
帮会,1
烧烤,1
发挥,3
questions,1
心底,2
晒晒,3
信等,1
宣言,2
残忍,1
奥秘,2
验明正身,1
解惑,2
2.13,1
聚集,6
unlimited,1
录音,5
延伸,1
盛况,1
口技,1
立减,1
身在,1
服务性,1
输入您,1
提出,6
彩色,1
过多,1
每张,1
2820772653,1
做好,1
3.2,1
3.0,2
社交,103
Email,1
战绩,4
交友平台,7
发掘,2
账户,7
pros,1
陪你玩,2
轻言,1
宣誓,1
设备,17
华东地区,1
不断更新,1
离线,4
陈慧琳,1
钱包,2
托运,1
一秒,2
kurooke,1
画笔,1
捕捉,3
爆表,1
巅峰,1
平行,3
56613211,1
数千,1
+++,4
家人,14
心得,5
表情丰富,1
麦子,1
社会,2
吹牛,2
随到,1
伙伴,7
资深,2
两个,2
https,1
人士,2
美衣,2
促进,2
单独,3
旧版本,1
新手,5
活动,59
检索,1
鼓舞,1
输入框,2
历程,2
表情符号,3
全新,42
动物,1
MileStone2,1
生动有趣,1
特征,1
绑定,3
反馈,15
交流,31
kktv5,1
尴尬,6
听到,6
nice,5
家乡,1
仰望,1
xiaomi,1
谢娜,1
找个,3
两人,2
影响,4
有没有,3
试试,1
挑战,2
超级,19
咬一口,1
倾情,2
实用性,1
黄钻,2
温情,1
统统,2
删除,7
为什么,1
权威,5
必将,1
不同于,2
010,1
任性,3
目不暇接,1
咨询,5
划算,1
模拟城市,1
电影,7
歌达人,3
成功率,4
相亲,27
升温,1
高端,1
什么游戏,1
功能强大,3
酒会,1
MYOTee,2
立志,1
相互,7
时候,18
斗兽,1
防火,1
Build20120320,1
挑战者,1
单身贵族,1
访问,5
哈哈,1
享受,12
齐全,1
闷骚,1
咬了一口,1
永远,3
画画,1
你们,16
Moments,2
分析,5
集团公司,1
app,13
相信,4
梦寐以求,2
困难重重,1
use,1
from,2
养殖,4
超火,2
宠友,1
地点,4
见到,1
任意,5
MindStore,2
房产证,1
追美剧,2
清纯,2
投缘,2
答疑,2
软件,67
交换,3
将生,1
傲娇,1
竞技,3
Party,1
知己,4
知已,1
Messanger,1
僵尸,2
结婚证,1
一体化,1
搞怪,4
测算,1
睡眠,3
KTV,8
专家,5
收回,1
相似,2
相伴,2
超炫,2
大头贴,1
分来,1
嘿市,1
用轻,1
特别,6
说法,1
来信,2
如下,1
融洽,1
135,2
媲美,1
值得,3
心动,4
师父,1
切换,17
情歌,1
黑白,7
问候,1
期盼,2
以画,1
商标,2
赚取,2
时刻,10
模板,2
迭代,1
变音,1
能量,2
新潮,3
滚动式,1
绝比,1
榜单,1
Next,1
如云,1
80,6
86,1
远程,4
卡顿,1
out,2
说说话,1
王俊凯,2
huatian,1
漫长,1
或者,11
多功能,2
最近,4
大姨妈,3
不知所措,1
一部,4
横空出世,1
签名,6
追求,4
相投,6
304140791,1
震动,1
海淘原,1
野蛮,1
好礼,2
289133373,1
特区,1
整屋,1
天知地知,1
不仅,7
mimsgapp,1
新游,1
尖叫,1
足浴,3
特化,1
国际化,2
地狗,1
量身定做,2
顶级,1
私聊,4
如何,6
怀孕,2
逐步完善,1
花钱,2
惊人,3
KK,5
不二,2
人品,1
超爽,1
搜刮,1
刚才,1
1.6,8
1.0,3
1.1,2
1.2,2
1.3,2
学霸,1
潮流,12
主题曲,1
公益,1
1.9,2
由心,1
挖空心思,1
心理医生,5
已经,10
评秒,2
承诺,1
坏男孩,1
我爱你,1
杰出,1
公共场所,2
知心,1
洗头,1
小站,1
面对面,5
传统,5
承载,1
台球,1
为所欲为,1
经典,10
结婚,4
面前,4
软件站,2
High,1
避免,1
人员,1
屌丝,5
休闲,3
沟通,36
买单,2
运营,1
电子,3
拉上,1
哪个,2
共唱,1
上传下载,1
过去,1
高级,3
首先,2
翻看,1
投稿,1
送主播,1
99%,1
words,1
舒服,1
报价,1
衔接,1
GPS,2
qq,2
印刷,1
女声,1
必不可少,3
女士,2
比拼,1
给予,1
卖萌,1
标识,1
心与心,1
凭借,2
宝贵,2
哪些,1
谷歌,1
kefu,1
空虚,2
之香,1
只要,13
咨询师,1
手工,7
女人,2
签到,3
约炮,1
标记,3
板块,1
讨小,1
创新奖,2
交易,8
诞生,2
必备,20
人加,1
海贼王,1
期待,1
小米,2
共同,5
3106065280,1
档案,4
消费者,1
默认,1
偶像,8
竞是,1
小圈子,1
寻找,12
FREE,1
构架,1
免费送,1
读物,1
一面,1
嘉宾,1
介绍,20
洋气,1
制约,1
地理,1
展在,1
内部,1
焦头烂额,1
神贴,2
易于,3
某些,2
刺激,5
簇人,1
fighting,2
就加,1
数万,1
踪迹,1
整套,1
启心,2
清秀,1
buluo,1
挺好玩,1
手游宝,1
前沿,1
招呼,3
个信,1
四种,1
标志性,1
专属,27
全民,13
百姓,1
商汤,1
解梦,5
美腻,1
面基,1
顺序,2
晋升,1
配比,1
闪光,1
小编,4
梦后,1
钻石,1
第一名,4
because,2
钓鱼,10
植物,2
tumblr,1
114,1
安装,14
118,1
人脸识别,1
友谊,2
文艺,7
追随者,1
脱颖而出,1
先来,1
周笔畅,1
防盗,1
武艺,1
金瑞奖,1
图像处理,1
土豆,1
小巧,1
双人,2
各自,1
开拓,1
隐藏,5
多元化,2
土豪,7
体检,1
数字,3
新体验,4
投票,4
搞懂,2
Ami,7
美考,1
一键,42
奔跑,1
秀色,6
特别感谢,1
落地,1
个人,15
地盘,1
语音输入,1
NASDAQ,1
方便,23
资料,13
站外,1
玩物丧志,1
证书,1
禁用,3
画风,1
直邮,1
宿舍,2
悬命,1
奇葩,2
污污,1
简洁,8
美股,1
多维度,1
美肤,1
茶餐厅,1
勋章,1
地址,4
银两,2
制片人,1
方位,1
数据库,5
接送,1
股份制,1
other,1
手店,1
997707997,1
桃花,1
Banner,1
宝贵意见,6
台前幕后,1
互相,3
偶到,1
斗地主,1
志同道合者,3
女孩,2
邻里关系,2
证件,2
斗图,1
馈赠,1
模拟,3
