yaya,com.datacloud.wetopic,xiaomi
钻石派对,com.diamonds.party,xiaomi
易信,im.yixin,qq xiaomi
文密,com.aiyatech.yoyo,xiaomi
链语,com.kings.ptchat,xiaomi
小树林date,com.lmf.grovedate,xiaomi
MdVee,me.akey.akeychat.mdvee,xiaomi
乐无,com.dsj.leve,xiaomi
临讯,cn.v1.im,xiaomi
Spot,com.getremark.spot,xiaomi
链语社交软件,cn.btchat,xiaomi
蜜信,com.hkj.chaoview,xiaomi
AKeyChat Pro,me.akey.akeychat.pro,xiaomi
由由互联,com.chengyue.youyou,xiaomi
SUGAR苏格,club.sugar5.app,xiaomi
小窝,com.xiangli.cunxin,xiaomi
咘咘,com.sz.bubu,xiaomi
咔嚓 - 阅后即焚私密自拍聊天交友,com.himissing.poppy,appchina
WorldTalk,com.zerophil.worldtalk,xiaomi
橙聊,com.chat555.app,xiaomi
面具公园,com.maskpark,xiaomi
潮信,im.chaoxin,appchina qq xiaomi
灵魂面具,com.dreamtd.strangerchat,xiaomi
HotFace,com.hotface.star,xiaomi
富聊,com.esky.echat,appchina
BAT,com.sisisan.batmessage,xiaomi
