酷狗语音,com.kugou.android.kuqunapp,xiaomi
夜来聊-附近漂流瓶,com.flqy.nightchat,xiaomi
坏男孩,com.mei.melkor,appchina xiaomi
微兼职,com.fj.wjz,appchina
同同,tt.android,appchina
犀利电竞-约大神,com.demaxiya.gamingcommunity,xiaomi
EXO粉丝团,com.appbyme.app4405,appchina
约会吧,com.youyuan.yhb,appchina qq xiaomi
青春,com.aijubao.youth,xiaomi
有茶有器,com.mldlm.ycyq,xiaomi
内涵社,com.neihanshe.intention,appchina
魅技,com.yuemei.client,xiaomi
出格,com.aishi.breakpattern,xiaomi
树云生活,cn.htshuyun.sysh,xiaomi
亲合,com.wuxin.affine,xiaomi
赏玩,com.xytx.payplay,xiaomi
想恋爱,cn.xianglianai,appchina qq
靠谱e家,com.kp5000.Main,xiaomi
yaya,com.datacloud.wetopic,xiaomi
海狸娱乐,com.yunva.yaya,appchina
帮您解忧,com.appwill.reddit.needadvicecn,appchina
友乎,com.bookuandriod.booktime,xiaomi
JOIN,com.guduzhengjiu.join,xiaomi
默往,com.mostone.life,xiaomi
橙瓜,com.chenggua,xiaomi
工帝宝,gongdibao.android.gdb,xiaomi
小秘,com.holly.android.holly.uc,xiaomi
友信,com.youx.android,appchina
乌鸦,de.wuya,appchina
济企通,cn.jnzxq,xiaomi
骞骞Visgram,com.hsgh.schoolsns,xiaomi
儿行千里,com.erxingqianli.ErXingQianLi,xiaomi
微密,com.weimi,appchina
SelfieCheckr,com.nosapps.android.selfiecheckr,xiaomi
搜鸽天下,com.sougetx.souge,xiaomi
哈罗摩托,com.jdd.motorfans,xiaomi
鬼韵,com.battle.me.pentakill,xiaomi
我是谜,com.wzf.fan,xiaomi
字母圈-少数派乐趣,com.scytbb.bdsm,xiaomi
SNSGallery,com.snsgallery,appchina
建融慧家,com.ccb.scchome,xiaomi
婚宴酒店大全,com.daoxila.android.hoteldaquan,xiaomi
刻桌-校园匿名新鲜事,com.julytea.gossip,appchina
微信聊天泡泡,com.ywqc.bubble,appchina
不二律师法律咨询,com.lvlvlaw.lvlv2,xiaomi
捞月狗,com.laoyuegou.android,qq xiaomi
剧本杀官方,com.sdbean.scriptkill,xiaomi
Fancy,com.thefancy.app,appchina
姜葱蒜,com.zx.jcs,xiaomi
郎溪圈,cn.langxiquan,xiaomi
手机高手,lexun.sjgs,appchina
广东天翼,com.gdctl0000,qq qq
渥谱,com.brandhome.mobile,xiaomi
Dost,com.appbyme.app164026,xiaomi
亲戚圈,com.jiapu.qinqi,appchina
华夏收藏网,com.handcool.laoguhui,appchina
共为在这儿,com.gong_wei,xiaomi
果冻橡皮章-刻章子神器,la.guodong.orange,appchina
附近秒约,com.huizheng.ffjmy,qq qq
唇印,com.flying.egg2,xiaomi
一遇-高端交友软件,com.onemeet.android,xiaomi
YOHO!E潮流,cn.yoho.evogue.activity,appchina
游人帮,cn.yourenbang,xiaomi
嗨皮皮,com.draw.huapipi,appchina
铃铛宠物,com.goumin.forum,appchina xiaomi
小黑盒,com.max.xiaoheihe,xiaomi
女孩秀,cn.intimes.nvhaixiu,appchina
酷狗KTV,com.kugou.kugouktv,xiaomi
凡乐,com.fanle.fl,xiaomi
微邦,com.youth.weibang,xiaomi
结伴者,com.jiebanzhe.hi,xiaomi
米米包,shaozikeji.mimibao,xiaomi
宜不了,com.yibuliao.forum,xiaomi
Weico新浪微博客户端,com.weico.sinaweibo,appchina
钻石派对,com.diamonds.party,xiaomi
口袋·少女时代,com.yinyuetai.fangarden.girls,appchina
姑苏网,com.glavesoft.gusuwang.main,xiaomi
Pick图片社交,jp.naver.pick,appchina
兰花交易网,com.hmlan.android,xiaomi
村里,com.zhanyaa.cunli,xiaomi
欧亿婚恋,com.ouyi,xiaomi
占卜算命,oms.mmc.fortunetelling.loverspair.ziweihehun,appchina
橘子情感,com.orangeemotion.app,xiaomi
成才手语,com.sjin.sign.demo,xiaomi
抱抱圈,com.aten.bbsocialization,xiaomi
陌聊社交软件,com.leetek.mochat,xiaomi
贝壳福利,com.honey.community,xiaomi
中银E校园,com.bocop.ecampus,xiaomi
师兄帮帮忙-有困难找师兄,com.sxbbm.mobile,appchina
编织人生论坛,com.appbyme.app71974,appchina xiaomi
有说,cn.com.rayton.youshuo,xiaomi
酷友社区（公测版）,com.yulong.android.coolyou,qq
浅爱聊天交友软件,com.lianmai.qianai,xiaomi
黑猫-精准定位,com.perfay.blackcat.ui,appchina
前方高能,com.tongmoe.sq,xiaomi
8684广场,com.chinabus.square2,appchina
路人,com.luren.android,appchina
表情in,com.kaiqi.snapemoji,xiaomi
爸妈在哪儿,com.coomix.app.familysms,appchina
热爱,net.caiyixiu.android,xiaomi
Soda苏打,cn.com.soulink.soda,xiaomi
星联传媒,com.guangmo.xinglian,xiaomi
退休了约吧,com.jinpei.ci101,xiaomi
点伙,com.whyouzhe.team,xiaomi
湖南卫视呼啦,cn.whonow.whonow,appchina
挚恋免费相亲交友,com.zhilianapp,xiaomi
机友精灵,com.boly.jyelves,qq qq
哔咻,com.zdream.community,xiaomi
MIUI论坛,com.miui.miuibbs,appchina xiaomi
对面觅友,com.blackbean.duimianjiaoyou,appchina
云信通,com.pzdf.qihua,xiaomi
闲时赚钱,com.youhong.freetime,xiaomi
墨色古风联盟,com.mose.community,xiaomi
焦作吧,com.jiaozuoba.app,xiaomi
易信,im.yixin,qq xiaomi
掌上即墨,com.zhangshangjimo.forum,xiaomi
1024直播,com.yilingersi.ui,xiaomi
推赞,com.lede.new27s,xiaomi
樱桃同性恋交友,com.lovetongren.android,appchina
飞行棋—寻找喜欢玩飞行棋的朋友！,com.ifudi.coushou.view.a9,appchina
应用多开助手,com.huihui.multopen,appchina
爱城找对象交友,com.aicheng2199,appchina
缘助连信约会交友,com.fb14.yuanzhu,xiaomi
Share,com.hengye.share,xiaomi
南美水族,com.appbyme.app276228,xiaomi
嘭嘭婚恋,com.pploved.pengpeng,xiaomi
OMG俱乐部,com.famulei.omg,xiaomi
文密,com.aiyatech.yoyo,xiaomi
达答,com.medialab.quizup,appchina
相亲交友同城约会-百合网见见,com.baihe.meet,appchina
缘分婚恋-女生版,com.yuanfenhunlian.main,appchina
堆糖,com.duitang.main,appchina
黑白校园,com.heibai.campus,appchina
欣智家2018,com.hjt.xzj2018,xiaomi
斗图表情,com.dangao.face,appchina
化海川流,com.example.oceanpowerchemical,xiaomi
17SNK台球,com.snooker.activity,appchina
A聊,com.net.aliao.redirect.ResolverD.interface4,xiaomi
附近秒见,com.online.myceshidemo,xiaomi
AceGear,com.acegear.www.acegearneo,xiaomi
北海百事通,com.bhbest.forum,xiaomi
陌爱-交友聊天约会,com.xiagyxx.fireman,xiaomi
Mo十,com.yole.moplus201805,xiaomi
爱道州,com.dxlwn.idaozhou,xiaomi
在线钟祥,com.zaixianzhongxiang.forum,xiaomi
组队玩儿,com.samsung.groupcast,appchina
名片识别,com.identify.business.king,xiaomi
有间杂货店,com.vocinno.griefstore,appchina
嘿秀,com.remair.heixiu,appchina
酣恋,com.hangolove.app,xiaomi
竞趴电竞,com.jingxiang.srr,xiaomi
小V咖,com.veeca.ted.v,xiaomi
上网助手,com.dianxinos.toolbox.netflowmgr,appchina
图吧-手机看图神器,com.itubar.tubar,appchina
找对象,cn.shuangshuangfei,appchina qq
陌聊,com.leu.moliao,appchina
小红书,com.xingin.xhs,xiaomi
罗定E天空,net.duohuo.magapp.LD0766e,xiaomi
Air Translator,com.newairtranslator,xiaomi
搜狗号码通,com.sg.sledog,qq qq xiaomi
小亲生活,com.xinliandui.xiaoqin,xiaomi
匹诺曹通话录音,com.cungu.callrecorder.ui,qq qq xiaomi
BotherMe&amp;U,com.nosapps.android.bothermenotes,xiaomi
分身多开-虚拟定位,com.sheep2.dkfs,xiaomi
科界,io.dcloud.scimalla,xiaomi
YOLO,com.yzhchain.yolo,xiaomi
附近探探交友,com.mmjy.momojiaoyou,xiaomi
化纤圈,com.zxw.zxwhx,xiaomi
一起塑造,com.suzao.personal,xiaomi
Peach陪趣,com.peach.app,xiaomi
Instructables创意分享,com.adsk.instructables,appchina
石榴,com.pomegranate.mm,xiaomi
软件数据线,com.lyy.softdatacable,appchina
大足生活通,com.dazushenghuotong.forum,xiaomi
我联系,cn.xt.wlx,xiaomi
穿吧-真人搭配秀,com.ruci.chuanba,appchina
超级名片,com.iein.supercard,appchina
律律律师端,com.lvlvlaw.pro,xiaomi
人生成就,com.hxcsreact,xiaomi
聊客直播,com.baitu.liaoke,xiaomi
偶遇,com.ooyy.ouyu,xiaomi
表情包制作,com.coolapps.doutu,xiaomi
梁平万事通,com.liangpingwanshitong.forum,xiaomi
陌玩,com.yixiang.game.yuewan,xiaomi
语趴,com.meitu.yupa,xiaomi
互联网产业园,com.everhomes.android.gdwy,xiaomi
蜘蛛电竞,com.zzdj.esports.android,xiaomi
Linda,com.wecome.example,xiaomi
同若,com.tongruo.scq,xiaomi
有情趣-两性交友吧,com.luhu.eshop,qq
小天才,com.xtc.watch,qq xiaomi
擦肩,com.youxi.chat,xiaomi
链语,com.kings.ptchat,xiaomi
光企云,com.everhomes.android.gdwg,xiaomi
公司之家,com.gongsizhijia.www,xiaomi
Hello Pal跟老外聊天学外语,com.hellopal.android,appchina
神秘巨星,com.wayou.juju,xiaomi
知乎,com.zhihu.android,appchina xiaomi
电话万能钥匙,com.imcaller,qq
人气直播,com.guojiang.meitu.boys,xiaomi
灵狗优优,com.lingouu.technology,xiaomi
谷歌社交网络,com.google.android.apps.updates.widget,appchina
巫溪网,com.appbyme.app70702,xiaomi
双人定位,com.mysoftware.mutuallocation,appchina
火信,com.huochat.im,xiaomi
青阳同城,com.chance.qingyangtongcheng,xiaomi
博客管理工具,org.wordpress.android,appchina
团队宝,com.anze.android.xdoolii,xiaomi
在艺,com.zaiart.yi,xiaomi
云智校,com.finerit.campus,xiaomi
想你,com.minus.lovershouse,appchina
方圆间,com.estt.ckg,xiaomi
善缘道场,com.syw.dojo,xiaomi
光山微生活,net.duohuo.magapp.gswsh,xiaomi
明星汇,com.mxhapp,appchina
同城热恋,com.qinmi.date,xiaomi
碰星,com.yancheng.pengxing,xiaomi
探索世界,com.appbyme.app4579,appchina
微信炫字体,com.ywqc.xuan,appchina
是我!,im.civo.client,appchina
时茪,com.haswallow.im,xiaomi
K信,com.jrsoft.ymmmanager,xiaomi
棒直播,com.melot.game,appchina
花一派,net.huayipai,xiaomi
聊啪私密交友,com.jt.liaop,appchina
塑料圈,com.myplas.q,xiaomi
Blued,com.soft.blued,appchina qq xiaomi
爱蓝鲸,com.ilanjing.forum,xiaomi
智行车,com.zxc.zxcnet,xiaomi
Petaco可爱记事本,jp.co.kakao.petaco,appchina
云瞳亲友,com.wh.assistant.rebuildeyes,xiaomi
新译翻译耳机,com.sket.tranheadset,xiaomi
果冻社区,com.ciapc.gd,appchina
问聊,com.wenliao.keji,xiaomi
黑黑,com.sixjoy.cymini,xiaomi
快手小游戏,com.kwai.sogame,xiaomi
创梦客,cn.cmke.shell.cmke,appchina
情脉脉momo,com.tm.qingmomo,xiaomi
Double双双,com.zxun.diandian,xiaomi
老哥服务站,net.laogefuwuzhan,xiaomi
缘聊,com.mengshi.dnicall,xiaomi
概率论,cn.gailvlun.gll,xiaomi
可访,com.mjb.kefang,xiaomi
好多动漫图片,com.east2d.everyimage,appchina
知业房产社区,com.xx.hxy,xiaomi
梦匣子,com.mengxiazi.mxzApp,xiaomi
出去玩,com.zhinuokang.hangout,xiaomi
郑州在线,com.appbyme.app176132,xiaomi
同城陌陌交友,com.zhenaikj.yoyzh,xiaomi
广州妈妈网,com.gzmama.activity,xiaomi
微聚-交友约会神器,com.weiju,appchina
佛学院,com.nd.app.factory.ap1541125881262,xiaomi
表情mm,com.siyanhui.emojimm,appchina
际客,com.gcall.sns,xiaomi
新漂流瓶,com.yilahuo.driftbottle,appchina xiaomi
微信语音表情,com.ywqc.showsound,appchina
中银全球撮合,com.boc.gmsa,xiaomi
百度 Hi,com.baidu.hi,xiaomi
友音阅谱,com.suishenyun.youyin,xiaomi
莱信,com.netcent,xiaomi
快爱同城约会,com.kuailianai.main,appchina qq
海岸馨服务,com.everhomes.android.haian.park,xiaomi
林鹿-聊天交新朋友,com.linlu.com,xiaomi
洋葱圈 - 体育社区,com.sponia.ycq,appchina
万象空间,com.jdd.android.VientianeSpace,xiaomi
千问问答,com.balatoo.client,xiaomi
手机变声器,com.hi.voicechanger,xiaomi
全民股神,com.tradehero.th,appchina
世纪佳缘,com.jiayuan,appchina qq xiaomi
狗狗汪星人-宠物论坛,com.apporig.petdog,appchina
凝梦,com.ningmeng.dream,xiaomi
相同,com.xiangtong,xiaomi
《全球使命》掌上应用,com.zygames.m.android.qqsm,appchina
宠物约会,com.honorwater.petdating,appchina
搭伴玩-约吗旅行去,com.dbw.travel.ui,appchina
飘飘,com.piaomsg,appchina
蜜聊情缘,com.lcsy.xianliao_android,xiaomi
叽友,com.weme.im,appchina
PI贴身口译员,com.jiguangda.Interpreter,appchina
豆瓣线上活动,com.douban.online,appchina
海安零距离,com.appbyme.app20757,xiaomi
犬易,com.by.aidog,xiaomi
虚拟恋人,cn.dylovemm.csyh,qq xiaomi
乐享管家,com.benben.guanjia,xiaomi
智能家居,com.yuantuo.ihome,appchina
QQ HD,com.tencent.minihd.qq,qq xiaomi
爱唱,cn.banshenggua.aichang,appchina
校园邦,com.rrenshuo.app,xiaomi
文玩世家,com.wwh.wenwan,xiaomi
小树林date,com.lmf.grovedate,xiaomi
百度知道,com.baidu.iknow,xiaomi
高颜值,com.beicai.topface,xiaomi
雕虫网,com.lanhui.tamas.diaochong,xiaomi
马克巴,com.mar.ui,xiaomi
来电通最新版,com.blovestorm,qq qq
电子邮件客户端,com.kaitenmail,appchina
LINE自拍贴图,com.linecorp.lineselfie.android,appchina
赚圈儿,com.xianfuns.makering,xiaomi
画吧,com.haowan.huabar,appchina
真人咨询,com.dkrs.mmpb,xiaomi
LAVA,com.auvchat.lava,xiaomi
见识社群,com.jianshi.social,xiaomi
论酒,com.stg.rouge.activity,xiaomi
积木,com.mqq.ssby.unclenoabout,xiaomi
币车,com.yantan.hitbus,xiaomi
Hello语音,com.yy.huanju,appchina qq xiaomi
酷米客GPS定位系统(实时定位追踪和足迹回放),com.coomix,appchina
开源中国,net.oschina.app,appchina
饭圈,com.fansunion.fanquanapp,xiaomi
汇智e站,com.wiseonline.huizhi,xiaomi
语音导出,com.playwfd.wxvexporter,appchina
就学,com.jg.club,xiaomi
久聊语音聊天交友,com.adzshd.jiuliao,xiaomi
BrockHome-布鲁克家园论坛,ca.brockhome.brockhome,xiaomi
超级人脉,com.soujoin.supermai,xiaomi
17钓鱼,com.appbyme.app48768,xiaomi
漂流瓶,com.globalapp.floatingbottle,appchina
与家人分享照片，是最幸福的事！,com.wu.family,appchina
PUSH,cn.longboard.android,xiaomi
神交-聊天交友约会,com.hepai.hepaiminding,xiaomi
陌生人的约会,com.hades.www.msr,xiaomi
乐鱼派,com.zlycare.docchat.c,qq
全球智聘,com.zoeker.pinba,xiaomi
申边,com.biu.side.android,xiaomi
附近陌陌约,com.xinqiu.zushou,xiaomi
崇阳热线,com.cyrx.forum,xiaomi
ii语音,com.zuimeiqidai.ii.android,xiaomi
职音宝,com.xacx.dqjob,xiaomi
MM星球-聊天软件,com.flqy.mmstar,xiaomi
星梦,com.chinaidol.ui,appchina
水产通,com.shuichantong,xiaomi
会玩,com.wepie.weplay,xiaomi
一块跑,com.ykp.runtogether,xiaomi
银河Excavate,com.xwjj.wabang,xiaomi
脸盆网,com.facebolw.sociax.android,appchina
Soul,cn.soulapp.android,appchina qq xiaomi
嗨浏阳,com.liuyang.app,xiaomi
随缘漂流瓶,com.sy.bottle,xiaomi
快聊,com.jiubang.app,appchina
易安饭,cn.opmedia.yianfan,xiaomi
聚友网,com.myspace.android,appchina
nice,com.nice.main,appchina xiaomi
法援宝,com.p1223271177.idq,xiaomi
ii同城,com.zuimeiqidai.android.dahan,xiaomi
长兴岛生活网,net.duohuo.magapp.cxdshw,xiaomi
快猫视频,com.luhu.livepiaoliuping,xiaomi
牙牙关注,com.attention.app,appchina xiaomi
GO聊,com.jb.gosms.goim,appchina
小邂逅,com.kding.ntmu,xiaomi
德克云学堂,com.school.decoclouds,xiaomi
MBA俱乐部,cn.mbaclub,xiaomi
Fuubo微博,me.imid.fuubo,appchina
新青年,com.xqn.nzp,xiaomi
ME,com.yy.ourtimes,xiaomi
小时光,com.yifangmeng.app.xiaoshiguang,xiaomi
西贤社,com.xixianshe.shiye,xiaomi
天天狼人杀,com.sdbean.werewolf,qq xiaomi
水木社区,net.newsmth,xiaomi
朵朵兔,com.dodotu.android,xiaomi
BB群呼,com.liansheng.bbqunhu,appchina
口袋·Super,com.yinyuetai.fangarden.suju,appchina
易约会-漂流瓶聊天,com.xiaofenyu.easydate,xiaomi
印象,cn.poco.interphoto2,xiaomi
种好地,com.zhonghaodi.goodfarming,xiaomi
Steam,com.valvesoftware.android.steam.community,appchina
酷狗直播,com.kugou.fanxing,appchina
伴伴,com.imbb.banban.android,xiaomi
同城交友附近约,com.yyoai.fujoua,xiaomi
语玩-同城交友约会聊天室,cn.longmaster.pengpeng,appchina qq
上蔡零距离,net.duohuo.magapp.scljl,xiaomi
聚会玩-谁是卧底，杀人游戏，真心话大冒险集合,com.tengchong.juhuiwan,appchina
盒子直播,com.hezilive.mobilelive,xiaomi
磨房.活动.约伴,net.doyouhike.app.event,appchina
点金台,com.djt.djt,xiaomi
京交会,com.systoon.jingjiaohuitoon,xiaomi
筏钓江湖,com.android.niudiao.client,xiaomi
爱约会-聊天交友,club.quliaoer.shichang,xiaomi
财吧,com.rdweiba.caiba,appchina
贵觅,com.dingceng.guimi,xiaomi
奇妙植物,com.pikaurd.succulentgarden,xiaomi
同学闹钟,me.dtclock,appchina
Technology master,com.wTechnologymaster_8516147,xiaomi
医者无界,com.pier88health.app,xiaomi
Google Play 游戏,com.google.android.play.games,qq
心理测试,cn.xrong.mobile.test,appchina
懒人相亲,com.youyuan.lrxq,qq
Paperi,cn.paperi,xiaomi
有传,wqsdsc.com,xiaomi
本地陌约,com.tcqzyw.bdya,xiaomi
微话,com.weihua.superphone,qq
普宁论坛,com.pnwww.forum,xiaomi
Sound waves,com.liluls,xiaomi
玫瑰约会-聊天交友,com.rosedate.siye,xiaomi
E家校,com.fssz.jxtcloud,xiaomi
同城陌爱-相亲约会,com.yingyu.huameng,xiaomi
恋爱话术,com.example.rain.girlprject,xiaomi
一面,com.yimian.app,xiaomi
爱多多交友,com.yiyue.aiduoduo,xiaomi
怀柔通,com.systoon.beijinghuairoutoon,xiaomi
新零售链,com.www141cn.moneng,xiaomi
CP狐,com.zhadanyu.cpfox,xiaomi
奥豆,com.edaocha.aodou.android,xiaomi
趣味测试,App.Package,appchina
斗图,com.gl.doutu,xiaomi
找大叔,com.goodnewsapp.zhaodashu,appchina
私讯,com.zwltech.chat,xiaomi
上海最关心,com.liba.attention.shanghai,appchina
漂流瓶,com.hbans.mska,xiaomi
Tinder up,com.weilailvzhou.tinderup,xiaomi
黑头羊星球,com.heitouyang.DPlanet,xiaomi
一伴婚恋相亲,com.yiban1314.yiban,appchina xiaomi
口袋·C.N.Blue,com.yinyuetai.fangarden.blue,appchina
北京通,com.systoon.beijingtoon,xiaomi
阅同城,com.ikongji.cocity.android,xiaomi
车务匠,com.xunku.trafficartisan,xiaomi
守望先锋掌游宝,com.anzogame.ow,appchina
尤蜜交友聊天,com.youmiquan.app,xiaomi
猪易通,com.lty.zhuyitong,xiaomi
InLikes,com.inlikes.app,xiaomi
映客直播,com.meelive.ingkee,appchina
微语,com.umeitime.sujian,xiaomi
悦家,com.crlandpm.joylife,xiaomi
YY交友,com.duowan.yylove,qq qq
灵璧论坛,com.lingbiluntan.forum,xiaomi
善友筹,com.pocketkobo.bodhisattva,xiaomi
神木365,app.shenmu365.com,xiaomi
即约,com.jiyue.hackbuteer,xiaomi
麻油,com.aoetech.aoelailiao,xiaomi
蓝信,com.unicom.gudong.client,qq qq
律律律师法律咨询,com.lvlvlaw,xiaomi
趣圈,ibuger.afeidianpuxiaoshou,xiaomi
遇你婚恋相亲交友,com.yuniwang.yuni,xiaomi
泸州那点事,com.luzhounadianshi.forum,xiaomi
友钢部落,com.jwell56.USteel,xiaomi
掌嗨,cn.handhi.im,xiaomi
叮咚换宝,com.aifeng.dingdongcustomer,xiaomi
泡泡交友,com.blackbean.paopao,xiaomi
移动公证,com.appsino.bingluo.fycz,xiaomi
兵盟,com.bm.com,xiaomi
摇一摇交友,com.blackbean.dmshake,xiaomi
撒噗,tv.everest.codein,xiaomi
神马浏览器,jp.co.fenrir.android.sleipnir_test,appchina
私密圈,com.duowan.privacycircle,appchina
微来婚恋,com.wealike.frame,appchina
CiCi,com.ldjoy.cici,xiaomi
圈圈,com.baitian.projectA.qq,appchina
电白人论坛,com.dianbairenluntan.forum,xiaomi
网家家,com.cnlive.strike,xiaomi
拒宅-找伴出去玩,com.juzhai.android,appchina
新微创源,com.everhomes.android.xinwei.innospring,xiaomi
结伴游,com.jbytrip.main,appchina
信用魔镜,com.xinyongmojing.cx,xiaomi
乡音,org.chinadialects.main,xiaomi
多朋兴趣社交,com.xlhtol,appchina
朋联网,com.titrol.penglian,xiaomi
聊得来,com.meetqs.qingchat,xiaomi
优酷拍客,com.youku.paike,appchina
我要打羽毛球,com.ibadminton,appchina
陌语约聊,com.jm.tcyl,xiaomi
时光流影,cn.timeface,xiaomi
探约探爱-同城交友,com.jieyuanppp.tanyuetanaixy,xiaomi
觅爱语音,com.chatroom.miaiyy,xiaomi
迷鹿,com.reading.gaoneng,xiaomi
YOUMORE,cn.shaunwill.umemore,xiaomi
邻云,cn.cloud.ly.lcloud,xiaomi
香肠树,com.mchsdk.teamproject,xiaomi
皮在痒,com.algaeboom.android.pizaiyang,xiaomi
口语角儿,com.kouyujiaoer.kouyujiaoer,appchina
Youni有你,com.snda.youni,appchina qq
来电显示来电全屏秀,com.call.incomeiphoneb,qq
同城约会聊天交友,cn.tc.yh,xiaomi
站台-同城邂逅神器,com.ubox.station,appchina
爱唐山,com.appbyme.app278162,xiaomi
移动惠生活,com.sitech.ac,qq
红人直播,com.hongren.ui,xiaomi
猫爪电竞,com.liebao.maozhuadj.app,xiaomi
藏趣,com.icangqu.cangqu,appchina
好好住,com.hzhu.m,appchina
音乐日记,com.greattone.greattone,xiaomi
六点喇叭,com.znhd.sixdspeaker,xiaomi
人人,com.renren.mobile.apad,appchina
迈迈,com.antuweb.track.tracker,xiaomi
啵啵,com.sound.bobo,appchina
探玉,com.tanmei.tanyu,xiaomi
和讯微博(社交、财经微博、理财、投资乐园、投资达人、财经专家),com.hexun.weibo,appchina
缘助,feone.com.elles,xiaomi
CROSS,com.mengbao,xiaomi
如意宝免费网络电话,com.savecall.ui,qq qq
口袋·Infinite,com.yinyuetai.fangarden.infinite,appchina
TT手游语音,com.yiyou.ga.lite,xiaomi
丸校,com.huixiang.myclock,xiaomi
人脉通-商机人脉,com.bizsocialnet,qq
友友,com.youyou.user,xiaomi
摩单单身,com.mosingle.mdds,xiaomi
猫咪,com.justdo.maomi,xiaomi
初页,com.cloud7.firstpage,appchina
星窝-秀场交友,cn.xingwo.star,appchina
附近约会,com.leeboo.fjyue,xiaomi
微商加粉王,com.qixiao.wefans,appchina
哎呦呵iuher,com.zytimes.xmpp,appchina
沃动上海,com.smi.wcloud,appchina
代你玩,com.jyd.game,xiaomi
一加一,com.example.administrator.onesplus,xiaomi
找到Ta,com.tinder,appchina
LANLAN,com.alibaba.android.luffy,xiaomi
糖水,com.girtu.girtu,xiaomi
芒信,com.future.social,xiaomi
宠爱王国,com.za.app.cab,xiaomi
猫神短视频,com.motion.android,xiaomi
XMeet,com.mfh.xmeet,xiaomi
东至人网,net.duohuo.magapp.dzrw,xiaomi
Flipagram,com.cheerfulinc.flipagram,appchina
最宜昌,com.zuiyichang.forum,xiaomi
3G省钱电话,com.sangdh,qq qq
帅吧男装搭配,com.shuaiba.handsome,appchina
千米红包,com.qmsh.hbq,xiaomi
萌声,com.yizhuan.cutesound,appchina xiaomi
小葫芦星球,com.xiaohulu.wallet_android,xiaomi
俩俩,cn.chono.yopper,appchina
DIY LINE 贴图 (免费免注册),com.iceworksgroup.line.sticker,appchina
OOXX,com.im20.snsvote.activity,appchina
十年后,me.tenyears.futureline,appchina
口袋·EXO,com.yinyuetai.fangarden.exo,appchina
美移移民,com.meiyi.meiyi,xiaomi
藏玉,icangyu.jade,xiaomi
图片搜搜,com.bstoneinfo.pics,appchina
WiFi信号实况,de.android.wifiscanner,appchina
微脉圈,com.edujia.weimai,xiaomi
云返,com.ahyunzhi.www,xiaomi
奔驰车友会,cn.medp.benzclub,appchina
猫眼图博 (拍照美化交友社区),com.redwolfama.pictwitter,appchina
防腐宝,com.lxkj.fangfuquan,xiaomi
最佳东方,zjdf.zhaogongzuo,xiaomi
晋城同城,com.jinchengtongcheng.forum,xiaomi
跑狗网,com.fxgp.im.xmf,xiaomi
动漫东东,org.zywx.wbpalmstar.widgetone.uex10110696,appchina
潮派,fun.wowcool.chaopai,xiaomi
智富汇,com.everhomes.android.zhifuhui,xiaomi
爆笑江湖,com.daywin.secret,appchina
成都零距离,com.chengdulingjuli.forum,xiaomi
亿律法律咨询,com.yilvs,xiaomi
喜鹊婚礼电子请柬,im.pica.pica,xiaomi
BAOJUN,com.cloudy.jun,xiaomi
绥德在线,net.suidezaixian,xiaomi
众手测试软件,com.getinfo.app.uniqoe,xiaomi
路客,com.ishaking.rsapp,xiaomi
嘿car,com.autohome.heycar,xiaomi
意难忘,com.yinanwang.ynw,xiaomi
律师侠法律咨询,com.lvshixia.app,xiaomi
和飞信,com.chinasofti.rcs,xiaomi
耳觅-接唱交友,cn.myhug.tiaoyin,xiaomi
徒遇,com.qcshendeng.toyo,xiaomi
药客巴巴,com.ykbb,xiaomi
哥伦布 Columbus,com.lucasgchr.zhiyu,xiaomi
音波,com.pengchatech.yinboclient,xiaomi
安徽掌上10000,com.wondertek.ahPalm10000,qq qq
搜道美女时钟,com.sodao.beautytime,appchina
箩筐,com.cmmobi.railwifi,xiaomi
番茄交友,com.ytxf.bobo.fqsq,xiaomi
苍南草根,net.duohuo.magapp.cncg,xiaomi
美聊,com.meiliao.sns2,xiaomi
技师帮,com.bj.shanbang,xiaomi
小猪导航,com.jiabin.xiaozhu,xiaomi
红围脖,com.sina.hongweibo,appchina
同袍,com.whfp.tongpao,xiaomi
DNF掌游宝,com.anzogame.game,xiaomi
捏他,scholar.acgneta.com.acgneta,xiaomi
乐乐交友,com.i366.com,appchina
TT陪玩,com.tt.voice,xiaomi
昆山论坛,com.kshot,xiaomi
MdVee,me.akey.akeychat.mdvee,xiaomi
想要_轻游戏社区,com.hohool.mblog,appchina
智慧新乡,net.duohuo.magapp.zhxx,xiaomi
MarryU相亲交友,com.marryu,xiaomi
交友吧-同城聊天室,com.cdjy.jyba,xiaomi
声声,cn.diudiu,xiaomi
老乡处CP交友,shanyao.zlx,xiaomi
安通对讲,com.xdja.poc,xiaomi
脸球,com.lvkakeji.faceball,xiaomi
搜脉,com.example.ui,appchina xiaomi
约会吧,com.zzr.easylove,xiaomi
卧趣,com.android.ooch,appchina
蚂蚁邻居,com.s296267833.ybs,xiaomi
住朋聊,zpw_zpchat.zpchat,xiaomi
爱我中华,com.laozhanyou,xiaomi
翡翠会,com.hc.feicui.feicuihui,xiaomi
全城握手,cn.ewhale.handshake,xiaomi
清华e同学,com.huatan.tsinghuaeclass,xiaomi
MOMO陌陌,com.immomo.momo,appchina qq xiaomi
快看,com.rightnoworld.globalview,xiaomi
方圆叽哩,com.lhc.fangyuanjili,xiaomi
云顶天天赚,com.taidu8.yunding,xiaomi
51空间,com.fiveone.lightBlogging,appchina
凌晨一点-情趣交流社,com.threeti.yongai,appchina
嘀浪微博,com.icekirin.weibos,appchina
口令电话,com.ringleai.ai,xiaomi
好景,com.haojing,appchina
开心爱,com.kaixinai.love,appchina
平行世界,com.llspace.pupu,xiaomi
一言,com.jasonhan.GongMing,xiaomi
假装cp-情侣交友,com.hlds.cp,xiaomi
附近秒约,com.huizheng.tcyyhz,qq
安能饭否,com.ch_linghu.fanfoudroid,appchina
快聊,com.jiaoyou.xiangyu,xiaomi
声觅,com.wanba.vfind,xiaomi
米老头,com.yuelt.nim.kinship,xiaomi
庭秘密,com.tst.tinsecret,xiaomi
聊几句,top.doutudahui.social,xiaomi
西番,com.baidu.xifan,xiaomi
盘丝洞,com.psd,appchina qq
爱米多,com.honglu.cardcar,xiaomi
化州最嗲你,com.zuidiani.www,xiaomi
珍爱网,com.zhenai.android,appchina qq xiaomi
说说短视频,com.unspaces.speakout,xiaomi
私密聊天,com.sepialabs.glassboard,appchina
辣妈帮-最活跃的女性分享交流社区,com.wangzhi.MaMaHelp,appchina qq
短信助理,cn.cmos.xin,xiaomi
靠近,com.yuanlai.android.yuanlai,appchina
飞鱼-聊天交友,com.flyingfish.dv.flyingfish,xiaomi
美衣家,com.dailyfashion.ameixiumimi,xiaomi
巴哈姆特,tw.com.gamer.android.activecenter,appchina
马甲App,com.shanchain.shandata,xiaomi
语音陌约,club.yangyic.market,xiaomi
河顺集中营,com.tl.soldier,xiaomi
口袋植物,com.hnmoma.expression,appchina
表情助手,com.belly.stickersort,xiaomi
杰客联盟,com.foofish.android.jieke,xiaomi
迷你圈,com.sqhd.app.miniquan,xiaomi
SaCa SNAP,com.neusoft.sacasnapcloud,xiaomi
斑猪,com.yingshanhong.community,xiaomi
黑鲨社区,com.blackshark.forum,xiaomi
互云脉片,cn.huyun.maipian,xiaomi
闪遇,com.hjt.im,appchina
生活纪录片,com.liba.android.meet,appchina
肆放,cn.fast4ward.community,xiaomi
爱郴州,com.aichenzhou.forum,xiaomi
气泡CP,com.guman.bubblecp,xiaomi
群英会创业,com.chuangye.xiaobenjiamengw,xiaomi
通讯录短信群发平台,com.hfysms.app,qq qq xiaomi
好旦,com.hfl.edu,xiaomi
Vtalk,com.ktn.vtalk,xiaomi
长微博,cn.cdsama.longweibo,appchina
和系,com.aplus.hexishop,xiaomi
币问,com.biask.yoyow,xiaomi
抱抱-单身聊天交友,cn.myhug.baobao,appchina xiaomi
廊坊都市网,com.langfang.app,xiaomi
跳舞吧视频交友,com.Tiange.Tiao58,appchina
知乎极速版,com.zhihu.android.lite,xiaomi
语玩语音-聊天交友,com.yuwantech.yuwan.xiaomi,xiaomi
王者荣耀掌游宝,com.anzogame.wzry,appchina
9号米仓,com.wnkj.jhmc.app,xiaomi
BIGO LIVE - Live Broadcasting,sg.bigo.live,appchina
手机定位家人,com.unking.weiguanai,xiaomi
暴走漫画,com.baozoumanhua.aibaoman,appchina
通知易,shunzhi.com.net.easynotifies,xiaomi
永年论坛,com.mocuz.yongnian,xiaomi
宠族,com.chongzu.app,xiaomi
随时约,com.yuanye.rentfriends,xiaomi
美女秀场直播间,com.sina.show.english,appchina
比心,com.yitantech.gaigai,xiaomi
乐无,com.dsj.leve,xiaomi
多友趣,com.kids.quwanban,xiaomi
真心泡泡,com.zhenxinpaopao.app,xiaomi
爱汉服,com.yunsong.aihanfu,xiaomi
洞见者,cn.uctimes.insight.android,xiaomi
岛上第八区,net.duohuo.magapp.blqhd,xiaomi
瓶子,com.gamesloc.bottle,appchina
人脉网,com.renmai.renmai_com,appchina
爆笑校园,com.wisedu.campusjoke.activity,appchina
莆田小鱼网,com.ptfish.forum,xiaomi
泡泡语音交友,com.yx.paopao,xiaomi
99CU多人视频聊天,com.tiange.hz.jiujiucu,appchina
108社区,com.changshuo.ui,appchina xiaomi
快画,cn.nineton.avatar,xiaomi
爆米花美女秀,com.camundo,appchina
萌股,com.hoolai.moego,xiaomi
Whtsapp new,com.wWhtsappnew_8609849,xiaomi
蜜趣（语音聊天约会交友）,cn.douyuu.miqu,qq xiaomi
QQ说说管家刷赞拉圈助手,com.dzan.ssds,appchina
爱如电,com.gw.huiyou,xiaomi
脑洞,com.codingending.mindlib,xiaomi
海航通信,com.tydic.app.hh,xiaomi
伊对视频相亲交友,me.yidui,appchina qq xiaomi
临讯,cn.v1.im,xiaomi
SDGun水弹论坛,com.appbyme.app283982,xiaomi
图曰,net.aituyue.app,xiaomi
废猫,net.yifanjie.jilie,xiaomi
笑掉大牙&极品笑话,com.u8yes.joke.activity,appchina
在线乐清,com.yq577.forum,xiaomi
章丘人论坛,com.mocuz.zhangqiuren,xiaomi
绚铃,com.enjoy.bell,xiaomi
get2Clouds&reg;,com.nosapps.android.get2clouds,xiaomi
Spot,com.getremark.spot,xiaomi
新昌信息港,com.appbyme.app43537,xiaomi
情诗,es.com.joan16v.rimasdeamor,xiaomi
简书,com.jianshu.haruki,appchina xiaomi
恋恋,os.xiehou360.im.mei,appchina qq
花间,com.yr.huajian,appchina
红动论坛,com.redcon.designfourm,xiaomi
TwitCasting Live: Live Stream,com.sidefeed.TCLive,appchina
LiWorld,liworld.orangebe.com,xiaomi
掌上洛克,com.QQ.angel.webApp,appchina
光芒,club.cogo.cogoproject,xiaomi
蓝莓radio-语音交友,bric.blueberry.live,xiaomi
伶萌直播,com.chengjuxing.lgmg,xiaomi
菜园,com.tomato.view.tomato,xiaomi
认认,com.kuaiqing.main,xiaomi
秀才荟,com.eliteshow.xch,xiaomi
齐聊,cn.rspread.im,xiaomi
手机赚钱宝,com.weightcount,appchina
求爱,com.jiayuan.qiuai,appchina
皮皮精灵—微博定时,com.fingerage.pp,appchina
财税问答,com.paat.qa,xiaomi
同城约会吧,com.mylove,appchina
推爱,org.zywx.wbpalmstar.widgetone.uex11123053,appchina
米吧,com.xiaomi.topic,appchina
迈体育,cn.tmi,appchina
腰果生活,com.living.museum,xiaomi
红豆直播,com.hongdou.mobile,xiaomi
口袋妖怪口袋吧,com.koudai8.android,appchina
飞聊,com.feinno.felio,appchina
附近聊天约会,com.yixiang.asshole,xiaomi
同讯,com.example.apolloyun.chat,xiaomi
美啦,com.meilapp.meila,appchina
即刻,com.ruguoapp.jike,xiaomi
发现红包,com.q404100797.mud,xiaomi
星座吧,com.xingzuoba.com,xiaomi
雅虎通中文版,com.hiyahoo,appchina
七扇门,com.app.broker.doooor,xiaomi
飞翔,com.feixiang.im,xiaomi
约你妹,com.lingtuan.yuenimei,appchina
果业通,com.appbyme.app146819,xiaomi
嘿凤梨,com.yixia.hifengli,xiaomi
9158美女直播,com.Tiange.ChatRoom,appchina qq
木工达人,com.cyquan.mugong,xiaomi
看福清,com.kanfuqing.forum,xiaomi
微信颜文字表情,org.mfactory.social.emoticons,appchina
妈妈社区,com.ci123.pregnancywap,appchina
链语社交软件,cn.btchat,xiaomi
MSN Talk Pro,com.xrath.jmsnx,appchina
分身大师X版,com.qihoo.magic.xposed,xiaomi
咪哒星球,com.aimyfun.android,xiaomi
素友,com.app.bgm,xiaomi
园园Live,sg.bigo.xhalo,appchina xiaomi
聊天宝,com.bullet.messenger,xiaomi
香蕉直播-美女直播,com.fungo.loveshow.ainizhibo,xiaomi
高见,com.pili.question,xiaomi
爱献血,com.shinow.idonor,xiaomi
黎明老师,com.yemkaxwe.njytdhej,xiaomi
微信,com.tencent.mm,appchina qq qq xiaomi
农村红娘,com.hongniang.android,xiaomi
视缘交友,com.zky.shiyuan,appchina
合众联盟,com.yuexiutianhe.hezhong,xiaomi
寻觅,com.yotian.love,appchina
快遇爱,com.legion.highrisk,xiaomi
微精,com.weijing.android,appchina
联盟名片,com.lc.card,xiaomi
配音秀,com.happyteam.dubbingshow,appchina
Keep+,im.keep,appchina
深思,com.chainxin.kwv,xiaomi
哪哪,com.android.nana,xiaomi
百搭女王,com.mobibrothers.fittingqueen,appchina
VV语音,com.shenqi.app.client,xiaomi
求恋爱,com.qiulianai.main,appchina qq
天天朋友圈,com.syt.youqu,xiaomi
花解解,com.fdntalk.perfectlife,xiaomi
爱循环,com.icycleglobal.phinonic.china.app,xiaomi
私密话语,com.simihua.act,appchina
探探交友神器,com.huizheng.nvjy,qq
NewBabe,com.nbmc.nb,xiaomi
情人探探：约会版,com.tm.qingtantan,xiaomi
V聊,com.vliao.vchat,appchina
同城恋爱,com.tongchenglove.main,appchina
LINE@,com.linecorp.lineat.android,appchina
谈对象,com.dllingshang.lrxq2,xiaomi
捡对象-聊天免费,com.yuetun.jianduixiang,xiaomi
大学印象,com.dxever.letsgo,xiaomi
附近陌陌约,com.changtai.fjmmy,xiaomi
新浪微博4G版,com.sina.weibog3,appchina qq
爱情公寓,com.ipart.android,appchina
PlayStation中心,com.scee.psxandroid,appchina
鱼耳,com.yupaopao.yuer,xiaomi
QQ同步助手 换机必备通讯录软件照片一键安全备份,com.tencent.qqpim,qq qq
咪爪,com.mizhua.app,xiaomi
好开会,com.idcvideo.haokaihui,xiaomi
对面,com.blackbean.cnmeach,appchina qq
猎爱,com.lieai,appchina
云筑圈,com.yunzo.coc,appchina
QunQun,com.shangjia.qunqun,xiaomi
黄瓜视频,com.dingceng.cucumber,xiaomi
隆尧论坛,com.longyaoluntan.forum,xiaomi
购齐逛起,com.apyf.tusousou,xiaomi
独爱泰兴,com.duai.taixing,xiaomi
邦族,com.serve99.helpservice,xiaomi
微拍直播,com.weipai.weipaipro,appchina
陌约趣聊,club.dahanyi.market,xiaomi
Vellamo网页基准,com.quicinc.vellamo,appchina
晚晴四合院,com.feidu.siheyuan,xiaomi
多媒体调度,com.kylindev.dispatch,xiaomi
随便打,com.newshangman.org,xiaomi
恋爱,com.juedui100.sns.app,appchina
河丫挖宝软件,cn.xiaoheya.www,xiaomi
制伞圈,com.f18959791717.xvi,xiaomi
荣超股份,com.everhomes.android.park.rongchao,xiaomi
真迹,cn.zhenji,xiaomi
邻刻,com.koko.moe,xiaomi
豆瓣同城,com.douban.event,appchina
票友,com.yipiao.piaou,xiaomi
嗡嗡--蚂蜂窝,com.mfw.wengweng,appchina
香山网,com.appbyme.app82419,xiaomi
海明威,com.haimingwei.fish,xiaomi
2O,com.o2app,xiaomi
盈胜原油社区,cn.wushen.developer,xiaomi
石井论坛,net.duohuo.magapp.shijing,xiaomi
云动态,com.fenglian.yundongtai,xiaomi
圈圈-同好社群,com.youxibi.circle,xiaomi
美女爱自拍,com.appbyme.app3754,appchina
聚会玩,com.happyju.app.mall,xiaomi
陪聊神兽,com.lamarobot.activity,appchina
企业内外,com.yc.qiyeneiwai,xiaomi
21,com.adnonstop.camera21,xiaomi
刷刷看,com.shuashuakan.android,xiaomi
Weico 3 微博客户端,com.eico.weico,appchina
美女直播,com.taiku.mpchat.mnzb,appchina
文岳同行,com.wenyue.peer,xiaomi
微博通,cn.wbto.weibo,appchina
加一次元,com.jiayiworld.jiayi,xiaomi
艺考吧,com.zsyl.ykys,xiaomi
花镇情感-恋爱情侣,com.huazhen.HZQG,xiaomi
享回家,com.dpower.st.owner,xiaomi
私慕,com.defshare.seemore,xiaomi
空间人气王,com.likeqzone.renqi,appchina
宠物交友 掌上爱宠朋友圈,com.chinapet.leepetmove,appchina
六安论坛,com.labbs.forum,xiaomi
到这儿,cn.m15.app.daozher,appchina
固安圈,com.guanquan,xiaomi
QQ在线状态查询,com.znn.qqonline,appchina
名人朋友圈,com.sencent.mm,appchina xiaomi
悠悠-图说心里话!,com.duke.shaking,appchina
禁果社区,inwaves.qngoo,appchina
纹身大咖,com.weimi.mzg.ws,xiaomi
宠咖,com.skbm.spp,xiaomi
微福,com.dongfangshuo.weifu,xiaomi
掌上论坛,net.discuz,appchina
把妹聊免费网络电话,com.feedov.skeypp70,qq qq
文字波,com.example.anizwel.poeticword,xiaomi
精武英雄,com.qqpractice.activity,appchina
老挝之家,com.laowozhijia.forum,xiaomi
精选头像大全,com.elfinapp.jxtxdq,xiaomi
推兔,com.caishi.tuitu,appchina
星座运程,com.sheep.astro,appchina
入夜,com.lightiscoming.ruwo,xiaomi
微声音,com.wei_sy.ws,xiaomi
宠优优,com.dealuck.cyy,xiaomi
尔闻-情感心理咨询,com.aihuawen.erwin,xiaomi
就暧美,com.qhsnowball.beauty,xiaomi
欢脱,com.zhongnice.android.agravity,xiaomi
炫彩字体,org.xinmei.xuanziti,appchina
IPOLE一极,com.localworld.ipole,xiaomi
点量,com.strong.clickearn,xiaomi
话社,com.dhh.easy.huashe,xiaomi
JAYME杰伦官方App,com.nd.sdp.star,xiaomi
邻在,com.pikaapp.pika,xiaomi
缘来交友,cn.zhui.client517653,appchina
算爱研习社,com.suanaiyanxishe.loveandroid,xiaomi
三天情侣CP,com.haijun.dategirls,xiaomi
密友圈,com.cmic.college,xiaomi
音域,com.mqq.vocal.range,xiaomi
派派,com.ifreetalk.ftalk,appchina qq xiaomi
萧内网,com.xiaonei.forum,xiaomi
百合婚恋,com.baihe,appchina qq xiaomi
KaKao交友,com.kakao.talk,appchina
好架势车志,net.duohuo.magapp.hjscz,xiaomi
情感咨询壹点灵,com.cxzapp.yidianling_atk8,xiaomi
智慧科协,com.b412759899.akm,xiaomi
阿里旺旺卖家版,com.taobao.wwseller,appchina
株洲红人馆,net.magapp.duohuo.zzhrg,xiaomi
91约,com.hdyb.yuehui91,xiaomi
剧本杀,com.wanba.jubensha,xiaomi
逑吧婚恋,com.qbhl.junmeishejiao,xiaomi
邵武在线,com.appbyme.app20519,xiaomi
缘分同城交友,com.yuanfen.main,appchina qq
无猜,com.wucaiapp.app,xiaomi
创业e家,com.gys.cyej,appchina
微语音,com.shorttaillab.weiyuyin,appchina
多开宝,com.boly.wxopentreasure,xiaomi
签到交友,com.joelapenna.foursquared,appchina
追啊,com.hc.hulakorea,appchina xiaomi
笔芯,com.dingceng.ssby.bixin,xiaomi
AceBridge,acebridge.android,appchina
TokenUP,com.moyu.tokenup,xiaomi
斗图表情包,com.content.pc.stamps,appchina
星巴克中国FC,com.thefansbook.starbucks,appchina
恋一生情感,com.lianyishengjy.cn,xiaomi
PickU,com.duitang.oui,xiaomi
同桌游戏,com.tongzhuo.tongzhuogame,appchina xiaomi
汤圆创作,com.itangyuan,appchina
黑群,com.sam.im.heiqun,xiaomi
爬行天下,com.thefansbook.weibotopic.paxingtianxia,appchina
天刀助手,com.tencent.gamehelper.wuxia,xiaomi
柚柚育儿怀孕母婴,dianyun.baobaowd,appchina
壁虎车友,net.duohuo.magapp.cheyouhui,xiaomi
抖屏,com.zaili.douping,xiaomi
念想,com.wuwo.nianxiang,xiaomi
建发慧生活,com.cndrealty.athome,xiaomi
微信表情大全,com.ywqc.show,appchina
养花大全,com.qicaishishang.yanghuadaquan,xiaomi
寂寞姐语录,com.sequel.it.budejie,appchina
24h便民,cn.apppark.ckj10943789,xiaomi
泡泡水族,net.ppsz.paopao,xiaomi
写字先生,com.font,appchina xiaomi
疯狂体育,com.v1.crazy,qq
内圈,com.wxc.Yoo,appchina
KK直播-美女视频交友,com.melot.meshow,appchina qq
撩城,com.myliaocheng.app,xiaomi
新浪好声音-随时随地KTV,tiange.sina.voice,appchina
Bitstrips表情符号,com.bitstrips.imoji,appchina
78动漫,com.lerdong.dm78,xiaomi
口袋巴士论坛,com.wanmei.ptbus,appchina
唱吧直播间,com.changba.live,appchina
疯狂陪聊,com.palmdeal.talk,appchina
工美浙江,com.yixiang.runlu,xiaomi
BD沃客,com.qihe.bdwork,xiaomi
逆战助手,com.tencent.gamehelper.nz,xiaomi
点点约玩-语音开黑,com.tuwan.yw,xiaomi
LINE微片,com.linecorp.snapmovie,appchina
趣比通信,com.liquable.nemo,appchina
艺数中国,cn.artbd.circle,xiaomi
等到,com.loveofcam.obtk,xiaomi
2U,com.eccalc.ichat,xiaomi
尤帅,com.ysxsoft.him,xiaomi
笑P孩,com.lin.idea,appchina
香河网APP,com.xianghew,xiaomi
华强洽洽,com.hqew.qiaqia,xiaomi
机床通,com.xingxin.jc35,xiaomi
建阳论坛,com.mocuz.jianyang,xiaomi
乐乎写字楼,com.orange.fun.almost,xiaomi
YY,com.duowan.mobile,appchina
百度贴吧青春版客户端,com.baidu.tieba_variant_youth,appchina
手机对对碰,teams.xianlin.com.teamshit,xiaomi
郎溪论坛,org.langxi.app.lxltly,xiaomi
黑猪电竞,com.netease.easybuddy,xiaomi
手信,android.skymobi.messenger,appchina
太极道,com.tianyin.www.taiji,xiaomi
Banjo,com.banjo.android,appchina
蛋花,com.example.administrator.eggandfollows,xiaomi
云管家平台,com.yuelt.nim.wardship,xiaomi
约宝宝,com.ourydc.yuebaobao,xiaomi
GIF字幕菌,immortalz.me.zimujun,xiaomi
健康会,com.buliankeji.healthclub,xiaomi
表情包制作,com.gl.biaoqingbao,xiaomi
中国好声音官方客户端,cn.impressmedia.thevoiceofchina,appchina
SegmentFault,com.segmentfault.app,xiaomi
爱聊,com.ailiaoicall,qq
美说,com.yewang.beautytalk,xiaomi
奏耐天津,com.zntj.app,xiaomi
秘密,secret.app,appchina
临沂门户,com.linyimenhu.forum,xiaomi
麋鹿森林,com.createshare_miquan,xiaomi
旅行baby,com.wanimal.travel,xiaomi
沃门户,cn.com.wo,qq qq
触宝电话,com.cootek.smartdialer,qq qq xiaomi
三星盖乐世社区,com.pengtai.glaxyzone,xiaomi
春聊聊天交友软件,com.ganyu.makefriends,xiaomi
活动行,com.accuvally.hdtui,xiaomi
牵呗,com.qianbai.holdinghands,xiaomi
大街快招,com.dajie.official.chat,xiaomi
疯点,com.agesets.im,appchina
核雕文玩网,com.appbyme.app23643,appchina
艺下,com.dw.artree,xiaomi
能豆,com.chen.bean,xiaomi
行者直播,com.hantai.voyager,appchina
匿名秘密,com.pluto.hollow,xiaomi
来电,com.tencent.lightalk,appchina qq
陪我旅行-同程交友,com.xiaofenyu.travel,xiaomi
YiBo微博客户端 -- 新浪微博、腾讯微博、搜狐微博、网易微博、饭否,net.dev123.yibo,appchina
微恋交友,com.thsseek.welove,xiaomi
光谷社区,org.mazhuang.guanggoo,xiaomi
官术,com.xxt.offical,appchina
手机Wifi热点,com.dyxc.wifiap,appchina
在这儿—发现新朋友！,com.foxflypro.android,appchina
与癌共舞,net.duohuo.magapp.yagw,xiaomi
玩美,com.kunbo.wanmei,appchina
同城秒约,com.ganyu.tcmy,xiaomi
Vkontakte,com.vkontakte.android,appchina
中华论坛,com.china.app.bbsandroid,appchina
女性助手,com.hrsoft.girl,appchina
带鱼电竞-游戏陪玩,com.scwl.daiyu,xiaomi
百事通,com.cpic.team.lexbst,xiaomi
花花相册,net.huanju.yuntu,appchina
快捷通电话,com.kuaijiecall.packet,xiaomi
展信,com.immsg.yyx,xiaomi
时空猎人YOYO社区,com.u9.yoyo.sklr,appchina
租我么,com.daotuo.rentme,xiaomi
推推-本地语音交友,app.taolesstuitui,appchina
见证,com.ciapc.tzd,qq qq
一罐,club.jijigugu.yiguan,appchina xiaomi
QQ,com.tencent.mobileqq,appchina qq qq xiaomi
颜聊,com.VideoCall.GuangShu,xiaomi
二半,com.hz.jkq.dimidiateapp,xiaomi
木工爱好者,com.appbyme.app109985,xiaomi
业主之家,com.jinsec.oh,xiaomi
新浪微博 For Pad,com.sina.weibotab,appchina
嗷呜,com.tonghao.android,xiaomi
卫泱,net.duohuo.magapp.byzyw,xiaomi
情感先生-恋爱话术,com.rlkj.mrlove,xiaomi
全民共进,com.shuyun.qapp,xiaomi
我的温大,cn.edu.wzu.wsnew,xiaomi
来电闪光灯,com.finals.finalsflash,qq
绍兴E网,com.alex.e,xiaomi
盖饭GetFun,com.getfun17.getfun,appchina
简图,io.egg.jiantu,appchina
多益战盟,com.duoyi.implayer,xiaomi
微信电话本,com.tencent.pb,qq qq
第一弹,com.diyidan,appchina qq xiaomi
云脉CC社区通讯录,com.scan.android.society,appchina
语音约聊,com.dianjsc.interact,xiaomi
好赞,com.nice.live,xiaomi
HoFei-合肥本地生活圈,com.hfshq.app,xiaomi
养鸟人,com.magicbeans.ynforum,xiaomi
电子圈-电子行业社交及招聘,com.dianziquan.android,appchina
合作卖房,com.house.zcsk,xiaomi
胜利社区,net.duohuo.magapp.shengli,xiaomi
盐亭桑梓网,com.yantingsangziwang.forum,xiaomi
chat,com.dragon.chat,xiaomi
久久语音,com.cnsltx.miban,xiaomi
柏拉图,com.dingphone.plato,appchina
K歌城市,com.kmcclient.kmcclientrelease,appchina
定位电话,com.imibean.client,xiaomi
糖侣-陌生男女交友,com.langu.aiai,xiaomi
同城热恋,com.qixi.citylove,appchina
飞视,vchat.faceme,xiaomi
陌陌交友,com.jiangtengsd.jqyya,qq
绿豆芽,cn.lvdy.im,xiaomi
表态,com.person.voice,xiaomi
艺趣忠州,com.yiquzhongzhou.forum,xiaomi
链客足球,com.phsxy.footballbaby,xiaomi
CC来电炫图,com.cc,qq
哇哦桌游,com.qm.WaoBoardGame,xiaomi
黑豆,bbs.com.xinfeng.bbswork,xiaomi
兰州论坛,net.duohuo.magapp.lanzhouluntan,xiaomi
Score,com.famulei.famulei,xiaomi
窝窝,com.vikaa.wowo,appchina
蜂鸟社区,com.jfy.mobile.hummingbird,appchina
站酷,com.zcool.community,xiaomi
电话对对碰,cn.langma.ddp,appchina
在行,com.guokr.mentor,xiaomi
大家坛,com.giabbs.app,xiaomi
兰天商情,com.lantianshangqing.forum,xiaomi
车派,com.lookbi.carparty,xiaomi
柬单网,com.appbyme.app247567,xiaomi
遵义圈,com.appbyme.app151329,xiaomi
秀芳华,youth.elegant.zlzj.elegant_youth,xiaomi
一加社区,com.oneplus.bbs,appchina
呼啦圈,com.cloudsation.meetup,xiaomi
千牛,com.taobao.qianniu,qq
蜜信,com.hkj.chaoview,xiaomi
文旅武侯,com.doublefly.alex.client.wuhouyun,xiaomi
连信,com.zenmen.palmchat,xiaomi
豆皮,com.kupi.kupi,xiaomi
艺友,com.yiyouapp,appchina
趣伴,com.shiqidao.quban,xiaomi
查好友,com.seeme.activity,appchina
鱼水缘,com.kuwai.ysy,xiaomi
西米,com.chat.ximi,xiaomi
猎游极速版,com.feiteng.lieyou.js,xiaomi
X链,com.xinma.xl,xiaomi
青青草,com.ytxf.bobo.qqc,xiaomi
壳壳语音,com.keke.erban,xiaomi
同城快约,com.juyuankj.tckyue,xiaomi
秒赞秒评大师,com.miaozandashi,appchina
Space FM,com.pop.music,xiaomi
咨我情感,cn.com.zhiwoo,xiaomi
37度,com.ssy.chat,xiaomi
萌JO,com.mars.mengjo,xiaomi
猎游-陪玩聊天平台,com.feiteng.lieyou,xiaomi
医信Medchat,com.yixin.medchat,xiaomi
自由发,com.ziyoufa.forum,xiaomi
家信通,com.taihaoli.app.antiloster,xiaomi
烟火,com.zhouyehuyu.smokefire,appchina
小野猫,com.android.sexycat,appchina
我有伴,com.silverbullet.partner,xiaomi
全校通,com.xwg.cc,appchina
合拍,com.hepai.hepaiandroid,qq xiaomi
推理大师,com.youkagames.murdermystery,xiaomi
头像大全,com.mike.touxiang,xiaomi
快哉,com.xzkz.forum,xiaomi
摩托迷,com.fuluoge.motorfans,xiaomi
莱莱婚恋,com.me.marryme,xiaomi
掌缘,com.xinye.matchmake,xiaomi
嘣嘣怦怦邮箱,com.fuzixx.dokidokipostbox,appchina
动心-看美女，捧女神,com.huinfo.mm,appchina
PaPa,com.um.papa,appchina
爱真心婚恋,com.izhenxin,appchina
娱乐猫,com.yulemao.sns,appchina
浅遇,com.jiyi.newsocial,xiaomi
一起塑造企业版,com.suzao.enterprise,xiaomi
龙巅鱼邻,com.etwod.yulin.android,xiaomi
闪电鱼,com.shandianyu.app,xiaomi
爱奇艺泡泡,com.iqiyi.paopao,xiaomi
大亲家,com.wlemuel.hysteria_android,xiaomi
北海365网,org.zywx.wbpalmstar.widgetone.uex11120320,appchina
兜兜友,com.telenav.doudouyou.android.autonavi,appchina
免费wifi电话,com.feiin.wldh,qq
移动门户,com.paragon.mts.ma.android,appchina
拼团掌柜,com.funstreetbusiness,xiaomi
Meing,com.huanshi.awe.another,appchina
GogoDate陌生人约会交友,com.syezon.gogo,appchina
天天微交友,com.appbyme.app21378,appchina
一半,com.qh.half,appchina
人脉军刀,net.iusky.iuclient,appchina
恋爱话术助手,mu.lianai.www.mutou,xiaomi
色影无忌论坛2013,com.xitek.wujiforum2013,appchina
桌趣,com.diskplay.app,xiaomi
速递易,cn.sudiyi.app.client,appchina
摩托邦,com.motoband,xiaomi
亦乐,com.yile,xiaomi
CSDN,net.csdn.csdnplus,xiaomi
一块,com.yeecall.app,xiaomi
杨幂D版,com.myyangmi,appchina
爱情36计,com.hotty.lianai,appchina
喜洋洋论坛,com.fengcai.luntan,xiaomi
黏虫,com.sifu.sifu.sifuthree,xiaomi
旁趣,com.puncheers.punch,xiaomi
家语留芳,com.jiayu.liufang,xiaomi
蜜多多,com.soowee.medodo,xiaomi
看准,com.techwolf.kanzhun.app,xiaomi
进步,com.wb.admin.school,xiaomi
V5电竞-陪玩代练,com.v5.RYDJ,xiaomi
QZZN论坛,com.aliyun.pwmob.bbs_qzzn_org,appchina
玩皮语音包,com.warmlight.voicepacket,xiaomi
表情包斗图,com.mobile.biaoqing,xiaomi
附近陌约,club.cdwoai.market,xiaomi
荣昌之窗,com.mocuz.rongchang,xiaomi
蝶声交友,com.qk.butterfly,xiaomi
探陌爱约交友,com.kezeyun.tmayjy,xiaomi
小鹿情感,com.mei.wood,xiaomi
喵来了,com.yy.pet,xiaomi
中学生联盟,com.mrocker.mumian,appchina
聊天话术,com.jshepai.client,xiaomi
osmino chat – 最好的无名聊天， 论坛并问题服务!,com.osmino.wb,appchina
YOYO,com.qumitech.interestingbattle,xiaomi
智能WiFi,com.adroidzscpc.smarterwifijp,appchina
爱活动(专业版)–中国第一款O2O活动社交平台,com.ahd.m.main,appchina
兔兔精灵极速微博,com.tutujl,appchina
芒果圈,com.hunantv.tazai,appchina
心灯,com.alalamp.light,xiaomi
小米社区,com.xiaomi.bbs,appchina
徒步去旅行 – 驴友大本营,com.augmentum.op.hiker,appchina
啊噜哈,cn.Longmaster.iPeng.Activity,appchina
糖糖,com.pengtang.candy,xiaomi
人人飞传,com.flay.photo,appchina
小木虫,net.discuz.emuch,appchina
YOYO语音,com.live.android.yoyo,xiaomi
幽默一刻,com.enjoy,appchina
漂流瓶子,com.hnmoma.driftbottle,appchina
去扶贫,com.interheart.ebusiness,xiaomi
麻城信息网,com.machengxinxiwang.forum,xiaomi
Poi,com.pppoi.poipoi,xiaomi
迷音-声音交友,com.imlianai.minivoice,xiaomi
溧阳论坛,com.glavesoft.ly.main,xiaomi
同城见面,com.jianmian.app,xiaomi
每每度,com.dilitech.meimeidu,xiaomi
趣约会,com.quyue.android,xiaomi
探客,com.pwl.tk.zyy,xiaomi
119火凤凰,com.nd.app.factory.xftapp,xiaomi
结缘,com.yicheng.jieyuan.com,appchina
一分钱电影票,com.gewarabd,appchina
Rela热拉,com.thel,appchina xiaomi
三明芭乐网,com.appbyme.app55464,xiaomi
顺义在线,com.appbyme.app108577,xiaomi
4399游戏盒,com.m4399.gamecenter,qq
陌游—游戏玩家的专属圈子,com.chatgame.chatActivty,appchina
蜜爱,com.miai.miai.app,appchina
粉刷匠,com.busybird.beike,xiaomi
尊蓝高端租赁,com.dykj.zunlan,xiaomi
探陌遇爱交友,com.gzgdnet.tmyajy,xiaomi
小巴扎会员店,com.aichi,xiaomi
相约榕树,com.rongshu,xiaomi
掌上猫扑,com.mop.activity,appchina
不得姐的秘密,com.budejie.mimi,appchina
豆腐,com.taptech.doufu,appchina
YY手游语音,com.duowan.gamevoice,appchina xiaomi
阿聊,cn.aliao.autochat,xiaomi
小回音,com.saiti.echo,xiaomi
钓鱼之家,com.lexun.sqlt.dyzj,appchina
IS语音,com.qinhe.ispeak,appchina
非诚勿扰,cn.mobgo.pie,appchina
e通卡,com.citywithincity.ecard,qq
大襄城,com.dxiangcheng,xiaomi
聊吧,com.tapindata.tochat,appchina
bigfun,cn.bigfun,xiaomi
共度,com.buddydo.bdd,xiaomi
又又-约会恋爱婚恋很简单,com.uume.tea42,appchina
网易微博,com.netease.wb,appchina
服装微加工,com.kwrzcu.kcfsod,xiaomi
磨房,net.doyouhike.app.bbs,appchina
湾趣,com.darelove.app,xiaomi
蛋蛋,com.fantaohua,xiaomi
主爱之家,com.ubzx.lovelord,xiaomi
助手版贴吧,com.baidu.tiebar,appchina
说服我,com.wrangle.wrangle,xiaomi
天天唱-美女直播娱乐交友平台,com.sy.app,appchina
邻工赚钱,com.lgzq,xiaomi
星璨梦工厂,com.trustexporter.dream,xiaomi
腾讯NOW直播-附近美女真人视频聊天,com.tencent.now,qq
智点调查,com.SmartPoint.app,appchina
趣机直播,com.quji,xiaomi
集团管家,com.zst.richspace,xiaomi
点点轻博客,com.diandian.android,appchina
段友,com.dyouclub.jokefriends,xiaomi
推特联系人,com.handmark.tweetcaster,appchina
5126社区,com.gaoqing.android,appchina
领爱,com.duoyi.lingai,appchina
征婚,com.zhenghun001.com,xiaomi
友友,com.yueren.youyou,xiaomi
坤觅佳友,cn.sirun.com.friend,xiaomi
我和你,com.hkx.youandme,appchina
随机名称,es.com.joan16v.randomnamepicker,xiaomi
新浪唱聊美女视频交友聊天,com.sina.show,appchina
聊伴-与美女聊天,com.chaodong.hongyan.android.liaoban,xiaomi
私麦,com.simai,xiaomi
多玩约战,com.yy.a.liveworld,appchina qq
墨客岛,com.mokedao.student,xiaomi
接通宝,com.jietongbao.jtb,xiaomi
链链,net.eqccd.chain,xiaomi
好钓鱼,com.kangoo.diaoyur,xiaomi
半边鱼,com.sdo.nuanyin,xiaomi
爱宠王国,com.fundoing.happ,xiaomi
狼人杀,com.c2vl.kgamebox,qq
和通讯录,com.chinamobile.contacts.im,qq
51交友,com.fiveone.date,appchina
掌上大学,com.realcloud.loochadroid.college,appchina xiaomi
QQ安全中心,com.tencent.token,appchina
ZERO零,com.fenzotech.zeroandroid,appchina
许都网,com.xuduwang.forum,xiaomi
想见你,com.see.you.plan,xiaomi
Chance,com.chance.ui,appchina
中国代理通,com.taiyasaifu.app,xiaomi
画聊：涂鸦聊天交友,com.haowan.hualiao,appchina
留言,com.t617667113.fdz,xiaomi
来逗,com.jxwl.idouzi.flowbank,xiaomi
Cue,com.immomo.wowox,xiaomi
MSN聊天,miyowa.android.microsoft.wlm,appchina
象山在线,com.xsool.forum,xiaomi
微信语音导出,com.hxyh.wxmp3,xiaomi
长岭微生活,changling.tv.app,xiaomi
夜讯,com.yeamo4,appchina
新草,com.ourlifehome.android,xiaomi
快捷招聘,com.weipin.app.activity,xiaomi
彩彩,com.caivideo.caicai,xiaomi
一直播,tv.xiaoka.live,appchina xiaomi
echo,online.skyplan.echo,xiaomi
享聊游戏视频交友,cn.sharesmile.enjoychat,xiaomi
QQ轻聊版,com.tencent.qqlite,appchina qq
缘在商城,net.duohuo.magapp.yzsc,xiaomi
古董局中局,com.sdbean.antique,xiaomi
成家立业,com.jiayewang.huaqianguo,xiaomi
智慧寺庙,com.sandu.putuotemple,xiaomi
两颗红豆,com.embrace_2redbeans.china,xiaomi
共享牙医,com.im.doc.sharedentist,xiaomi
口袋•BIGBANG,com.yinyuetai.fangarden.bigbang,appchina
Feeling,com.feeling,appchina
掌律律师法律咨询,com.luosuo.lvdou,xiaomi
海豹语音,com.xiangyue666.xy,xiaomi
美发秀秀,com.delingrj.android.beautylife,appchina
JM沟通,com.juemigoutong.im,xiaomi
YOYO社区,com.os.mos,xiaomi
FindU,com.moqu.findme,xiaomi
抢头条,com.roadsideclub.news.newsclub,xiaomi
谁是卧底,com.wepie.wespy,appchina qq xiaomi
花熊,cn.toput.hx,appchina
Youtub,com.wYoutub_8626882,xiaomi
Go酷,com.woaiyou.aiyou.android,xiaomi
夺心,com.xdq.dx,xiaomi
资中新生活,com.zzxsh.forum,xiaomi
贝贝,com.ishehui.tiger,appchina
A派,com.jiamai.apai,xiaomi
珍爱&百里挑一,com.zhenai.blty,appchina
一周CP,com.xiaoyu.rightone,qq xiaomi
省钱宝免费电话,hk.ttub.ucall,appchina
胜芳大杂烩,com.sfdzh.www,xiaomi
缘爱园,com.zaq.yay,xiaomi
遇合,com.weyuhe.yuhe,xiaomi
有人吖,com.sainti.someone,xiaomi
ooVoo Video Chat,com.oovoo,appchina
今日点亮,com.topjoytec.jrdl,xiaomi
AKeyChat Pro,me.akey.akeychat.pro,xiaomi
蚌埠论坛,net.duohuo.magapp.bblt,xiaomi
LUCKYGO,com.maihe.letsgo,xiaomi
枪战圈,com.qiangzhanquan.app,xiaomi
皇族俱乐部,com.royalclub.rng,xiaomi
掌上平邑,com.appbyme.app187196,xiaomi
抖陌,com.doumo.phonelive,xiaomi
喜邻,com.grandlynn.xilin,xiaomi
龙珠直播,com.longzhu.tga,qq
说说刷赞王,com.zonebao,appchina
小米视频电话免费通话,com.mi.vtalk,qq qq
来借之家-贷款,com.jiujiuyun.laijiehome,xiaomi
闲聊,org.xianliao,xiaomi
由由互联,com.chengyue.youyou,xiaomi
超级表情包,com.emoji100.chaojibiaoqing,xiaomi
江汉热线,com.jhrx.forum,xiaomi
轻音直播,com.pajia.qinyin,appchina
炉石传说盒子,com.youc.gameguide.hearthstone,appchina
博悦荟,com.boyuhui.yd,xiaomi
QQ个性签名,com.gexing.qianming.ui,appchina
二人世界－情侣恋爱全纪录,com.coupleworld2,appchina
良仓：生活家的良品分享,com.liangcang,appchina
美女视频,com.tiange.vshow,appchina
真一真,com.fjzz.zyz,xiaomi
拨号精灵,com.hfx.bohaojingling,qq qq
生辰,com.chanyouji.birth,appchina
Youtube hot video,com.wYoutubehotvideo_8631560,xiaomi
热恋同城,com.reliantongcheng.main,appchina
腾讯手游宝,com.tencent.gamejoy,appchina qq xiaomi
云乐汇,com.gazecloud.yunlehui,xiaomi
CIO俱乐部,com.chinabyte.cio,appchina
智能人,com.cmeplaza.intelligent,xiaomi
ToTalk,com.longtooth.totalk,xiaomi
大威海,com.daweihai.forum,xiaomi
树知道,com.junyunongye.android.treeknow,xiaomi
云瞳视友,com.wh.blind.rebuildeyes,xiaomi
西子湖畔,com.xizi.quan,xiaomi
微播美女直播,com.rednovo.weibo,appchina
伙时昭通,app.zhaotong.cn,xiaomi
因特约,com.quanjin.interyue,xiaomi
Facecast - 国际直播视频聊天交友软件,com.guochao.faceshow,xiaomi
陌答,com.chmein.moda,xiaomi
驴行天下,com.apporig.traveller,appchina
他社区,com.tomsix.android,appchina
Sayhello,com.sayhello.com.myapplication,xiaomi
东益膜卡,io.dcloud.H548D15B7,xiaomi
约杯咖啡,com.qiyuhz.yuechang,xiaomi
出面,com.foxrole.android,appchina
风月直播,com.imichat.fengyuezb,xiaomi
拼友团,com.ttc.gangfriend,xiaomi
CF掌游宝,com.anzogame.cf,appchina
Arming微博(新浪版),com.armingstudio.weibo,appchina
阿瓦隆Online,com.wodidashi.avalon,xiaomi
爱情人交友,com.iqingren.app,xiaomi
USTAR,com.ustar.chat,xiaomi
来盟,com.wee.event,appchina
丁香园,cn.dxy.idxyer,appchina
绝地求生手游助手,com.tencent.gamehelper.pg,xiaomi
创业宝,com.sywb.chuangyebao,appchina
友空间,com.yongyou.youpu,xiaomi
真人刷赞大师,com.zhizi.zrszds,appchina
相亲交友百合网男才女貌,com.perfectmatch,appchina
智大师,com.smartcity.smartmaster,xiaomi
米课圈,com.imiker,xiaomi
微友,com.weibo.messenger,appchina
Tinkle,com.qaz616672844.rvu,xiaomi
情侣玩吧-娱乐交友,cn.qlwb.qlwb,xiaomi
Uki,cn.neoclub.uki,xiaomi
优享,com.thgy.ulord,xiaomi
照片发至未来,com.throwbackapp.throwback,appchina
快约-同城约会交友,com.ikuaiyue,appchina
新浪读书,com.thefansbook.xlds,appchina
水木说,com.smthchat,xiaomi
左左帮,com.jizhisilu.jizhisilu,xiaomi
花氧,com.marykay.cn.productzone,xiaomi
XDA手机论坛,com.quoord.tapatalkxdapre.activity,appchina
古筝人网,net.duohuo.magapp.gzrw,xiaomi
面面约,com.hotniao.project.mmy,xiaomi
LoveIn,com.loveinapp,xiaomi
哟,com.justyo,appchina
边牧,com.bianmu.home,xiaomi
面聚-约会聚会交友,com.dingphone.time2face,appchina
声兮,org.xiaoxingqi.shengxi,xiaomi
Welike微博客户端,com.sxy.ui,appchina
口袋·T-ara,com.yinyuetai.fangarden.tara,appchina
约你,com.lingtuan.nextapp,appchina
豆尖,com.beatop.guest,xiaomi
KK部落,com.android.kktribe,xiaomi
喵特,com.nyato.client,xiaomi
微信聊天动态表情,com.weixin.gifemoji,appchina
个性头像,com.feiyou.headstyle,xiaomi
投吧,com.toubaclub.app,xiaomi
笑神来了,com.zuobao.xiaobao,appchina
友约,com.lenovo.videotalk.phone,qq qq
一个陌生人,com.yuetun.moshengren,xiaomi
庐江论坛,com.lujianglt.app,xiaomi
奇遇漂流瓶,com.meetfave.mgbottle,xiaomi
微喇对讲,com.voistech.weila,xiaomi
普轻,com.yisan.healthy,xiaomi
神机工场,com.lenovo.mgc,appchina
sky体验电话,com.skydh,qq qq
迷尚美图,ssyx.MiShang,appchina
表情豆豆-聊天必备工具,com.facetech.emojiking,appchina
陌生人的对话,net.devking.randomchat.android,appchina xiaomi
面具同城约会旅行,com.ms.mask,xiaomi
雀享校园,com.quexiang.campus,xiaomi
CP速配-交友聊天,cn.innogeek.cp,xiaomi
流星狗,com.daendecheng.meteordog,xiaomi
掌上英雄联盟,com.tencent.qt.qtl,appchina xiaomi
威新LINK+,com.everhomes.android.jindi.park,xiaomi
几米,com.seclock.jimi,appchina
红信圈,com.hongxin1.rm,xiaomi
天涯社区,cn.tianya.light,appchina xiaomi
百度贴吧极速版,com.baidu.tieba_mini,appchina
聊得得,com.dyyj.idd.chatmore,xiaomi
话匣,com.kufine.huaju,xiaomi
棒棒糖—宝宝成长好帮手，高品质亲子社区,com.ywqc.baby,appchina
萌右,com.mengyou.friend,xiaomi
奇遇,com.snda.qiyu,appchina
爱莒县,com.lovejuxian.forum,xiaomi
明水同城,com.chance.mingshuitongcheng,xiaomi
i想你,com.ixiangni.app,qq qq
丽人之家,com.apporig.beauty,appchina
单身聚,com.hualian.project.dsj,xiaomi
恋爱话术,com.newnanedu.client,xiaomi
喵喵语音,com.miaomiao.mobile,xiaomi
SUGAR苏格,club.sugar5.app,xiaomi
九秀直播,com.ninexiu.sixninexiu,appchina qq
宠信,com.chongxin.app,xiaomi
求约会,com.date,appchina
整容通整形大师,com.szst.hgzrt,appchina
凤凰山下,net.duohuo.magapp.dz19fhsx,xiaomi
饭米万能,com.sumernetwork.app.fm,xiaomi
Love婚恋交友,com.xqhunlian51.com,xiaomi
名片王,com.business.king,qq qq
绛县圈,net.duohuo.magapp.jxq,xiaomi
卡友地带,com.wtyt.yzone,xiaomi
启汇钱包,com.qhxx.qhlive,xiaomi
温岭生活网,net.duohuo.magapp.wlxzs,xiaomi
安排,com.heixia.anpai.androidapp,xiaomi
开心网,com.kaixin001.activity,appchina
雲社團,com.mit.community,xiaomi
外贸帮,com.todo.waimaobang,xiaomi
祐缘,com.yy.youyuan,xiaomi
嗨一起,com.hiyiqi,appchina
大沙河建投,com.everhomes.android.dashahe,xiaomi
分享时刻Moments,com.facebook.moments,appchina
阿里星球,com.sds.android.ttpod,appchina
慧美丰,com.hmf.hmfsocial,xiaomi
Select,co.s12e.one,xiaomi
星迷俱乐部,com.sharetimes.member,xiaomi
齐齐直播,com.guagua.qiqi,appchina
来电闪光,com.holiestar.flashoncall,qq
美岁,com.meisui.live,xiaomi
电信营业厅,com.ct.client,qq qq
昆山视窗,net.duohuo.magapp.kssc,xiaomi
欧尚Style,com.changan.oushangCos1,xiaomi
Patoo,cn.ipatoo,xiaomi
买萌约拍,cn.mmote.yuepai,xiaomi
东杭州,net.donghangzhou.qpp,xiaomi
嵊州信息港,net.duohuo.magapp.szxxg,xiaomi
幸会,com.xinghui.xhsns,appchina
厦门旅游美食攻略,com.thefansbook.xmlymsgl,appchina
脉脉,com.taou.maimai,appchina xiaomi
Muzy图园,com.muzy,appchina
曹粉堆,com.www.caofendui,xiaomi
小米分享,com.xiaomi.xshare,appchina
CCTV微视,com.ctri.ui,xiaomi
有宠,yourpet.client.android,appchina xiaomi
恋爱神器,com.huizheng.lasq,qq
lettrs,com.lettrs.lettrs2,appchina
领英,com.linkedin.android,appchina qq xiaomi
Who Talking - 腾讯微博客户端,com.orient.whotalking,appchina
Cutey,com.yn.paopao,xiaomi
明星动态,com.chinahgf.idol,appchina
度金头条,com.i_quanta.sdcj,xiaomi
二十中工会,com.example.administrator.mpkj1,xiaomi
你哪人,cn.v1.zyou,xiaomi
聊吗,com.xfhl.wawa,xiaomi
超G名片,com.gcard,xiaomi
艺宝,com.bobaoo.artist,appchina
66社交,com.mbm.six,xiaomi
小黑裙,com.fuman.xiaoheiqun,xiaomi
你妳婚恋,ninihl.com.app,xiaomi
玫瑰婚恋交友,com.meiguihunlian,appchina xiaomi
抖游小游戏,com.dougame.app,xiaomi
单身在线,com.wzzn.singleonline,appchina
徐闻人网,com.xuwentongchengwang.forum,xiaomi
iDeal,cn.com.chinamoney.ideal.rmb,xiaomi
Snaappy,com.snaappy.cnsn,xiaomi
C位,com.aeightmedia.cposition,xiaomi
校通网,cn.campus.news,xiaomi
喂图,com.weitu666.weitu,xiaomi
云上家人安心,com.sosocome.family,appchina
伴伴星球-陪玩交友,com.yjtd.peini,xiaomi
斗图神器,com.bugua.fight,appchina
寂寞单身约会,com.youyuan.mmsp,appchina
一米兼职,com.yimi.activity,appchina
阳光论坛网,com.gaozhouyangguangluntan.forum,xiaomi
滨州生活,net.duohuo.magapp.bzsh,xiaomi
天翼3G俱乐部,com.lenovocw.music,appchina
密友,com.sina.meyou,appchina
哇呼,com.dhh.easy.wahu,xiaomi
迅雷方舟,com.xunlei.walkbox,appchina
口袋fx,com.yinyuetai.fangarden.fx,appchina
兴趣部落,com.tencent.tribe,appchina
顶尖牛人,com.toptechina.niuren,xiaomi
大咔,com.letv.star,appchina
小伙伴,com.yy.peiwan,xiaomi
微博新闻,com.jimu.news.activity,appchina
鲜果美女,com.thefansbook.weibotopic.xianguomm,appchina
指鹿,com.ddsfc.hyq,xiaomi
约客,com.zst.richcommon,xiaomi
优艺,com.woxingwoxiu.showvideo.activity,appchina
有聊同城交友,com.mm.youliao,xiaomi
训狗养狗-宠物社区,com.doding.dogtraining,xiaomi
面聊,com.tjut.mianliao,appchina
哟哟,com.huijierenhe.yoyo,xiaomi
妈妈网轻聊,cn.mama.activity,qq xiaomi
寒山闻钟,com.glavesoft.suzhou.main,appchina
汇友,com.zte.hub,appchina
红图,com.sskj.redchat,xiaomi
律师馆法律咨询,com.lvshiguan.app,xiaomi
pixiv社区,jp.pxv.android,appchina
网名宝典,com.ioteam.netname,appchina
觅友社交,com.dongdaozhu.meyoo,xiaomi
深圳论坛,com.shenzhenluntan.forum,xiaomi
蛋蛋语音,com.samael,xiaomi
启脉,com.hehuoren.hhr,xiaomi
赛客,com.xj.divineloveparadise,xiaomi
路演中,com.rsc.app,xiaomi
Hi-夜店,wen.ddsjw.mhd,appchina
tagapp,com.water.tagazine,xiaomi
蓝色小视频,com.lnkj.tzvideo,xiaomi
名片制作王,com.making.business.king,qq qq
正和岛,com.zhisland.android.blog,xiaomi
邻友圈,com.wj.wjbbs,xiaomi
不就,com.iksocial.queen,xiaomi
推图,com.mzpai,appchina
心言番茄社区,com.hktbay.myshow,xiaomi
17吃饭,com.xiaolian.eattogether,xiaomi
INSTAMAX - Insta Downloader,com.instamax.storysaver,xiaomi
一应生活,com.ening.life,xiaomi
微信表情包大全,com.weixin.emojibox,appchina
恋人网,com.wmlover,appchina
单身交友,com.hzsj.dsjy,appchina qq
饭团TFBoys,com.ishehui.x544,appchina
AnyTracking,com.fw.gps.anytracking,xiaomi
图喔喔,com.net114.tlw.getpicmainview,appchina
习水生活网,net.duohuo.magapp.xsshw,xiaomi
**约会,com.youyuan.jqyh,appchina qq
电话录音宝,com.phone.recording,qq qq
思博,com.mysipo.app,xiaomi
全能通网络电话,com.anycall,qq
触聊,com.dldianke.chuliao,appchina
再循塑料网,com.example.zxwzl,xiaomi
脸脸,cn.dface,appchina xiaomi
闪多多,com.baile.shanduo,xiaomi
车涯,cn.carya,xiaomi
测测星座,com.xxwolo.cc5,xiaomi
我是我来电秀,net.jijian,appchina
地图圈,com.dituquan.club,xiaomi
开心狼人-双身份,com.longtu.lrs,xiaomi
爱玩4G,cn.egame.terminal.client4g,appchina
觅觅,com.blackbean.duimianmimi,xiaomi
车途邦,com.xd.ctb,appchina
SANCTUARY,com.jfjsanctuary.start,xiaomi
POP,com.sundayfun.daycam,xiaomi
温州人力资源网,com.lnkj.wzhr,xiaomi
磁场,im.mixbox.magnet,xiaomi
娱信众评,com.funinchat.yxzp,xiaomi
潮约,com.xinlian.cy,xiaomi
小T智联,com.tcl.superapp,xiaomi
尚庐山,com.mocuz.xingzi,xiaomi
乐嗨秀场,com.lehai.ui,appchina xiaomi
多趣祝福短信大全,com.xy.duoqu.smsdaquan,qq
找伙伴,com.zhb86.nongxin.cn,xiaomi
画世界,net.huanci.hsj,xiaomi
滔滔对讲,com.kylindev.totalk,xiaomi
来吧,cn.qingshan.laiba,xiaomi
句子迷,com.example.juzimi,appchina
小春网,com.incnjp.m,xiaomi
首席信才,com.j499582257.ncn,xiaomi
车旺大卡,com.vehicles.activities,xiaomi
粒子,com.inmine.particle,xiaomi
网易大神,com.netease.gl,xiaomi
小窝,com.xiangli.cunxin,xiaomi
小度在家,com.zaijia.xiaodu,xiaomi
掌上天津,com.hyhy.view,xiaomi
欧核足球,com.aiball365.ouhe,xiaomi
一亲同城交友约会,chinese.chat.flowerfriends,xiaomi
四次元:新浪微博客户端,org.qii.weiciyuan,appchina
小裙纸,com.xiaoqunzhi.lolita,xiaomi
见面聊天约会,com.keyou.jxyhclient,qq
骑记,cc.iriding.mobile,appchina
色拉次元社,com.mb.picvisionlive,xiaomi
追问,com.ctrod.ask,xiaomi
校园集结号,com.zjelite.antlinkercampus,xiaomi
移动微博,cn.cmcc.t,appchina
图洽,com.netease.nim.dl,xiaomi
酒花儿,com.jiuhuar.android,xiaomi
紫荆,com.everhomes.android.tsinghua.infobay,xiaomi
X分身,com.godinsec.godinsec_private_space,xiaomi
有信,com.yx,appchina qq xiaomi
果城网,com.guochengwang.forum,xiaomi
come,com.ohdancer.finechat,xiaomi
岷州汇,com.yunyouit.mzh,xiaomi
超级表白墙,com.zt.chaojibiaobai,xiaomi
百度小知,com.baidu.xiaozhi,appchina
Opera Mini Next,com.opera.mini.next.android,appchina
狼人世界,com.wodidashi.wolf,xiaomi
爱植拍,com.sinosoft.plantrec,xiaomi
竞斗场,com.yeeio.gamecontest,xiaomi
甜语音,com.hi.sweet.main,xiaomi
组队,com.xijie.team,xiaomi
密语,com.immetalk.secretchat,qq qq
众信悠哉旅游,com.uzai.app,appchina
心动交友,com.kaitai.xdjy,xiaomi
生日管家,com.octinn.birthdayplus,xiaomi
聊天室,com.chatimity.android.chatimity,appchina
秀蛋,com.xiudan.net,xiaomi
青州论坛,net.aqingzhoubbs,xiaomi
陪我-聊天交友,me.peiwo.peiwo,xiaomi
渔获,com.saltchucker,xiaomi
穷聊,com.qiongliao.qiongliao,xiaomi
趣聊交友,com.bingo.quliao,xiaomi
机务在线,com.appbyme.app137522,xiaomi
咘咘,com.sz.bubu,xiaomi
猫博,com.catbook.www,xiaomi
独爱镇江,com.duai.zhenjiang,xiaomi
梯田交友-90后交友,net.titianapp.android,xiaomi
飞信同窗,cn.com.fetion.win,appchina
干将,com.cwdt.sdnysqclient,xiaomi
善优,com.tdqh.xiaofeishangquan,xiaomi
张掖生活网,com.zhangyeshenghuowang.forum,xiaomi
KK觅友 KKtalk--陌生人移动社交,com.kkliaotian.android,appchina
Status Downloader For whatsapp,com.story.status.saver.downloader.statusdownloader,xiaomi
蘑菇信用,com.hl.mushroomcredit,xiaomi
同城么么,com.huizheng.tcmmya,qq
72商演汇,com.syh.mm,xiaomi
星座,com.lxl.constellation,appchina
恋爱圈,com.imenuo.dating,xiaomi
K歌达人,com.app.hero.ui,appchina
纽扣青县,net.duohuo.magapp.nkqx,xiaomi
1号群,com.yh.jiran,xiaomi
电竞圈,cn.dianjingquan.android,xiaomi
空耳,cn.sheng,xiaomi
魔力小游戏,mobi.soulgame.littlegamecenter,xiaomi
敢拍敢秀,me.ganxiu.activity,appchina
超级计划,com.yaozu.superplan,xiaomi
诚信住建,cordova.sskj.cxzj,xiaomi
木兰汇,com.hanzi.mulanjia,xiaomi
新城智慧管家,com.everhomes.android.teec,xiaomi
Bon App!,com.indulgesmart,xiaomi
朵云,com.duoyuu.community,xiaomi
电视红包,com.tvmining.yao8,xiaomi
多聊社交网络电话,com.dotalk.social,appchina
爱吧,com.aiba.app,appchina
民萌,com.PhantomSix.animedb,appchina
星小班,com.xingxiaoban.star,xiaomi
十点聊天,com.bingo.yeliao,xiaomi
番茄社区tomato,com.fanqie.chat,xiaomi
择地而生,com.zdes.administrator.zdesapp,xiaomi
海底捞,com.haidilao,appchina xiaomi
若邻网,com.wealink.job,appchina
富裕信息网,cc.fuyu.www,xiaomi
方言Chat,com.yilonggu.local,appchina
宠物说,com.petsay,appchina
捡人,cn.sh.scustom.janren,appchina
闪约聊天交友,com.zlf.timeto,xiaomi
三宝智家,com.sanbot.sanlink,xiaomi
同城附近约,com.tjmlkj.tcfjy,qq
百色看点,net.duohuo.magapp.bsks,xiaomi
东论,com.seaway.east.activity,xiaomi
亭亭玉立,com.tylee.presentation.view.activity,xiaomi
唔哩星球,com.guji.loveparty,xiaomi
丁丁心理研习社,com.dingding.yanxishe,xiaomi
积遇聚,com.sunhongkeji.xinxinxinproject.android,xiaomi
懒人录音,com.kingcrab.lazyrecorder,xiaomi
微信表情包,com.dabing.emoj,appchina
玩蛋趣,cc.topop.gacha,xiaomi
墨者,com.mozhe.mzcz,xiaomi
TIM,com.tencent.tim,appchina qq
靠垫儿,com.kaoder.android,appchina
瑞丽美妆,com.rayli.maquillage,appchina
节日短信祝福大全,org.vv.festivalSMS,qq
摇摇电视,com.star.yytv,appchina
YAY交友,com.snqu.yay,xiaomi
鱼丸空间,com.xianlai.social,xiaomi
聊聊吧,com.sanmu.liaoliaoba,xiaomi
我发誓,com.ylkj.swear,xiaomi
下课说,com.q347699885.app,xiaomi
火柴盒,cc.huochaihe.app,appchina
粉我FansMe,com.px.fansme,xiaomi
淘在路上社区,com.scienvo.activity,appchina
流量拦截王-节约流量&实用应用&微博分享,com.mm.plugins.contactsprotect.APNSwitch1,appchina
论坛助手,com.quoord.tapatalkpro.activity,appchina
大全椒客户端,net.duohuo.magapp.dqj,xiaomi
邂逅斯年,com.frz.marryapp,xiaomi
掌上西宁,com.xnrtv.zsxn.activity,xiaomi
陌己,booyeu.mojom,xiaomi
JusTalk,com.juphoon.justalk,xiaomi
易直播,com.ccvideo,xiaomi
传化安心驿站,com.transfar.peaceinn,xiaomi
趣拍,com.duanqu.qupai,appchina
美美,me.meimei.android,appchina
高手论坛,com.lymyl.lylt01,xiaomi
日子里,com.rizili.android,xiaomi
友恋星空,com.thelovesky.hyunsu.www,xiaomi
圈粉TV,com.cloutropy.bofuns,xiaomi
Sharpee艺术分享,com.csform.sharpee,appchina
旅咖社区,com.gzllkkk.com,xiaomi
视友圈,cn.krvision.navigation,xiaomi
美木,com.meimu.cstong,xiaomi
遇见漂流瓶,com.innovation.driftbottle,xiaomi
都秀嗨皮-,com.doshow,appchina
探探,com.p1.mobile.putong,appchina qq xiaomi
今日发现-新闻交友必备,com.witcool.pad,appchina
摩托车联盟,com.appbyme.app161861,xiaomi
WeWork 中国大陆,com.livenaked.hubapp,xiaomi
FC社区,com.chaping.fansclub,xiaomi
地宝论坛,org.zywx.wbpalmstar.widgetone.uex10086840,appchina
拼多多商家版,com.xunmeng.merchant,xiaomi
和对讲个人版,com.cmcc.p.poc,xiaomi
智慧照片库,com.flayvr.flayvr,appchina
心扉,com.mklove.myt,xiaomi
大呼和,net.duohuo.magapp.dahuhe,xiaomi
7天情侣处cp,com.chengying.sevendayslovers,xiaomi
草莓聊,com.strawberry.chat,xiaomi
秘密,com.innovation.secret,xiaomi
江油之窗,net.jiangyouzhichuang,xiaomi
红人神器,com.qzone.hongren,appchina
小红圈,com.redring.app,xiaomi
探咖,com.tictalk.tictalk,xiaomi
8PM,ivgrp.co.yoyo9,appchina
宠物日记,com.mayt.petdiary.app,xiaomi
车轮社区,cn.eclicks.chelun,appchina xiaomi
青阳网,com.appbyme.app126437,xiaomi
豫工惠婚恋,com.difu.love,xiaomi
米斗,com.touchtv.midou,xiaomi
锋绘动漫,com.ifenghui.face,appchina
领主推荐,com.ofbank.lord,xiaomi
点心拨号,com.dianxinos.dxbb,appchina qq qq
大麦麦田,cn.maitian,appchina
去哪儿找美女,com.thefansbook.weibotopic.qunarmm,appchina
真心话大冒险,com.TruthOrDare,appchina
智享城市,com.smartcity,xiaomi
得意生活,com.deyi.client,appchina xiaomi
校脉圈,com.xmqvip.xiaomaiquan,xiaomi
Ingroup,cn.dostudio.android.ingroup,xiaomi
扩列,com.Eldard.KuoLie,xiaomi
同城婚恋-相亲交友,com.tongcheng.jiaoyou,xiaomi
星动,com.xqbl.starMovement,xiaomi
暴走P图,a.baozouptu,xiaomi
小寻,com.xiaoxun.xun,xiaomi
点点虫,com.alibaba.android.babylon,qq qq
今今乐道,com.dggroup.toptoday,xiaomi
局域Talk,com.rdc.p2p,xiaomi
运吧司机版,com.weiming.dt,appchina
小猪交友,huanyun.pigmakefriends,xiaomi
秀吧,com.bokecc.gs,appchina
零玖伍肆,com.ningxiaren.forum,xiaomi
YiBo微博客户端 夜间模式皮肤,net.dev123.yibo.nightskin,appchina
不夜城之**男女,com.swordfishsoft.android.sexcity,appchina
Ta在,com.vy.visvacn,xiaomi
寻欢,com.duowan.makefriends,appchina qq xiaomi
Snapeee照片社交,jp.co.mindpl.Snapeee,appchina
春藤,com.kuulabu.chunteng,xiaomi
hey five,com.tata.heyfive,xiaomi
你画我猜,com.wodidashi.paint,xiaomi
前生后世缘-缘分测试&有趣应用&微博分享,com.lastlife,appchina
暖暖交友,com.warmvoice.voicegames,appchina
旅法师营地,com.gonlan.iplaymtg,appchina xiaomi
国博党建E课,com.youth.chnmuseum,xiaomi
哈哈饭团,kr.co.gifcon.fandomschool,xiaomi
优诺,com.mchen.upromise,appchina
米兔,com.imibaby.client,xiaomi
省话费网络电话,com.weibocall.packet,qq qq
百度贴吧,com.baidu.tieba,appchina qq xiaomi
咔嚓 - 阅后即焚私密自拍聊天交友,com.himissing.poppy,appchina
时间规划局交友,com.dingceng.ssby.timecp,xiaomi
扑克财经,com.pouke.mindcherish,xiaomi
徽网,com.libo.myanhui,xiaomi
易车伙伴,com.easypass.partner,xiaomi
玩吧,com.wodi.who,appchina qq xiaomi
学生圈,com.sec.uskytecsec,appchina
歪趣-匿名聊天,com.lxn.yq,xiaomi
秘游社,com.fenhong.secrettravel,xiaomi
制服直播-美女视频,com.zhifu.live,appchina
好蒜价,com.jinan.haosuanjia,xiaomi
美聚集美业人,com.magugi.enterprise,xiaomi
来电通归属地显示,com.da.showincome,qq qq
我会种,com.wohuizhong.client,xiaomi
Pick语音,com.miguan.pick,xiaomi
暴走漫画精简版,com.baozoumanhua.androidlite,appchina
Zoom云视频会议,us.zoom.videomeetings,qq
百变语音秀,com.hanyv.diy,appchina
Snake俱乐部,com.famulei.snake,xiaomi
七彩来显,com.hongda.ccd,qq
谷谷乐,com.astrongtech.togroup,xiaomi
一起求职,com.career17.chaidamu,xiaomi
女孩的秘密,com.douliu.android.secret,appchina
宜昌建投,net.duohuo.magapp.ycjt,xiaomi
核桃电话,com.hetao.call,xiaomi
吱呀,com.yibasan.squeak,xiaomi
装*神器,com.duowan.bi,appchina
校内秘密,com.xiaoneimimi.android,appchina
医械客,com.yixiekelzw.hqj,xiaomi
有聊(百度贴吧官方版),com.baidu.tieba.local,appchina
幕外,com.lhss.mw.myapplication,xiaomi
Own日记,com.sumxiang.noteapp,xiaomi
话圈圈,com.example.administrator.hqq,xiaomi
互联网家,com.unicom.gd.iot,xiaomi
Vae+,com.taihe.fans,xiaomi
附近约会,com.huizheng.fjyh,qq
神聊 –  手机聊天室,com.tuixin11.sms,appchina
互助推广,cc.xiangziyou.sharefreedo,xiaomi
钢友圈,cn.com.gangyouquan.f.chat,xiaomi
星伴,com.jixiuapp.android.app_464ed4e112e111e780c200155d45daa1,xiaomi
安可,com.caoshuoapp.caoshuo,xiaomi
Couple,com.tenthbit.juliet,appchina
电玩游戏,com.mame.daykof97,appchina
槽厂,com.happyjuzi.apps.cao,appchina
17dl,com.livehelp,xiaomi
肥皂心情,com.Feizao.app,appchina
星座通,com.chenqi.activity,appchina
颜值PK,com.hsyk.yanzhipk,xiaomi
助讯通,com.wineim.wineim,xiaomi
捏ta,com.moemoe.lalala,appchina
谜案馆,e.room.Escape,xiaomi
邦邦掌柜,com.bangbang,appchina
星期六,com.app.suyue,xiaomi
土木在线,com.co188,xiaomi
薇蜜－女生闺蜜必备，男友鉴定神器,com.xingqu.weimi,appchina
LoveNotes,com.nosapps.android.lovenotesx,xiaomi
万圈,com.belight.wanquan,xiaomi
心意红包,com.cifmedia.starwish,xiaomi
淮南精选,net.duohuo.magapp.ytsh,xiaomi
4G通电话,com.fourgtongcall.packet,xiaomi
米豆小书,com.midouxiaoshu.mm,xiaomi
左右-图片交友,com.rydj.ZY,xiaomi
找找_移动,net.polegame.zhaozhaonews,appchina
无聊时刻,com.fengxun.wuliao,appchina
花田交友,com.netease.huatian,appchina xiaomi
陌聊,com.net.moliao.redirect.ResolverD.interface4,xiaomi
Young,com.youngorigin.young,xiaomi
喂C,com.vc.app,xiaomi
My全民直播,com.ztgame.dudu,appchina
雪团儿,com.project.snowballs.snowballs,xiaomi
工程派,com.xiezhu.microproject,xiaomi
电竞帮-代练陪玩,com.tianrui.nj.aidaiplayer,xiaomi
笑话搞笑图库,cn.com.faner.humor,appchina
番薯小组,com.fanshu.xiaozu,xiaomi
PU口袋校园,com.xyhui,appchina xiaomi
可信,ws.coverme.im,appchina qq qq
玩洽-语音视频交友,com.yyk.whenchat,xiaomi
智能家居,cc.wulian.ihome.hd,appchina
神指拨号,com.szqd.dialer,qq qq
子非鱼,com.zifeikeji.fishdoctorproject,xiaomi
央视微博,com.cntv.cntvweibo,appchina
饭团-TOP,com.ishehui.x48,appchina
莱莱红娘,com.houshold.matchmater,xiaomi
泗水通,com.sishuitong.app,xiaomi
同城探聊,net.cy.tctl,xiaomi
鱼笙-情侣恋爱记录,com.jiangzg.lovenote,xiaomi
奕报告,com.lysoft.android.lyyd.report,xiaomi
聊天约会,com.vip186.zmm,appchina
0305,com.boss7.project,xiaomi
元气弹,com.freebox.fanspiedemo.app,appchina
雅昌交艺,com.artron.mmj.seller,xiaomi
开桌,com.yacol.kubang,appchina
秀吧,com.hongdou.activity,appchina
Selfie Emoji,club.semoji.app,xiaomi
嗨够,com.haigou.live,xiaomi
车女郎,com.sinolbs.seeyou,xiaomi
智汇银星,com.everhomes.android.zhihuiyinxing,xiaomi
沪江外语碎碎,com.hj.ssn,appchina
家人关爱——随时随地关注家人安全,com.coomix.app.family,appchina
一群商人,com.dijiaapp.business,xiaomi
茶竹永川网,com.cqyc.forum,xiaomi
掌上旺信,com.taobao.wangxin,appchina
501,com.appbyme.app123911,xiaomi
中国海员之家,com.mangdin.seaman,xiaomi
猎象电竞,net.liexiang.dianjing,xiaomi
叮咚换宝回收端,com.aifeng.dingdong,xiaomi
小莱生活,com.jinqiang.xiaolai,xiaomi
陌路聊天,com.haily.stranger,appchina
小约会,com.muguang,xiaomi
On,com.shell.union.on,xiaomi
桌游圈,com.youkagames.gameplatform,xiaomi
My0511,com.my0511,xiaomi
茶室,com.appbyme.app286713,xiaomi
华人家谱,hrzp.qskjgz.com,xiaomi
奇缘相亲,com.xq.main,appchina
空空鱼,com.fushuaige.ky.likefish,xiaomi
唐河0377网,com.appbyme.app177382,xiaomi
全家乐聊,com.jeejen.family.leliao,appchina
谁是卧底,com.moguplan.main,xiaomi
语萌,com.jx.sprout,xiaomi
苏耳,com.yinfu.surelive,xiaomi
宅男腐女必看冷笑话,com.appbyme.app1014,appchina
超级星饭团,com.superstar.fantuan,appchina xiaomi
校狐,com.dinghaokeji.schoolfox,xiaomi
科易网,com.ky.keyiwang,xiaomi
即刻约,com.trident.hungerdating,xiaomi
合优网,com.mocuz.heyouwang,xiaomi
minni觅你,com.minni.com,xiaomi
像素蜜蜂,com.ninebroad.pixbe,xiaomi
掌上固安,com.zhangshangguan.forum,xiaomi
苏州论坛,com.suzhoubbs.forum,xiaomi
美发秀发型助手,com.mifashow,appchina
凉山在线,net.duohuo.magapp.liangshan,xiaomi
哈米-温暖的陌生人,com.mijie.homi,appchina
美丽约,com.meiliyue,appchina xiaomi
若古,com.ruogu.community,xiaomi
明星库,com.simpleyang.app,appchina
Muma,com.mumamua.muma,xiaomi
在玉林,net.duohuo.magapp.zaiyulin,xiaomi
TiTi电竞,com.jumeng.lsj,xiaomi
陌陌定位,com.zhaomomo.Location,appchina
星球部落,com.nacai.bocai,xiaomi
大街小巷,com.example.administrator.redpacket,xiaomi
碰碰,com.asiainno.pengpeng,appchina
蜜咔,la.mika.android,appchina
心星,io.dcloud.H5DD393E3,xiaomi
人人mini-专注校园交友,com.renren.mini.android,appchina
See,com.caij.see,xiaomi
脑筋急转弯,jones.nzjzw,appchina
贴吧一键签到大师,com.baidutieba.davy,xiaomi
华亲池,com.pbids.sanqin,xiaomi
通通免费电话,com.snda.tt,qq qq
宠爱,com.chongai.co,appchina
嗨聊,com.cihi,xiaomi
多开助手-双开分身,com.felix.wxmultopen,xiaomi
趣嗨,com.tenqus.qtl,xiaomi
并集,io.app.bingji,xiaomi
有戏,com.youxi,xiaomi
Bubble,com.ai.quantanimbus.bubble,xiaomi
有缘约会,com.youyuan.yyapp,appchina
乐聊同城闲聊交友,com.liaotian.jiaoyou.leliao,xiaomi
篱笆社区,com.liba.android,appchina xiaomi
妞妞爱笑话,com.lin.midea,appchina
养殖技术,com.appbyme.app221868,xiaomi
捉友 - 掌握亲友位置,com.broventure.catchyou,appchina
微淘米,com.jiangren.weitaomi,xiaomi
面对面,com.vsf2f.f2f,xiaomi
王者人生,com.tencent.igame,xiaomi
手心赚,com.android.Guarder,appchina
心动图片集,com.weheartit,appchina
南山对讲,com.nawensoft.nsptt,xiaomi
电话手表,com.readboy.smartwatch,xiaomi
口袋·TFBOYS,com.yinyuetai.fangarden.tfboys,appchina
智@考研,yan.android.client,appchina
你的日记,com.oh_name,appchina
我们爱讲冷笑话,com.ytxt.mmhatchforimg14472,appchina
蜜恋交友约会聊天,cn.ppmmt.milian,qq
Spring新浪微博,com.sprding.spring,appchina
摇摇看,com.goldia.yyl,appchina
黑猫会,org.gbmedia.hmall,xiaomi
搜宜昌,net.duohuo.magapp.syc,xiaomi
掌上莱州,com.laizhou.app,xiaomi
口袋小安,com.doschool.ahu,xiaomi
玩机宝典,com.feiliu.wanjibaodian,appchina
Hi享,com.shunfeng.block,xiaomi
OMGTALK匿名聊天,net.yebaihe.tool.omgtalk,appchina
军旗—寻找喜欢玩军旗的朋友！,com.ifudi.coushou.view.a11,appchina
汪汪萌主,net.wwmz.app,xiaomi
篮球——寻找喜欢打篮球的朋友！,com.ifudi.coushou.view.a19,appchina
台球——寻找喜欢打台球的朋友！,com.ifudi.coushou.view.a18,appchina
爱水木,org.leeall.ismth,appchina
说话和翻译,com.speaktranslate,xiaomi
D6社区,com.d6.android.app,xiaomi
校友汇,hong.kong.university.message,xiaomi
嗨老会,com.xiaosuokeji.hailaohui,xiaomi
壹块硬币,net.ykyb.ico,xiaomi
Melinked,com.melink.android,xiaomi
大正高尔夫,com.dazheng,xiaomi
Behance,com.behance.behance,appchina
知识星球,com.unnoo.quan,xiaomi
Instagram提示,com.topapps.Guidinstagramxiaomi,xiaomi
初遇漂流瓶,com.nineck.ifeedyou,xiaomi
POCO美女秀,com.poco.beautifulGirl,appchina
玩拍－短视频分享社区,com.avos.minute,appchina
心遇,com.kongkong.kongkong,xiaomi
创业天下,com.sxdachun.entrepreneurial_world,xiaomi
猜猜(匿名与小伙伴表白倾诉约会),com.caicai.app,appchina
SuperLine,com.silkworm.superline.android,xiaomi
微可拍,com.weico.plus,appchina
来租我吧,com.hiremeplz.hireme,xiaomi
GO短信,com.jb.gosms,qq
八戒机器人,com.ubtechinc.goldenpig,xiaomi
地坪界,com.renjun.floor,xiaomi
暖暖-语音聊天,com.sohu.nuannuan,xiaomi
巨省钱电话,com.jsmoney,qq
帮帮,com.zhihuiuni.bangbang,appchina
我是谁家谱,com.qinliao.app.qinliao,xiaomi
时记Timeory,com.ucard.timeory,xiaomi
个性全屏来电通,com.ai.selfdomcall,qq
手机诸城,com.appbyme.app216460,xiaomi
会见,org.suirui.huijian,xiaomi
牟牟,io.dcloud.H53B5FCF5,xiaomi
菠萝饭,com.joyworks.boluofan,appchina
经管之家,org.zywx.wbpalmstar.widgetone.uex10075364,appchina xiaomi
Seesmic社交管家,com.seesmic,appchina
挖客,com.adot.mining,xiaomi
BenBen,com.sgcai.benben,xiaomi
标识之家,net.duohuo.magapp.biaoshizhijia,xiaomi
红鹊桥,com.hongchenkeji.dw,xiaomi
灼灼,com.rantudot.jojoy,xiaomi
易联安全邮箱,ect.emessager.email,appchina
陌声-同城聊天交友,com.mosheng.iicall,xiaomi
中华人,com.android.chinesepeople,xiaomi
优优良缘相亲征婚,com.parorisim.youyouliangyuan,xiaomi
小星球,com.yangle.xiaoyuzhou,xiaomi
Tutu,com.tutuim.mobile,appchina
GO搭吧,com.nd.app.factory.goda,xiaomi
陌爱陌约,com.lovemaker.supei,xiaomi
Google+,com.google.android.apps.plus,appchina
小对象,com.loovee.dmlove,xiaomi
恋爱话术,com.app.ltdr,xiaomi
约见面,com.jieyuanppp.yuejianmianxy,xiaomi
校客 Shock,com.chaosbig.superbig,xiaomi
番茄社区交友,com.psof.ufhf,xiaomi
乡识,com.ui.imhereapp,appchina
与尔共鸣,com.yegm.im,xiaomi
有我-聊天交友,com.jiaoyou.youwo,appchina
1号社区,com.oecommunity.oeshop,xiaomi
VIPABC On The Go,air.com.tutorabc.vipmobile,appchina
邪恶图片,com.xieetupian,appchina
红娘网,com.redwomannet.main,appchina
无限唱,com.wuxiantai,appchina
同城约会社交聊天,com.leetek.melover,xiaomi
碰碰日程,com.front.pengpeng,xiaomi
ONO,com.nome.ono,xiaomi
网易圈圈,com.netease.quanquan,xiaomi
光圈直播,com.guangquaner,appchina
粉扑,com.dabanniu.hair,appchina
童信,com.jianyou.tongxin,xiaomi
KK图文表情,com.hxkjkktw.scp,appchina
狐友,com.sohu.sohuhy,xiaomi
WorldTalk,com.zerophil.worldtalk,xiaomi
QQ找对象,com.appbyme.app45394,appchina
走马电影,app.zoommark.android.social,xiaomi
刷脸,com.zjlp.bestface,xiaomi
视网么AR,com.pathprint.chat,xiaomi
恋爱漂流瓶,com.driftbottle.app,qq xiaomi
佰塑通,com.bastwlkj.bst,xiaomi
失恋,com.yryz.lovelorn,xiaomi
易班,com.yiban.app,appchina xiaomi
我打-游戏辅助神器,com.kalagame.guide,appchina
MyBay,com.everhomes.android.mybay,xiaomi
青春湾,com.android.qingchunwan,xiaomi
菱菱邦,com.cloudy.linglingbang,xiaomi
币桃,com.bitell.app,xiaomi
twt,com.talkwithtrend.H5BAD27A2,xiaomi
同城交友简单爱,com.easylove,appchina
iCo新浪微博客户端,magic.yuyong,appchina
星商汇园区,com.everhomes.android.vanke.xsh,xiaomi
多趣短信,cn.com.xy.duoqu,qq qq
襄阳热线,com.xiangyangrexian.forum,xiaomi
汇聚地,com.mizholdings.miphone,xiaomi
315知道,com.aspirecn.consumer,xiaomi
JUJU,la.juju.android,appchina
星座密语,com.momo.yuka.star,appchina
Sounds,net.youqu.dev.android.miyu,xiaomi
Q友乐园,cc.qzone,appchina
亿租亿评,com.ishleasing.infoplatform,xiaomi
你画我猜 汉字版,com.just521.mydraw,appchina
教育通,com.rdweiba.edu,appchina
Slingshot照片分享,com.facebook.slingshot,appchina
穆友,com.huaibor.imuslim,xiaomi
Waze交通达人,com.waze,appchina
觅盐,com.mp.citycircle,xiaomi
甜甜圈(互动新生活),com.melot.ttquan,appchina
星辰圈圈,net.duohuo.magapp.xcqq,xiaomi
事信,com.liudaixintongxun.xintongxin,xiaomi
尼龙,com.nylon.client,xiaomi
爱滔客手机对讲,cn.com.ipoc,appchina
广东广播电台网络收音机,InternetRadio.gd,appchina
AsDear ,cn.com.zoneyet.gagamatch,appchina
华夏善宠,com.xj.jiuze.example.administrator.pet,xiaomi
陌友,com.moyou.moyoux.xmoyou,xiaomi
馨心爱,com.yhc.myapplication,xiaomi
星城,io.tacchain.cityofthousandstars,xiaomi
hello短信,com.hellotext.hello,qq qq
首都献血,com.shinow.bjdonor,xiaomi
楼盘网经纪人,com.loupan.agent,xiaomi
引约,com.lottoxinyu.triphare,appchina
云拨电话,com.yunliao.yunbo,xiaomi
最明星,com.mingrentang.mrt.mingrentang,xiaomi
麻雀岭,com.isouth.mql,xiaomi
火辣健身,com.hotbody.fitzero,appchina
陪陪,com.tshang.peipei,appchina
句容热线,com.jrhot.forum,xiaomi
智慧书房,com.zhaomi.wisdomstudy,xiaomi
富阳圈子,com.fuyangquanzi.forum,xiaomi
快手直播伴侣,com.kwai.livepartner,appchina
小宇宙社区,com.pangu.first,xiaomi
Exchange邮件客户端,com.nitrodesk.droid20.nitroid,appchina
招财猫创业问答,org.plugbase.zcm.activity,appchina
千尺看图-图看微博,com.onekchi.picture,appchina
宠宠,com.gzcbkj.chongbao,xiaomi
恩启社区,com.ingcare,xiaomi
吴川脚爆爆,com.appbyme.app101945,xiaomi
乐迪送骑士,com.youjindi.lodicarryknight,xiaomi
陪我闲聊美女交友,com.youthful.xianliao,xiaomi
谷歌空间,com.google.android.apps.social.spaces,appchina
动心速配,com.dongxin.dxsp,xiaomi
头条新闻,com.thefansbook.topnews,appchina
乐迪送,com.youjindi.lodicarry,xiaomi
豆丁印记,com.theaty.mamisdiary,xiaomi
秀吧,com.xiu8.android.social,xiaomi
玩啥e族,com.javgame.wansha,appchina
魔方游戏宝,com.mofang.mgassistant,appchina
calibur,com.riuir.calibur,xiaomi
密码派,com.xuanyiai.pi,xiaomi
映丝,com.blbx.yingsi,xiaomi
植物大战僵尸2聊天群,com.weme.ggc.zombie,appchina
戴南论坛,net.duohuo.magapp.dainan,xiaomi
微信内涵表情,com.qwbcg.emord,appchina
聊播,company.chat.coquettish.android,qq
晓知识,com.zsff,xiaomi
考拉生活,com.xianjinxia.credit,xiaomi
竞速论坛,com.appbyme.app102916,xiaomi
正气,com.zhengnengliang.precepts,xiaomi
聊客,com.qingshu520.chat,xiaomi
脱水,com.tuoshui,xiaomi
口袋微博,com.android307.MicroBlog,appchina
友眼缘,com.tjmilian.shanpei,qq
天下网,cn.com.tx.chat.android,appchina
友加,cn.dpocket.moplusand.uinew,appchina
魔拼,com.mp.morepick,xiaomi
积目,com.fenzotech.jimu,xiaomi
橙聊,com.chat555.app,xiaomi
哈图,com.appmagics.magics,appchina
名望,com.movingupon.mw,xiaomi
宜兴在线,com.www.ccoocity.ui,appchina xiaomi
消息群发,com.wxhelper,xiaomi
抬杠,com.hoodinn.venus,appchina
百通千话,com.baitongqianhua,xiaomi
悄悄话漂流瓶,net.sjang.sail,appchina
丰县论坛,com.fxlt.forum,xiaomi
瑞丽网,cn.com.rayli.magazinehouse,appchina xiaomi
花椒恋人-人人闲聊,com.aiai.seight,xiaomi
吹泡泡搞对象,com.blsm.rlnn,appchina
朋友定位-足迹迷,com.zujimi.client.activity,appchina
煤炭江湖,com.xinqiao.meitanandroid,xiaomi
棉花糖-直播交友,com.mobilelive.showCommunity,xiaomi
约*,com.yue.ai.yuanfen,appchina qq
英雄联盟盒子,com.duowan.lolbox,appchina
次元Plus,com.asdfghjjkk.superiordiaryokdsakd,xiaomi
凡屋奇,com.tylee.chating.view.activity,xiaomi
常熟人家,com.changshushurenjia.forum,xiaomi
PA语音,com.onepunch.papa,xiaomi
范团,com.wetime.fanc,xiaomi
真想聊多人视频聊天,com.tiange.hz.xliao,appchina
UUCall网络电话,com.sun.uucalldialer,qq
小鱼网,com.shengshi,appchina xiaomi
开心明星脸,com.tapindata.happyfamousface,appchina
慧盟物业助手,com.everhomes.android.anbangwuye,xiaomi
诱动,com.zztfitness,appchina
探她交友-约会聊天,cn.tantady.tt,xiaomi
陌聊秘探交友,com.date.trident,xiaomi
网喵,com.sicent.app.baba,xiaomi
失格日记,com.utaidev.depression,xiaomi
蚂蚁帮邦,com.mybb.yzkj,xiaomi
二柄,com.diershoubing.erbing,appchina xiaomi
门城通,com.systoon.menchengtoon,xiaomi
豁者,com.huozheor.sharelife,xiaomi
交易猫,com.jym.mall,appchina
泰伯,com.taibo.taiboapp,xiaomi
最右,cn.xiaochuankeji.tieba,appchina
蹦迪,com.uyouqu.disco,xiaomi
橙娱乐,com.allyworld.jwyx,appchina
遇到视频聊天,com.yunlian.yudao,appchina
随喵,com.d2mini.ranchat,xiaomi
WITH一起,cc.youplus.app,xiaomi
捉妖,com.duohee.lingxi,xiaomi
嘿嘿社交,com.bingo.heihei,xiaomi
惠州论坛,com.huizhouluntan.mobile,xiaomi
优聊,cn.youliao365,appchina
东台求职版,com.m18362219279.kje,xiaomi
同城约见,com.erotsy.cltdsso,xiaomi
易发风采,com.xysh.hk,xiaomi
旅信Pro,com.travelrely.wifibox,xiaomi
校园蛋蛋,com.yifa.kuai,xiaomi
榴莲,com.baidu.image,appchina
钓鱼人,com.lchr.diaoyu,appchina qq xiaomi
我约,com.daigen.hyt.wedate,xiaomi
微吐槽,com.weroast.app,xiaomi
MM,com.mmapp,appchina
玩转宝轮,com.appbyme.app214001,xiaomi
情说,com.lingshi.qingshuo,xiaomi
爬山—寻找喜欢爬山的朋友！,com.ifudi.coushou.view.a20,appchina
柬讯,me.jianxun.android,xiaomi
三蒸仙桃,com.sanzheng.forum,xiaomi
我主良缘,com.gdswww.wzlyapplication,xiaomi
乐活分享,com.youa.mobile,appchina
林八哥品茶,io.dcloud.W2Awww.linbage.com,xiaomi
知页Pick,com.likeshare.zhiyeplanet,xiaomi
知己交友,air.zhiji.app,xiaomi
乐鱼,com.sxkj.wolfclient,xiaomi
度宇宙,com.baidu.duUniverse,xiaomi
轻音,com.yanjing.voice,xiaomi
互益圈团,com.huyiwo.huyi_android,xiaomi
大加,com.bq.intouchandroid,xiaomi
FunGo,com.mingbo.game,xiaomi
音泡,com.gmlive.emperor,xiaomi
爱族群,com.xinhuotech.family_izuqun,xiaomi
集集社区,dedhql.jjsqzg.com.dedhyz,xiaomi
叮趣,com.cn.waper.dingqu,xiaomi
同城热恋,com.tongchengrelian.main,appchina
i秀 - 爱交友，疯狂秀,com.ishow.ui,appchina
着迷,com.joyme,xiaomi
XMS,com.ebuddy.android.xms,appchina
新浪微米,com.lanshan.weimi,appchina
5iMX我爱模型,com.appbyme.app50136,xiaomi
群到,com.tiejiang.app,xiaomi
音之,com.dongdongkeji.wangwangsocial,xiaomi
手狼,com.mg.werewolfandroid,xiaomi
阿众,com.xunzhong.contacts,qq qq
NGA玩家社区,gov.pianzong.androidnga,appchina
EXO-L,com.smtown.exo_fanclub.androidapp,appchina
沪煤通,com.junseek.meijiaosuo,xiaomi
磁力云播神器,com.clybapp,appchina
知更,fun.zhigeng.android,xiaomi
蛋蛋星球,com.ddxq.app,xiaomi
祝福短信,net.joydao.spring2011,appchina xiaomi
人人韩剧,com.leku.hmq,xiaomi
有伴-陪我聊天,com.maoshang.youban,xiaomi
大蓝鲸,com.android.microradio,xiaomi
自动来电录音,com.appstar.callrecorderpro,qq qq
QQ空间,com.qzone,appchina qq qq xiaomi
驿社区,com.fluvet.yichi.yichi,xiaomi
聚同,com.gay59,appchina
个性,com.gexing.ui,appchina
一起秀直播,com.shejiao.yueyue,appchina
买誉建材圈,com.maiyujiancai.api20180820,xiaomi
同城在线约会,com.miaoyuanhunlian.main,appchina
心灵兽,tv.sirme.live,xiaomi
水信,com.heshi.niuniu,xiaomi
大焦作,com.dajiaozuo.app,xiaomi
我叫MT聊天群,com.weme.ggc,appchina
全角生活,com.life360.android.safetymapd,appchina
欢乐直播,com.tiange.hz.happy88,appchina
时空网,com.gxsky.android.bbs,appchina
贝语,cn.beiyu,xiaomi
理赔学堂,com.geekann.app,xiaomi
上车,shangche.club.geton,xiaomi
推推互动阅读,com.aixiaoqun.tuitui,xiaomi
微水木,com.demon.weism,appchina
邻居,com.soufun.neighbor,appchina
贝聊家长版,com.babychat,qq
四库一平台,app.com.webapp,xiaomi
同城约会,com.netease.citydate,appchina xiaomi
麦萌对手戏,com.mengfm.mymeng,appchina xiaomi
眉山人网,com.appbyme.app153369,xiaomi
班外,com.tongqu.myapplication,xiaomi
大新乡,com.daxinxiang.forum,xiaomi
We部落,com.example.xbutton.helloweproject,xiaomi
大衢城,com.daqucheng.forum,xiaomi
丫酷美女视频聊天社区,com.boxin.yaakuu,appchina
绯闻语音,com.gossip.ziv.gossip,xiaomi
微信通,com.ts.wxt,appchina
彩程茶叶,cn.chci.yncccy.jucaiyun,xiaomi
蛋宝聊天室,mobisocial.omlet,appchina
脸信,com.chilei.lianxin,xiaomi
78CIO,com.cio,xiaomi
么么哒,com.syezon.lvban,appchina
善执者行,com.menglan.zhihu,xiaomi
点点猫,com.small.eyed,xiaomi
爱游戏,com.egame,appchina
Bingo,com.zone.lucky,xiaomi
号外,com.eemedia.superidol,appchina
快活直播,com.lefeng.project.live,xiaomi
理想论坛,com.treasure.dreamstock,xiaomi
拉拉公园,com.redwolfama.peonylespark,appchina xiaomi
遇见,net.iaround,qq xiaomi
失恋大药瓶,com.leftinfo,appchina
诗词格律,shanks.scgl,xiaomi
百合相亲,com.baihe.date,appchina
QQ国际版,com.tencent.mobileqqi,appchina qq
部落战争精品攻略,com.wowka.gameguide.clashofclans,appchina
空间小窝,com.tencent.HappyRoom,appchina
一起浪,com.hanson.e7langapp,xiaomi
DoChat,io.dochat,xiaomi
艾家公社,com.yuneasy.hbsw,qq
东台企业版,com.f18362219279.xui,xiaomi
品圈,com.pinyi,xiaomi
酷编,org.zywx.uexweixin11678657,xiaomi
51闪聊,com.tangran.diaodiao.game,xiaomi
饭否,com.fanfou.app,appchina
聊天恢复大师,com.wechat.qx.myapp,xiaomi
Social Media Hub,com.runway.socialmediahub,xiaomi
HD199,com.hefoni.yy,xiaomi
JusTalk Kids,com.justalk.kids.android,xiaomi
缘来约会交友,com.linyuekeji.yuanlaijiaoyou,xiaomi
交运配货,com.topjet.crediblenumber,qq qq
口袋·防弹少年团,com.yinyuetai.fangarden.bts,appchina
Hong,com.suiyi.camera,xiaomi
Lugo路过--室外最好玩的游戏化社交应用,com.footmark,appchina
换图-匿名照片交换,com.yy.mosaic,appchina
包厢,com.eyedance.balcony,xiaomi
浏览器转换,com.nightshadelabs.anotherbrowser,appchina
모이자,com.moyiza.portal,xiaomi
视否,com.za.youth,xiaomi
摸鱼塘,com.jens.moyu,xiaomi
鼎峰智慧社区,com.everhomes.android.dingfenghui,xiaomi
OPPO乐园,com.oppo.community,appchina
靠谱妈—备孕、怀孕、育儿必备的备孕助手、怀孕管家、育儿知识大全,com.bbt.ask,appchina
易出境,io.dcloud.H56D517FF,xiaomi
聚绘,com.hj.circles,xiaomi
爱的档案,com.ureading.loverecords,appchina
云家园,com.licheng.cloud,xiaomi
搞怪,com.appbyme.app983,appchina
与你,com.uneed.yuni,xiaomi
花瓣情感,com.guigui.emotion,xiaomi
撸点新闻,com.baidu.hao123ludian,appchina
尬圈,com.hnhj.circle,xiaomi
八交,com.zhixing.zhixingapp,xiaomi
多耳倾诉,shopping.hlhj.com.multiear,xiaomi
闹钟控,com.rumtel.clock,appchina
若爱相亲免费交友,com.ruoaiwang,xiaomi
Chat Now,com.wChatNow_7210252,xiaomi
秒唱,com.ys.youshow,appchina
有缘网,com.youyuan.yyhl,appchina qq xiaomi
派信,com.dejun.passionet,xiaomi
凯迪,net.kdnet.club,appchina
游艇王,com.youtingwang.yacht,xiaomi
Ask.fm问答社区,com.askfm,appchina
快乐粉丝会,com.huliantongda.kuailefensihui,xiaomi
甬恋,com.nbwbw.yonglian,xiaomi
abbs,com.master.alian,xiaomi
撩妹话术库,com.lmhsk.apk,xiaomi
恋爱蜜语,com.duomi.ky,xiaomi
喃呱,com.soundcolor.nangua,xiaomi
魅力约,com.pp.wsy.bosom,xiaomi
诗歌中国,com.appbyme.app159001,xiaomi
葡萄社交助手-阅读朋友,so.putao.community,appchina
附近陌约会,com.yf.fjmyh,xiaomi
铛铛,com.aladdin.dangdang,xiaomi
茄子婚庆,com.idcsc.qzhq,xiaomi
乐清上班族网,com.appbyme.app116502,xiaomi
前任博物馆,com.gos.exmuseum,xiaomi
见见-交友聊天,com.blsm.horoscope,xiaomi
左右宠物,com.weidiantech.catcollar,xiaomi
表白神器,com.bbshenqi,appchina
EC,com.eclite.activity,appchina
梦舞台,com.jiuhangkeji.dream_stage,xiaomi
族谱,cn.zupu.familytree,xiaomi
良缘婚恋-同城相亲,com.parorisim.liangyuan,xiaomi
诸隔亮,com.ddwy.zgl,xiaomi
微领地,com.gypsii.elingdi.activity,appchina
我请客—最直接的约会交友神器,cn.com.my.treat.app,appchina
屏客来电秀,com.huimao.bobo,qq
Gorkor,com.gorkor.gk,xiaomi
豆瓣,com.douban.frodo,appchina qq qq xiaomi
宁国论坛,com.appbyme.app44630,xiaomi
乐寻坊,com.formssi.seekfunbook,xiaomi
华信,com.huahan.business.im,xiaomi
蜜爱婚恋,com.miai.hunlian.app,appchina
豆唱,tv.dasheng.lark,xiaomi
最左日记,com.dq.riji,xiaomi
糖果圈,com.tangguo88,xiaomi
线头公益,com.apex.benefit,xiaomi
美萌,com.wangzhi.beauty,appchina
陪聊-美女交友聊天,com.mm.peiliao,xiaomi
凿凿,com.shenma.zaozao,xiaomi
趣呀,com.caiku.brightseek,xiaomi
周公解梦—运程命理&周易测算,oms.mmc.independent.ad.zhougong,appchina
Biu,com.woniu.huanwei,appchina
同城约会聊天交友,com.qmyuan.mqyan,xiaomi
嘉兴第九区,com.jx09.forum,xiaomi
IMVU Mobile,com.imvu.mobilecordova,appchina
约陌,com.colcy.wetogether,appchina
减压吧,com.yuedong.relax,appchina
聊吖,com.douchat.packet,xiaomi
面具公园,com.maskpark,xiaomi
聚惠活动,com.xunqi.mm,xiaomi
安建小易,com.doschool.ajd,xiaomi
呱呱唱聊天天K歌,com.guagua.guachat,appchina
南沙政务通,com.nansha.cochat,xiaomi
绿区,com.lvqukeji,xiaomi
我是海归,com.imhaigui.android,xiaomi
板栗,com.flareim.flareim,xiaomi
百度奥运贴吧,com.baidu.baiduaoyun,appchina
掌上飞车-QQ飞车唯一官方应用，大神直播/互动社区/实时聊天/海量福利,com.tencent.gamehelper.speed,qq xiaomi
针网,com.km.zhenwang,xiaomi
水头在线,com.appbyme.app116986,xiaomi
Topit图库,com.topit,appchina
随聊,air.com.heyushikong.vchat,appchina
清领,com.nd.app.factory.leadership,xiaomi
Google Duo,com.google.android.apps.tachyon,appchina
见面-私人约会顾问,cn.yszr.meetoftuhao,appchina qq
番茄社区,com.chushou.findingme,xiaomi
Vapeam电子烟,com.vapeam.vp,xiaomi
党建e家云,cn.whservice.partybuilding,xiaomi
Dubsmash配视频,com.mobilemotion.dubsmash,appchina
趣深圳,com.qushenzhen.forum,xiaomi
梅花婚恋,com.lycom.MarryChat,xiaomi
深圳科技园,com.everhomes.android.park.tec_park,xiaomi
视频达人秀,com.kxshow,appchina
脸盆网,com.appbyme.app201656,xiaomi
城市之间,com.betweencity.tm.betweencity,xiaomi
潮信,im.chaoxin,appchina qq xiaomi
大秀域,com.tangdada.showyu,xiaomi
花魁,com.quezhao.huakui,xiaomi
我在找你,com.wzzn.ilfy,appchina
缘份吧-同城交友、找对象、恋爱、约会必备神器,com.xiaochen.android.fate_it,appchina
AA派对,com.android.partyforfriend,appchina
安卓短信,com.nd.sms,qq
微爱,com.welove520.welove,qq xiaomi
咪客装扮,cn.micat.ui,appchina
多闪,my.maya.android,appchina xiaomi
小手电,com.iqiyi.cola,xiaomi
双卡助手,com.cozylife.smshelper,xiaomi
Discord语音交流,com.discord,appchina
逗推,com.jty.doutui,xiaomi
未来邻里圈,com.yzwxhd.llq,xiaomi
加马语聊,org.jiama.hello,xiaomi
四迹,com.ftwhcm.fourtrace,xiaomi
推音,com.tuiYinChatRoom,xiaomi
偶易,com.jiahong.ouyi,xiaomi
红豆Live,com.uxin.live,appchina xiaomi
哈哈语音,com.kuaixiang.haha,xiaomi
最汉源,com.appbyme.app175158,xiaomi
某陌-茄子视频,com.meiliao.sns13,xiaomi
PMCAFF,com.pmcaff.web,xiaomi
喜翻,com.yunche.android.kinder,xiaomi
4G电话,com.fourcall.wldh,qq
派说,com.paidai,appchina
楚八街,com.chubajie.forum,xiaomi
泡泡陪我,com.yx.ppchat,xiaomi
花粉俱乐部,com.huawei.fans,appchina qq
康利K生活,com.everhomes.android.kangli,xiaomi
花猪快信,com.albatross,xiaomi
汉中生活圈,com.hanzhongshenghuoquan.forum,xiaomi
北瓜电话,com.lezhi.mythcall,qq
夜色**,com.gdhk.jmbz,appchina
Tplus图片社交,com.tplus,appchina
律吧,co.ichoco.lawbar,xiaomi
绍兴青联,com.seeme.shaoxql.activity,xiaomi
水晶直播,com.tiange.live,appchina
有爱宠,com.boyuanpay.pet,xiaomi
探蜜-聊天交友,com.goolee.findmee,xiaomi
Master 达人,com.shishiTec.HiMaster,appchina
在友,com.jinsec.zy,xiaomi
大嵊州,com.bigshengzhou.v1,xiaomi
我的访客,io.dcloud.H57DCE846,xiaomi
宠物之家,com.PetHome.forum,xiaomi
hope,com.ailian.hope,xiaomi
看相大师,com.vip186.kanxiang,appchina
医生圈,com.dachen.medicalcircle,xiaomi
录音宝,com.iflytek.recinbox,appchina
悦夜,com.happyNight.bnq,xiaomi
帮帮广播,com.jinchenyun.bang,xiaomi
掌上WeGame,com.tencent.tgp,qq xiaomi
所依,com.ilanchuang.xiaoi,xiaomi
千耳,com.qianer.android,xiaomi
丸子-你画我猜,com.iwanpa.play,xiaomi
悠悠,com.jingling.yoyo,appchina
点愿,com.dykj.wishshare,xiaomi
秀山生活网,com.cqxiushan.forum,xiaomi
天天飞车 玩吧攻略,com.itold.ttfc,appchina
弹豆,com.touchbean.tandou.app,xiaomi
温柔香-漂流瓶交友,com.flqy.quickchat,xiaomi
朋影圈,com.movie.mling.movieapp,xiaomi
瞩目,com.suirui.zhumu,xiaomi
米聊,com.xiaomi.channel,appchina qq xiaomi
Up直播,com.asiainno.uplive,xiaomi
昌智汇,com.everhomes.android.changzhihui,xiaomi
PP语音-电话聊天交友,com.ppcall.ppcall,appchina
自在社区,com.rfchina.app.supercommunity,xiaomi
谜语大全及答案,com.andow.appRiddle,appchina
POCO照片,cn.poco.wblog,appchina
戚薇App,com.android.moloon.u2App.qiwei,appchina
自驾对讲机,com.jjftp.ptt,appchina
流量盒子,com.zyc.flowbox,qq qq
有恋约会,cn.ulinked.activity,appchina
新军事武器库,com.ikantech.military,appchina
皮皮PiPi,com.chudiangameplay.android,xiaomi
YY HD,com.duowan.pad,appchina
和苗儿童手表,com.toycloud.watch2.YiDong,xiaomi
玩车集中营,cn.jwjd.wanche,appchina
同城陌约会,com.momyuan.meyai,xiaomi
微精选,com.cola.twisohu,appchina
每日一卦,com.flex,appchina
知了社区,com.h3c.zhiliao,xiaomi
云视联,com.citc.ysl,xiaomi
咋了,com.zhongying.aq,xiaomi
号簿管家,com.huawei.pisa.activity,qq
微距影厅,marksen.mi.tplayer,xiaomi
蒙山网,com.mocuz.mengshanwang,xiaomi
ex拨号,com.modoohut.dialer,qq
闪约&mdash;同城单身交友,com.juewo.nobody,xiaomi
相看,com.wetran.xiangkan,xiaomi
Meow即時隨機聊天,com.minus.android,appchina
爱讲冷笑话,com.coldworks.coldjoke,appchina
这个那个,com.zhegenage.script,xiaomi
城市快讯,com.chengshikuaixun.forum,xiaomi
缘来婚恋(同城交友),com.yuanlai,qq
乐cp聊视频交友,com.mm.leliao,xiaomi
夜爱直播,com.tiange.hz.paopao8,appchina
抖约,com.dida.douyue,xiaomi
yaktalk,com.cccampus.younglife,xiaomi
厨房日记,com.ebanswers.kitchendiary,xiaomi
说不得,com.sbd.client,appchina
浦江网,com.pujiang.forum,xiaomi
约玩游戏,com.touhuljx.yuewan,xiaomi
墨池书法,com.mingzhihuatong.muochi,xiaomi
小肚皮,com.team108.xiaodupi,xiaomi
TECARE,com.teware.tecare,xiaomi
Owhat,cn.owhat,xiaomi
相亲站,cn.xiangqinzhan,xiaomi
PP约玩,com.lizhi.pplive,xiaomi
知否,com.bitstartlight.xvideo,xiaomi
蜜迩,com.mier.app.personal,xiaomi
人人- 潮流贴纸天天上新,com.renren.mobile.android,appchina qq xiaomi
伴游,com.quanliren.quan_one.activity,xiaomi
3G无线上网无限流量卡论坛,org.zywx.wbpalmstar.widgetone.uex10051765,appchina
聊聊,com.liao,appchina
杀人游戏—寻找喜欢玩杀人游戏的朋友！,com.ifudi.coushou.view.a1,appchina
东湖社区,com.dhsqbbs.bbsdhsq,xiaomi
叽喳校园 (推荐),com.example.xiaopang.xiaopang,appchina
西蜀网,com.qianfan.xishu,xiaomi
校园无忧网,com.school51,appchina
正宗漂流瓶,com.bottlecp,xiaomi
我老家,com.woljia.wlj,xiaomi
微鲤看看,cn.weli.story,appchina xiaomi
看看,com.look.weiliao,xiaomi
云喇叭,com.shenbianvip.app,xiaomi
艾米手机视频,com.mobimtech.imichat,appchina
Dope,com.example.android.dope,xiaomi
天天群聚会,com.daywin.ttqjh,appchina xiaomi
美呼-语音聊天软件,com.callme.mh,xiaomi
推特客户端,jp.r246.twicca,appchina
泡多多,cn.citytag.mapgo,xiaomi
DNF助手,com.tencent.gamehelper.dnf,appchina xiaomi
邻伴,net.linban.app,appchina
剑网3推栏,com.seasun.tech.woh.jx3companion,xiaomi
小鱼儿论坛,com.xyeltzx.sxm.tlt,xiaomi
交友,com.baihe.meet3,appchina
极限分享,com.simpleisok.android,appchina
恋爱ing,com.qufaya.couple,xiaomi
情说专家版,com.lingshi.qingshuomentor,xiaomi
几甜,com.jitiancp.jitianapp,xiaomi
信宜365,com.xinyi365.forum,xiaomi
鱼丸大人,com.ledot.ugc,xiaomi
电气部落,com.electrical.forum,xiaomi
去敲敲,com.quqiaoqiao.client,xiaomi
江夏TV,com.appbyme.app197173,xiaomi
街旁 - 城市生活、美食交友、优惠LBS！,com.jiepang.android,appchina
孕妈交流互助,com.weilian.miya.activity,appchina
友邻,com.portaura.myaura,appchina
附近秒约交友-同城,com.doujiangstudio.android.makefriendsnew,xiaomi
一游说,com.chufang.yiyoushuo,xiaomi
TRCNG,cn.candlemystar.trcng,xiaomi
StarStar,com.daydayup.starstar,xiaomi
闪约-附近陌约交友,com.sirong.dating,xiaomi
闪秀来电助手,com.jiexun.hishow,qq qq
童梦无忧,com.app.childus,xiaomi
衣启丸,com.litchon.yqw,xiaomi
熊洞语音,com.wifi.mask,xiaomi
如室,com.app.rushi,xiaomi
旗客,com.gearkr.app,xiaomi
人人红娘,com.eluanshi.renrencupid,appchina
Only婚恋相亲,com.only.xiaomi,xiaomi
附近约爱,com.wangjiang.fjya,qq qq
TT语音,com.yiyou.ga,appchina xiaomi
隐身色,com.yinshen.se,appchina
英客,com.example.herocoming,xiaomi
iG俱乐部,com.famulei.ig,xiaomi
告白墙,cn.hupoguang.confessionswall,appchina
天天有内涵,com.atom.connotationtalk,xiaomi
追星族,cn.com.starchaser.android.browser,appchina
珍爱情感,com.za.consultation,xiaomi
男生宿舍-社区交友,com.wisedu.hostel,appchina
测测颜值吧,com.mayt.ai.app,xiaomi
贪玩,com.tanwan.gamebox,xiaomi
爱收入,iquest.aiyuangong.com.iquest,xiaomi
17,com.machipopo.story17,appchina
天气应用程序,com.macropinch.swan,appchina
微博,com.sina.weibo,appchina xiaomi
灵魂面具,com.dreamtd.strangerchat,xiaomi
喷嚏图卦,com.cimi.pic.news,appchina
轻奢-伴游陪玩,com.unclegroup.app,xiaomi
喵扑,com.wemew.miao.pu,xiaomi
掌上龙口,com.zslongkou.www,xiaomi
香蕉说,com.bana.bananasays,xiaomi
糖糖圈医院端,so.ttq.apps.teaching,xiaomi
MOMO约,com.meetfave.momoyue,xiaomi
百斗Rank,com.starrank,xiaomi
聊聊,com.liaoliao.android,xiaomi
戏精大侦探,com.quling.jubensha,xiaomi
车友会,com.autohome.club,appchina
Highing,cn.highing.hichat,appchina
咕咕语音,com.gugu.android,xiaomi
Summer,cn.imsummer.summer,xiaomi
天天抖料,com.ttdl.douliao,xiaomi
碰面,net.duolaimei.pm,xiaomi
猫咪视频,com.asddf.zxsxc,xiaomi
猫的名字,com.catnames,xiaomi
米优汇,com.dev.miyouhui,xiaomi
海大星艺,com.haidaxingyi.haixing,xiaomi
绿手指,com.lrgarden.greenFinger,xiaomi
文明社区,cn.natrip.android.civilizedcommunity,xiaomi
一句话心情签名,smo.edian.yulu,xiaomi
洞庭虾网,net.duohuo.magapp.dtingxia,xiaomi
甜蜜恋人,com.youban.sweetlover,appchina
亲时光,com.qingtime.icare,xiaomi
乐侃,com.aini25.netchat,appchina
冒泡社区,com.skymobi.moposns,appchina
名城淮安网,com.mingchenghaw.app,xiaomi
掌上足球,com.jinbaoboyl.hdck,xiaomi
伴心,com.qingdeng.banxin,xiaomi
靓号之家,net.frontdo.wzj,xiaomi
天涯论坛,com.baycode.tianya,xiaomi
杂智,net.duohuo.magapp.syh,xiaomi
万万,io.dcloud.H50D8112A,xiaomi
嘉兴圈,com.jialun.forum,xiaomi
巴中之窗,com.bazhongzhichuang.forum,xiaomi
掌游宝,com.anzogame.esports,xiaomi
一亩三分地,nacosiren.github.a1point3acres,xiaomi
比邻,com.bilin.huijiao.activity,appchina qq qq
虞生活,com.vip0575.app,xiaomi
美篇,com.lanjingren.ivwen,qq xiaomi
遇道,com.ve_link.androids,xiaomi
快信,chatgo.kuaixunhulian.com.chatgo,xiaomi
掌上穿越火线,com.tencent.qt.sns,xiaomi
奋斗在韩国,com.icnkr.xinhua,xiaomi
哗哗赚,com.baidu.punative,xiaomi
掌上小凉山,net.duohuo.magapp.zsxls,xiaomi
大板凳,com.dabandeng.activity,appchina
PSK,com.psk.app,xiaomi
微合师,com.doschool.hfnu,xiaomi
路口－购物神器,com.lukouapp,appchina
豆瓣小组,com.douban.group,appchina
微博轻版,com.sina.weibolite,appchina xiaomi
好好养,com.haohaoyang,xiaomi
咨寻Wooask,com.wooask.zx,xiaomi
恋爱君,com.igreat.aoao,xiaomi
v聊客聊天交友,cn.mimilive.xianyu,xiaomi
搞笑QQ动态表情,lgc.funnyqq.activity,appchina
乐语,com.doyoo.lyygbuyer,xiaomi
秘聊,com.shengjuntech.im,xiaomi
饕客,com.pack.peopleglutton,xiaomi
移动V号簿,com.shengfang.cmcccontacts,xiaomi
心悦俱乐部,com.tencent.tgclub,appchina xiaomi
来监督,com.leyongleshi.ljd,xiaomi
CC,io.dcloud.H5D279696,xiaomi
热恋,cn.relian99,appchina
Yan-烟友召唤神器,com.yktx.yan,appchina
遇见同城约会,com.idate.datepro,xiaomi
推推聊天室,app.taolesschat,appchina
附近遇爱交友,com.yishuangnet.dsyajy,xiaomi
微乐,com.ydh.weile,qq
Ameba日本版:Ameba,jp.ameba,appchina
重庆购物狂,com.phonegap.cqmmgo,xiaomi
小宠伴你,com.petbanny.app,xiaomi
觉醒东方,com.fsxq.oaca,xiaomi
若情免费相亲交友,com.ruoqingwang,xiaomi
情侣空间,com.welove520.qqsweet,qq xiaomi
QA恋,com.iqiubo.love,appchina
觅聊,com.cddy.isee,xiaomi
脉脉精英版,com.taou.maimai.advance,xiaomi
布谷提醒 生日微信短信祝福 ＆ 节日聚划算活动提醒,com.my1net.gift91,appchina
恋爱记,com.lianaibiji.dev,appchina
信源豆豆,com.vrv.im,xiaomi
彼信商业社区,com.maoyongxin.myapplication,xiaomi
贝圈,com.zuiai.bq,xiaomi
牵手恋,com.qianshoulian.app,appchina qq
渠县网,net.quxian.www,xiaomi
公子小白,com.gowild.mobileclient,xiaomi
梦幻西游助手,com.netease.xyqhelp,xiaomi
TT译聊,com.ruptech.chinatalk,appchina
姐的那点事儿,com.hulutan.cryptolalia,appchina
企鹅电竞,com.tencent.qgame,appchina
废纸圈,com.example.zxwfz,xiaomi
芥摩,com.jamoo,xiaomi
旺信-阿里旺旺手机版,com.alibaba.mobileim,qq
脉链MyLink,com.dlm.amazingcircle,xiaomi
GaGaHi,com.zoneyet.gaga,xiaomi
恋恋,com.xiehou,appchina
无线邻居,com.yeeron.wifineighbour,appchina
天企汇,com.everhomes.android.tianqihui,xiaomi
有恋网,com.rdno.sqnet,appchina
心理医生,cn.xrong.mobile,appchina
处CP,me.ddkj.cp,appchina qq xiaomi
窝圈,com.jmkj.wq,xiaomi
短视频社交,com.keek,appchina
行家说,com.android.caidkj.hangjs,xiaomi
沛县便民网,com.appbyme.app135356,xiaomi
美丽美,com.meilimei.beauty,appchina
Maaii：免费通话及消息聊天,com.maaii.maaii,appchina
QQ 个性化,com.example.qq,appchina
小呼吸,com.tianxin.xhx,xiaomi
滁州E站,com.xzez00.bjfmxzez0,xiaomi
Canon Camera Connect,jp.co.canon.ic.cameraconnect,qq qq
蜜聊-聊天交友,com.leeboo.leelive,xiaomi
陪我聊,com.cdcl.cfriend,xiaomi
QQ签名档,com.appwill.reddit.lyqqstatus,appchina
韩剧TV社区版,com.hanju.hanjtvc,xiaomi
Yoyoo,com.beyondin.travialsociallife,xiaomi
遇见好时光,cn.com.lamatech.date,xiaomi
交往吧相亲交友,org.zywx.wbpalmstar.widgetone.uex11535432,xiaomi
点心,com.happytime.dianxin,xiaomi
大邯郸,com.dahandan.forum,xiaomi
精脉客源,com.monet.renmai,xiaomi
奇聊,com.szqd.qchat,xiaomi
迷你盒子,com.app.Minibox,xiaomi
农民哥,com.nomge.android,xiaomi
口贷社区,net.duohuo.magapp.kdsq,xiaomi
尾牙大学,com.yiju,xiaomi
宠遇,com.pet_friends,xiaomi
BlackLight微博,us.shandian.blacklight,appchina
YoMe,language.chat.meet,xiaomi
自由蜜蜂,com.liaoying.mifeng,xiaomi
iUU多媒体免费短信,com.iuumobile.activity,appchina
SoulSense,com.android.soulsense,xiaomi
微微电话,com.yunlian.wewe,xiaomi
HotFace,com.hotface.star,xiaomi
了了,mega.sdbean.com.assembleinningsim,xiaomi
化龙巷,com.hualongxiang,appchina
最懂我,cn.zuidongwo.zdw,xiaomi
陌爱交友,com.mlkj.xya,qq
Sudy-高端交友,com.sudyapp,xiaomi
嘿嘿语音,com.ztgame.bigbang.app.hey,xiaomi
MOJIGO,cn.block12.mojigo,xiaomi
左象,com.lianqun.cacart,xiaomi
花椒直播,com.huajiao,appchina
totwoo,com.totwoo.totwoo,xiaomi
115,com.ylmf.androidclient,qq
艾米直播-有逼格的美女秀场,com.mobimtech.natives.ivp,appchina
络龙,com.chinasoft.luolong,xiaomi
手工客,com.shougongke.crafter,xiaomi
缘加相亲,com.liuzxx.ycshzot,xiaomi
西五街,com.liulianp.android,xiaomi
go好玩,com.goohw.goplay,xiaomi
悠趣直播,com.uqu.live,xiaomi
云电脑,co.liquidsky,appchina
奥氏族谱,com.aojiapu.app,xiaomi
吱声,com.dubmic.dubmic,xiaomi
懂表帝,com.cztec.watch,xiaomi
联汇小灵,com.linker.smartbrain,xiaomi
越野侠,com.yueyexia.app,xiaomi
口袋书香,com.appbyme.app3858,appchina
约看Yoker,com.haomee.yocker,appchina
币阅,com.lmetoken,xiaomi
孙子兵法2,air.com.kidmobile.szbf2,appchina
淘心,com.hotmate,appchina
和多号,com.cmcc.numberportable,qq
乐萌抓娃娃,com.loovee.fastwawa,appchina
网信,com.sxit.mimsg,appchina
大学橙,hx.com.hxapp,xiaomi
联盟商会网,com.globalalliance,xiaomi
富聊,com.esky.echat,appchina
夜都市,waco.citylife.android,appchina
MRP模拟器(冒泡官方版),com.skymobi.mopowydt,appchina
小行星,com.study.ansteroid,xiaomi
扩约,com.taotao.kuoyue,xiaomi
植物大战僵尸2完美攻略,com.youc.gameguide.zhiwu,appchina
英聊,com.xr.enchat,xiaomi
咕噜咕噜,cn.morningtec.gacha,appchina
知蜜,com.live.zhimi,xiaomi
番茄语音社区,com.fanqie.yuying,xiaomi
家好,com.zongjikeji.family,xiaomi
小狗在家-宠物寄养,com.viptail.xiaogouzaijia,xiaomi
玩电影,com.mofunsky.wondering,appchina
爱宝宝,net.abaobao,appchina
qt语音社区,com.appbyme.app56511,appchina
K歌房,com.qixi.ksong,appchina
抖图,com.zoomlion.picturearticle,xiaomi
手游帮-游戏最佳帮手,com.muji.guidemaster,appchina
杭州圈,com.hh85.hangzhouquan,xiaomi
朝聘天下,com.zhaopintianxia.app.zhaopintianxia,xiaomi
腾讯微博,com.tencent.WBlog,appchina qq
kds宽带山,net.pchome.kds,appchina
高手电竞-陪玩版,com.gogosu.gogosuandroid,xiaomi
壹佛历佛学,com.xiaoyu.yfl,xiaomi
360企业云盘,com.qihoo.cloudisk,appchina
MYOTee脸萌(拼出你的卡通头像),com.miantan.myoface,appchina
碰头短信,top.yokey.ptdx,xiaomi
164法律服务,com.app.yls,xiaomi
四城相识,com.sicheng.forum,xiaomi
美剧社,com.meiju.meijs,xiaomi
微博国际版,com.weico.international,appchina xiaomi
文字转图片,com.zz.xinfo,appchina
迦南美地,com.ysxsoft.jnmdi,xiaomi
装*神器,io.influx.hotface,appchina
柳叶谷,com.yl.android,xiaomi
真情婚恋,com.truelove,xiaomi
听会儿中医,com.zjst.houai,xiaomi
天天看看美女,cn.com.yutian.qsyk.activity,appchina
搜恋,cc.solian.shareapplication,xiaomi
TA趣交友,club.chenyiy.market,xiaomi
相亲神器,com.huizheng.xqsq,qq
斗趣语音,com.wanxin.douqu,xiaomi
ONE兔,com.diandao.feng.rabbit,xiaomi
VKiss,com.yizhuan.ukiss,xiaomi
百合非诚勿扰,com.itotem.sincere,appchina
影约——约人看电影,cn.oursound.moviedate,appchina
拓拓,cn.gaialine.talkage,appchina
Ulive,com.ulive.live,xiaomi
花瓣美女 - 让美女心动的美女,com.huaban.beauty,appchina
TSF 信息小部件,com.tsf.shell.widget.message,appchina
爱友缘,com.hn.zan,xiaomi
Smooth微博客户端,com.mzba.happy.laugh,appchina
众筹,com.subject.zhongchou,appchina
疯狂恋爱,com.jiqinglianai.main,appchina qq
翼秀吧,com.sycf.ty,appchina
酒友,com.netease.jiu,appchina
拍么,com.nvshengpai.android,appchina
NFE车范,com.xuebank.nfe.nfecar,xiaomi
新娘说,com.xns.xnsapp,xiaomi
友友教师,com.youyou.teacher,xiaomi
发我,sxzq.ficc.fawo001,xiaomi
大鹿邑,com.daluyi.forum,xiaomi
赫兹,com.immomo.vchat,xiaomi
乐享电视,com.jstv.lxtv,appchina
微醺,com.hzlehua.WineWishing,xiaomi
看电影杂志,com.thefansbook.kandianyingzazhi,appchina
监利生活网,net.duohuo.magapp.jianli,xiaomi
闪特智媒生活,me.shante.www,xiaomi
阿克苏同城,com.chance.akesuwang,xiaomi
路游侠,com.bwuni.routeman,xiaomi
微脸,com.wuhui.weface,xiaomi
17,com.machipopo.media17,appchina
腔友圈,com.qiangyouquan.forum,xiaomi
5G speed browser,com.ww5Gspeedbrowser_8621494,xiaomi
配配,com.xmhaibao.peipei,xiaomi
基督徒社群,ltzc.com.christianassociation,xiaomi
密码酷,net.ask123.mima96,appchina xiaomi
高尔夫江湖,com.golf.brother,xiaomi
XChat,com.aomeng.xchat,xiaomi
单身钥匙,com.mqq.single.key,xiaomi
姜堰人网,net.duohuo.magapp.jyrw,xiaomi
有朋,com.dfws.youpeng,xiaomi
微美惠,com.hf.ccwjbao,xiaomi
真友婚恋,com.trueu.hunlian,xiaomi
小郎之家,com.hwx.balancingcar.balancingcar,xiaomi
QQ网名,com.gexing.wangming.ui,appchina
健康减肥4加1,com.goog4fit,appchina
9monsters,jp.co.applibros.alligatorxx,appchina
QQ情侣,com.tencent.loverzone,qq
我爱吃喝玩乐,com.appbyme.app77038,xiaomi
微蜜-聊天交友,com.leeboo.wemee,xiaomi
宠友帝,com.chongyoudi.chongyoudi,xiaomi
暖流,com.mmc.feelsowarm,xiaomi
实话,com.shshcom.shihua,xiaomi
路程,com.dh.journey,xiaomi
寻欢-轻语,com.duowan.xunhuan,xiaomi
邻里邻外,com.boyuanitsm.community,xiaomi
豆瓣广播,com.douban.shuo,appchina
小恩爱,com.xiaoenai.app,appchina qq xiaomi
面具派对,com.lmf.maskparty,xiaomi
药化圈,com.feipengda.medicalcircle,xiaomi
艺诺艺术,com.yinuo.app,xiaomi
缤果交友,com.and.bingo,xiaomi
葫芦娃,com.hi.huluwa,qq qq
LOFTER,com.lofter.android,appchina xiaomi
海归协会,com.appbyme.app275205,xiaomi
Bainu,com.zuga.im,xiaomi
安岳圈,com.anyuequan.app,xiaomi
广州通,com.xtownmobile.NZHGD.GZ,qq qq
MingQQ,com.zym.mingqq,appchina
推播—匿名城事,me.tuibo,appchina
开元寺,com.nd.app.factory.appkaiyuantemple,xiaomi
爱网游,com.GamerUnion.android.iwangyou,appchina
玩聊,com.clou.sns.android.anywhered,appchina qq xiaomi
速配交友-陌陌聊,com.mlkj.yicfjmmy,xiaomi
行善,net.imore.client.iwalker,appchina
i时尚,com.itrends,appchina
这儿,com.up.there,appchina
飞声,com.live.android.flyvoice,xiaomi
GPS辅助器,net.canaryx.gpsaids,appchina
魔晶,com.mojing.android,xiaomi
善缘佛堂,com.syw.chapel,xiaomi
漂流瓶,com.jiubang.app.piaoliuping,appchina
腾讯微博HD,com.tencent.microblog,appchina
寻缘约见,net.xy.yj,xiaomi
自家,com.ziroom.awesome,xiaomi
泡你妹,cn.fjxq,appchina
n分之一,com.jacpy.exchange,appchina
PIXIV插画鉴赏,com.kaede.aa_pixiv,appchina
蜜侣免费相亲,com.milvwang.milv,xiaomi
UM 联信,cn.intwork.um3,appchina
牙医秀,com.dentistshow,xiaomi
9134平台,com.example.kaiteng.hyr,xiaomi
美剧迷,com.thefansbook.meiju,appchina
节奏大师歌曲刷分辅助,com.youc.gameguide.jzds,appchina
哎呦粉丝,com.haohaishengshi.iufans,xiaomi
天天饮食,com.thefansbook.ttys,appchina
心猫心理,com.xinmao.depressive,xiaomi
芝麻问答,com.zhimawenda,xiaomi
打工圈有缘交友,com.julanling.dgq,appchina
互动吧,com.jootun.hudongba,xiaomi
wowo语音,com.jj.wowovoice,xiaomi
蜜爱-聊天交友,com.leeboo.findmee,xiaomi
在场,com.zing.chat,appchina
爱时间,com.slkj.itime,appchina
ARchat,com.shixing.ata,xiaomi
同城约会社交,com.leeboo.tcyue,xiaomi
蘑菇丁,com.smilingmobile.seekliving,xiaomi
影楼从业者,app.yinglou.com,xiaomi
辽宁移动,com.lncmcc.sjyyt,qq qq
Branding &amp; Influencers,org.badboyz.brandinginfluencers,xiaomi
四海亦家,com.sihaiyijia.forum,xiaomi
搜鸽网,com.souge.souge,xiaomi
崽崽ZEPETO,cn.zepeto.main,xiaomi
对面交友,com.blackbean.cnmeach02,appchina
文字变图片,com.yigutech.texttopic,appchina
织里365,net.duohuo.magapp.zhili,xiaomi
大家来K歌,com.nbblabs.toys.singsong,appchina
倾城,com.android.quanyun,appchina
微镜头,com.vtion.androidclient.tdtuku,appchina
噼咔噼咔,com.pikapika.picthink,xiaomi
班家-连接学校与家庭的教育交流工具,com.banjicc.activity,appchina
学化妆找小米-跟小米老师学习化妆美容技巧,cn.zhui.client814933,appchina
社群,com.syengine.sq,xiaomi
亿邻,com.samson.friends,xiaomi
VClub新浪微博客户端,com.flyjava.yiweibo,appchina
卡车之家,com.truckhome.bbs,appchina
哇啦,com.socialtv,appchina
标迹,com.ingwill.mark,xiaomi
正中会,com.everhomes.android.kexin,xiaomi
BAT,com.sisisan.batmessage,xiaomi
夜约同城交友,com.yeyuetongcheng.main,appchina
宠音,net.xiudou.pet,xiaomi
云通讯录,com.pzdf.qihua.txl,xiaomi
秀色-美女秀场,com.showself.ui,appchina qq
音缘交友,cn.ym,appchina
星了个球,com.sinashow.sgame,xiaomi
28星宿,oms.mmc.independent.fortunetelling.fate.xingxiu,appchina
来疯直播,com.youku.crazytogether,appchina
yoyo交友,cn.xinzepin.yy,xiaomi
空间宝,com.qzone.bao,appchina
人脉宝典,com.ruicifang.rmbd,xiaomi
女优百科,com.avstarmagazine.main,appchina
阳新同城,com.yangxintongcheng.forum,xiaomi
太灵通,cn.tlt.forum,xiaomi
斯塔音乐,com.xmht.instamusic,appchina
微光,com.qingqi.dianbo,appchina xiaomi
友星缘,cn.dlc.xingpingrensheng,xiaomi
同城单身约爱,com.huizheng.tclxjy,qq
符号图案,com.xixun.textimage,appchina
茉丽鱼,com.junsiyy.app,xiaomi
值接,com.chuangya.wandawenwen,xiaomi
墨鱼,cn.org.moyu.moyu,xiaomi
盘丝交友,com.psd.live,xiaomi
呱呱视频-美女交友直播,com.guagua.guagua,appchina xiaomi
猫咪语音,com.muchmore.maomivoice,xiaomi
么么直播,com.memezhibo.android,appchina
小调调,com.example.xdd,xiaomi
微见-美女视频聊天交友,com.moqu.dongdong,qq
Wahtapp letest,com.wWahtappletest_8664752,xiaomi
同城约陌连麦,com.callme.sy,xiaomi
易派,com.yiface.inpar.user,xiaomi
卧卧,com.yonglang.wowo,xiaomi
贷款管家,com.xulu.loanmanager,xiaomi
谁叫我起床,com.jianjian.clock.activity,appchina
画友,com.imhuayou,appchina
全民吃瓜,com.dianyou.app.market.dyclient,xiaomi
Vida 微图记,com.moregg.vida,appchina
搞笑谜语,OTbearAnswerGX.namespace,appchina
知了,com.cicada.cicada,xiaomi
魔线,com.yunxun.moxian,appchina
记录爱情侣空间,cn.jiluai,appchina
LOL掌游宝,com.anzogame.lol,xiaomi
空间说说扩列,com.krniu.sskuolie,xiaomi
族记,com.zujifamily,xiaomi
回吧,com.yugong.Backome,xiaomi
红人魔方,com.shanjian.hongye,xiaomi
网值,com.jh.wz,xiaomi
Ami说,com.amigo.emotion,appchina
天天老友,com.ttlaoyou,xiaomi
vv酷视频聊天,air.www.vvku.com,appchina
声秀,com.shvoices.whisper,xiaomi
闺蜜圈,com.vanchu.apps.guimiquan,appchina qq
疯播直播-美女视频,com.fengbo.live,appchina
迷途,cn.xcsj.im.app,xiaomi
一约-专属聊天交友,com.yiyue5.com,xiaomi
兔兔玩友,com.tongdaxing.tutu,xiaomi
百聊,com.shadow.talk,xiaomi
宝宝树孕育,com.babytree.apps.pregnancy,appchina
找谁好,com.scysun.vein,xiaomi
说吧,com.kugou.community,appchina
秘密倾诉,com.cxzapp.yidianling_atk_3,xiaomi
aSM 水木社区客户端,com.athena.asm,appchina
见面了,jianmianwangluo.jianmianle.com,xiaomi
洋葱,com.shuzijiayuan.f2,xiaomi
tataUFO-大学生轻社交平台,com.android.tataufo,appchina xiaomi
人人易恋,com.people.cleave,xiaomi
OU,com.ou.forum,xiaomi
甜友聊天交友,com.tian.you,xiaomi
炫舞小灵通,com.tencent.gamehelper.xw,appchina xiaomi
王者营地,com.tencent.gamehelper.smoba,qq
理工魔方,vip.hrbust.hrbustcube,xiaomi
就是羽泉,com.xingyunhudong.yuquan,appchina
小甜饼,com.bloomsweet.tianbing,xiaomi
来信,com.laixin.app,xiaomi
爱豆,com.idol.android,xiaomi
相亲日记,com.example.admin.blinddatedemo,xiaomi
婚礼相册,com.baihe.marry,appchina
简简单单-约会交友(荐),com.jjdd,appchina
Yes好的,com.yesok.app,xiaomi
天水生活网,com.tianshuishenghuowang.forum,xiaomi
BiBi——匿名聊天，调戏好友，搭讪陌生人,com.renren.mimi.android,appchina
花瓣 - 采集你喜欢的,com.huaban.android,appchina xiaomi
手机PC摄像头,com.kinoni.webcampro,appchina
Linkus,com.yeastar.linkus,xiaomi
扣扣,com.cndw,appchina
地狗出行,com.didi.activity,appchina
大邑微生活,net.duohuo.magapp.dywsh,xiaomi
小半,com.jiayinghudong.xiaoban,xiaomi
像素鸟炫耀器,com.ycm.bird,appchina
